,HomeTeam,Attendance,Attendance_pred
38441,MIN,35462.0,22135.522287990894
38442,MIN,20867.0,22986.20762098433
38443,MIN,17018.0,21018.5025399362
38444,MIN,12932.0,16789.59475130253
38445,MIN,16732.0,15177.16940820657
38446,MIN,17101.0,18200.016016299334
38447,MIN,14257.0,22840.624596208334
38448,MIN,16686.0,20139.1233872517
38449,MIN,16197.0,19575.220128481345
38450,MIN,11803.0,15692.406524220447
38451,MIN,11829.0,14225.459270563095
38452,MIN,19365.0,13898.839471562547
38453,MIN,17509.0,23439.569711371507
38454,MIN,22272.0,21979.77232498708
38455,MIN,14295.0,21114.64808959668
38456,MIN,16156.0,16837.682251832946
38457,MIN,17882.0,17008.10444110544
38458,MIN,20375.0,20117.00480562137
38459,MIN,17657.0,19974.743144292803
38460,MIN,21841.0,22691.763046128966
38461,MIN,22249.0,25718.9027041836
38462,MIN,27195.0,24881.401085307534
38463,MIN,27643.0,21515.326234319087
38464,MIN,22286.0,26075.146895308706
38465,MIN,26646.0,22811.118134508935
38466,MIN,23761.0,26483.82582767442
38467,MIN,22741.0,27599.98204516722
38468,MIN,25350.0,25838.683792476964
38469,MIN,22341.0,23511.750212404964
38470,MIN,25604.0,25141.732596470305
38471,MIN,24929.0,25142.624468044112
38472,MIN,25540.0,23517.867585784963
38473,MIN,20618.0,26666.116499580185
38474,MIN,24424.0,22819.31272326873
38475,MIN,37183.0,24433.293485143266
38476,MIN,38802.0,29467.17158227041
38477,MIN,26907.0,27551.276295283744
38478,MIN,27021.0,28129.802585857222
38479,MIN,28514.0,29977.200010801986
38480,MIN,23225.0,27957.968741867266
38481,MIN,20231.0,23267.83604993349
38482,MIN,23394.0,22292.78574743721
38483,MIN,25044.0,26077.700363673357
38484,MIN,39030.0,25768.241835287372
38485,MIN,29593.0,30404.94749712918
38486,MIN,27471.0,31913.20025104483
38487,MIN,26155.0,29250.623382869268
38488,MIN,22003.0,23715.4848418397
38489,MIN,23093.0,23292.217299066957
38490,MIN,23543.0,26409.51160633989
38491,MIN,22627.0,27865.44822206132
38492,MIN,21781.0,29998.688265487166
38493,MIN,24802.0,24854.26902323731
38494,MIN,18595.0,23552.761031341073
38495,MIN,25246.0,24160.96162071425
38496,MIN,27570.0,28896.331724777152
38497,MIN,25285.0,27851.401057711595
38498,MIN,19581.0,23736.940843095956
38499,MIN,19909.0,22070.34532784192
38500,MIN,19337.0,20955.71332577897
38501,MIN,18595.0,23295.48989313575
38502,MIN,26073.0,22964.02235497957
38503,MIN,19016.0,23055.275251883613
38504,MIN,19005.0,20255.653615395036
38505,MIN,14927.0,19938.365367408627
38506,MIN,16595.0,16240.174178924266
38507,MIN,24896.0,21503.25829487484
38508,MIN,30959.0,25128.908431703276
38509,MIN,24133.0,24719.671110701947
38510,MIN,23647.0,22412.443246696203
38511,MIN,22332.0,25962.25389994365
38512,MIN,23397.0,24681.029138485796
1450,TOR,45022.0,22655.8764526734
1451,TOR,43386.0,29251.69556845841
1452,TOR,31549.0,29515.68701785581
1453,TOR,35415.0,26342.92286785282
1454,TOR,32330.0,32202.23804187432
1455,TOR,27490.0,30582.464680998997
1456,TOR,20981.0,27100.231246565017
1457,TOR,22611.0,24878.998148036808
1458,TOR,20468.0,23927.72211418318
1459,TOR,23144.0,23925.09524146445
1460,TOR,35066.0,27842.680812870254
1461,TOR,40732.0,33107.61287583181
1462,TOR,31802.0,33435.75525143767
1463,TOR,18577.0,22616.49499893934
1464,TOR,22491.0,24674.562878910998
1465,TOR,29057.0,25473.50976806929
1466,TOR,28207.0,23223.780180871585
1467,TOR,22988.0,21295.465788042617
1468,TOR,20472.0,23035.092960983347
1469,TOR,29300.0,23574.830554026903
1470,TOR,39393.0,33002.02191218535
1471,TOR,42323.0,35785.99155540126
1472,TOR,25424.0,22788.95295417597
1473,TOR,23312.0,25049.719241756586
1474,TOR,25250.0,33116.259024858584
1475,TOR,27753.0,27131.852099035998
1476,TOR,36987.0,30901.007483716705
1477,TOR,34088.0,33163.02543272001
1478,TOR,19716.0,20519.715387595992
1479,TOR,23106.0,22477.91487391323
1480,TOR,19961.0,26243.766589723837
1481,TOR,36832.0,28075.47075592772
1482,TOR,44688.0,31404.384853690583
1483,TOR,45055.0,38072.53863001665
1484,TOR,44395.0,39467.71982227653
1485,TOR,25498.0,28138.763960344604
1486,TOR,27140.0,31326.8734131764
1487,TOR,27601.0,31572.272751488046
1488,TOR,22987.0,28868.627322541757
1489,TOR,44445.0,30360.583467396882
1490,TOR,39426.0,38483.16156890131
1491,TOR,24180.0,30969.973700386858
1492,TOR,35757.0,32324.1572795379
1493,TOR,32795.0,25009.050540200304
1494,TOR,30853.0,27970.25226502565
1495,TOR,24426.0,30154.664829768913
1496,TOR,26422.0,26185.232152848785
1497,TOR,40135.0,33221.33266586098
1498,TOR,36681.0,35992.12798078119
1499,TOR,39756.0,26700.651775191218
1500,TOR,36666.0,34339.31134451625
1501,TOR,27080.0,34800.60181012444
1502,TOR,28046.0,31439.58844657182
1503,TOR,42933.0,33467.43818353005
1504,TOR,40298.0,37933.37598715696
1505,TOR,41677.0,32256.42489352085
1506,TOR,44977.0,37869.257691365434
1507,TOR,41002.0,39310.082985973284
1508,TOR,26769.0,28011.2242529074
1509,TOR,37940.0,27020.42792158843
1510,TOR,40141.0,37440.76052190774
1511,TOR,40754.0,31803.584861519623
1512,TOR,45311.0,38205.893313346765
1513,TOR,44318.0,39146.51540572675
1514,TOR,26473.0,28869.051551599736
1515,TOR,33759.0,28319.260971304953
1516,TOR,28572.0,34107.66959952589
1517,TOR,23002.0,26453.763951202884
1518,TOR,23497.0,29228.434702679788
1519,TOR,25103.0,24989.683636875827
1520,TOR,24282.0,27515.69990510324
1521,TOR,23820.0,30229.846867315355
1522,TOR,36573.0,25221.155568386337
1523,TOR,44448.0,35656.86447571246
1524,TOR,41301.0,36653.610735906346
1525,TOR,34307.0,26969.7095562622
1526,TOR,40528.0,30165.337546207047
1527,TOR,37008.0,36562.37042678478
1528,TOR,37283.0,34925.66588935336
1529,TOR,44612.0,37816.10701771704
1530,TOR,43877.0,39905.389420892956
3015,MIA,31184.0,14251.449324405485
3016,MIA,11990.0,17069.701272801867
3017,MIA,13412.0,15053.699909616176
3018,MIA,11476.0,13860.686094611954
3019,MIA,8475.0,11598.053215323906
3020,MIA,8655.0,9902.561019391895
3021,MIA,9670.0,10019.375689803748
3022,MIA,9963.0,11223.562813992981
3023,MIA,29010.0,12302.693369558274
3024,MIA,16741.0,15735.884588373725
3025,MIA,6224.0,12407.082884363264
3026,MIA,6263.0,7620.724302696526
3027,MIA,7356.0,7691.874152525229
3028,MIA,9110.0,8538.242231267195
3029,MIA,12941.0,12521.727263785977
3030,MIA,11729.0,11762.04474343668
3031,MIA,6601.0,8734.494688877758
3032,MIA,8097.0,7987.853183414565
3033,MIA,7566.0,8894.082429848348
3034,MIA,9776.0,11637.97421572534
3035,MIA,13264.0,13308.602348417486
3036,MIA,17908.0,12975.911682617887
3037,MIA,8202.0,14793.434875824856
3038,MIA,6512.0,12321.331146544862
3039,MIA,7515.0,10903.741673504242
3040,MIA,9641.0,10247.691870086097
3041,MIA,7112.0,7987.67323669126
3042,MIA,7193.0,7840.462285012166
3043,MIA,9108.0,7700.942133153926
3044,MIA,11444.0,11686.966480402407
3045,MIA,18722.0,14271.922123417458
3046,MIA,19343.0,16246.183906352746
3047,MIA,13338.0,15166.85771215684
3048,MIA,18741.0,11886.08929964014
3049,MIA,8560.0,15239.818993831577
3050,MIA,8022.0,9696.886751831256
3051,MIA,9524.0,9183.443811217989
3052,MIA,13612.0,10396.798528087196
3053,MIA,10193.0,13400.869303794756
3054,MIA,13497.0,14602.077232067672
3055,MIA,12450.0,12783.403750469442
3056,MIA,9524.0,13487.590150920967
3057,MIA,15131.0,12133.487355464476
3058,MIA,16655.0,16972.765821544028
3059,MIA,17449.0,17049.760792580655
3060,MIA,7701.0,13655.007547012752
3061,MIA,8188.0,9124.15058907304
3062,MIA,8656.0,9754.189561850402
3063,MIA,10459.0,10383.982421113653
3064,MIA,11910.0,10971.365072793722
3065,MIA,7308.0,13574.98393070611
3066,MIA,10902.0,12568.537228164229
3067,MIA,9123.0,8106.180537523559
3068,MIA,9065.0,8534.927372826922
3069,MIA,7273.0,9535.146495775862
3070,MIA,9365.0,9662.672593385912
3071,MIA,23543.0,13039.536019825962
3072,MIA,13617.0,17242.624165760615
3073,MIA,10288.0,12397.333171641942
3074,MIA,7386.0,9952.907834604799
3075,MIA,7420.0,8945.697853113388
3076,MIA,12692.0,10316.891264761574
3077,MIA,17441.0,16716.119242482888
3078,MIA,13234.0,16796.46308123416
3079,MIA,5095.0,11900.92907576435
3080,MIA,5242.0,7648.848823713717
3081,MIA,5801.0,7666.692411818393
3082,MIA,5632.0,8420.030577235964
3083,MIA,7877.0,7911.226594266798
3084,MIA,8315.0,9127.858974163311
3085,MIA,7972.0,8775.833676633567
3086,MIA,8753.0,9841.541631881211
3087,MIA,12240.0,10394.038886262591
3088,MIA,16099.0,15187.541890260694
3089,MIA,13042.0,14468.32302981897
3090,MIA,10767.0,13498.836127997587
3091,MIA,14138.0,10292.43868661348
3092,MIA,12195.0,15438.103778801216
4610,CHN,35112.0,38700.05169181639
4611,CHN,30369.0,38991.413425309394
4612,CHN,32858.0,38333.812740374786
4613,CHN,26615.0,37240.573602619894
4614,CHN,26568.0,34832.555612629796
4615,CHN,26167.0,33160.73928306758
4616,CHN,32341.0,31846.819377045398
4617,CHN,25005.0,35291.19593725811
4618,CHN,39917.0,34520.62219753488
4619,CHN,28387.0,36342.32059379469
4620,CHN,34206.0,33156.442539861026
4621,CHN,36755.0,34912.34630857935
4622,CHN,31520.0,39469.468672998926
4623,CHN,37594.0,39150.83927064748
4624,CHN,31424.0,35436.62502580474
4625,CHN,31119.0,34745.63694718671
4626,CHN,30478.0,35720.09115039443
4627,CHN,31631.0,35719.21291537516
4628,CHN,32631.0,35024.237088323374
4629,CHN,31235.0,35983.132103219585
4630,CHN,32269.0,37478.25402109226
4631,CHN,32606.0,36011.38201894879
4632,CHN,28620.0,37514.8061497063
4633,CHN,39305.0,35361.772952970125
4634,CHN,30596.0,33216.36051003542
4635,CHN,33398.0,34615.133033364276
4636,CHN,30466.0,34442.261975839145
4637,CHN,32482.0,36854.410827791726
4638,CHN,31673.0,37197.754517354304
4639,CHN,32792.0,36895.42487061867
4640,CHN,31424.0,36224.93359997227
4641,CHN,31629.0,34921.16126921962
4642,CHN,29233.0,35443.876814824864
4643,CHN,31570.0,33974.657397715215
4644,CHN,30096.0,34541.76580652736
4645,CHN,35676.0,36105.15253175594
4646,CHN,40755.0,38655.755676804074
4647,CHN,40369.0,38411.88963873019
4648,CHN,32732.0,38027.28780083595
4649,CHN,28987.0,33762.847674022334
4650,CHN,32318.0,33417.07521444712
4651,CHN,34931.0,36009.49550955023
4652,CHN,40298.0,39256.44929142404
4653,CHN,40185.0,38844.58801228939
4654,CHN,31079.0,37544.05787684819
4655,CHN,29529.0,35593.69459100784
4656,CHN,34051.0,34338.79145511101
4657,CHN,34366.0,39924.605232633905
4658,CHN,39219.0,38755.58573812157
4659,CHN,34424.0,36060.3020746212
4660,CHN,37342.0,34090.048413316574
4661,CHN,30978.0,35954.159385641455
4662,CHN,35689.0,37003.4101285251
4663,CHN,36787.0,38593.05605936409
4664,CHN,30177.0,36121.28800781622
4665,CHN,30904.0,37065.1188035391
4666,CHN,37193.0,33940.76940439168
4667,CHN,29019.0,36754.81301366293
4668,CHN,39962.0,35686.486698721055
4669,CHN,35994.0,39514.41223661236
4670,CHN,34525.0,36266.56281000892
4671,CHN,29719.0,37068.75748663974
4672,CHN,28163.0,34663.91816529549
4673,CHN,27273.0,34049.441530046075
4674,CHN,32012.0,32947.59515362823
4675,CHN,28803.0,33654.57279959129
4676,CHN,27600.0,31985.93291843143
4677,CHN,27945.0,31843.078183501075
4678,CHN,23910.0,31249.77841066544
4679,CHN,31309.0,33742.79764665908
4680,CHN,40086.0,37086.28931255268
4681,CHN,30004.0,37274.00266497448
4682,CHN,32069.0,37234.80758960631
4683,CHN,29368.0,34294.47354043758
4684,CHN,23425.0,33470.54081326012
4685,CHN,24297.0,31852.191168745932
4686,CHN,31256.0,35540.06616630036
4687,CHN,30029.0,34311.11144597067
6191,SEA,45023.0,22958.97408605694
6192,SEA,38504.0,30874.84711549911
6193,SEA,26583.0,28533.59245323539
6194,SEA,11067.0,16516.459472164926
6195,SEA,9374.0,14635.691263141816
6196,SEA,12570.0,14160.411731931978
6197,SEA,24206.0,22172.552776260214
6198,SEA,28583.0,28358.633844029966
6199,SEA,28548.0,25008.084596492266
6200,SEA,17027.0,19946.73979578225
6201,SEA,26154.0,24125.471718405675
6202,SEA,31589.0,29388.62124630489
6203,SEA,32501.0,29612.66298463969
6204,SEA,15881.0,19924.71614231702
6205,SEA,16422.0,15425.172544014931
6206,SEA,16387.0,18836.199182734585
6207,SEA,14415.0,18948.481648661775
6208,SEA,14797.0,15107.910956266904
6209,SEA,15856.0,16749.727900455026
6210,SEA,26017.0,26122.02872992106
6211,SEA,24007.0,27332.729947340886
6212,SEA,28986.0,26418.218530544942
6213,SEA,27314.0,33499.82118667222
6214,SEA,37691.0,33146.489854011204
6215,SEA,42900.0,36483.536032033735
6216,SEA,12749.0,18672.164052103755
6217,SEA,13019.0,15603.850810799904
6218,SEA,15329.0,18635.890226181233
6219,SEA,21485.0,18450.38057611653
6220,SEA,37500.0,30036.175860861174
6221,SEA,24071.0,28891.805137509342
6222,SEA,20804.0,28780.893433006968
6223,SEA,39052.0,27442.998919734397
6224,SEA,21615.0,17972.39669665642
6225,SEA,16024.0,17655.04435238664
6226,SEA,17412.0,19080.568745600758
6227,SEA,20860.0,17528.76069667975
6228,SEA,27589.0,29699.106966544736
6229,SEA,23907.0,27534.505074563065
6230,SEA,23333.0,25793.68807189414
6231,SEA,24998.0,26713.19015071137
6232,SEA,32398.0,33740.576840279115
6233,SEA,41210.0,36897.35442433318
6234,SEA,37694.0,37194.40663045115
6235,SEA,45290.0,30275.604579017832
6236,SEA,43197.0,33664.183231154755
6237,SEA,34827.0,33093.0055923588
6238,SEA,23581.0,20336.59568411825
6239,SEA,25837.0,22443.121529689044
6240,SEA,25509.0,28944.439042023183
6241,SEA,42654.0,30690.002450242577
6242,SEA,27065.0,34584.202186526716
6243,SEA,41507.0,33706.30051265353
6244,SEA,34837.0,32325.043280351558
6245,SEA,35843.0,27281.19271725555
6246,SEA,38804.0,29403.892889678995
6247,SEA,43280.0,36325.52996023653
6248,SEA,38254.0,22832.379435279774
6249,SEA,21035.0,32931.20758138085
6250,SEA,24028.0,23387.937980801387
6251,SEA,39870.0,31466.538408812794
6252,SEA,45586.0,32643.520783411706
6253,SEA,45190.0,34374.11572330359
6254,SEA,37109.0,21842.927489359485
6255,SEA,17958.0,19791.130331738652
6256,SEA,15264.0,21805.904480904952
6257,SEA,42114.0,26286.970138989614
6258,SEA,44965.0,34839.42890191083
6259,SEA,45245.0,34863.35388241999
6260,SEA,34740.0,21034.040002653936
6261,SEA,24238.0,30194.273899209606
6262,SEA,23221.0,21467.94107578003
6263,SEA,21863.0,23816.131107975267
6264,SEA,21094.0,18010.092213419837
6265,SEA,44754.0,25612.867611747337
6266,SEA,42512.0,30201.836733439046
6267,SEA,42465.0,30390.469795913203
6268,SEA,23463.0,17415.397070326304
6269,SEA,29668.016615384615,21675.883410939037
6270,SEA,24564.0,17909.43143897021
6271,SEA,22053.0,28862.54739526492
9239,LAN,52995.0,45871.55699348427
9240,LAN,51891.0,51069.39120713971
9241,LAN,51059.0,50455.46410038903
9242,LAN,41167.0,46580.38612558886
9243,LAN,52052.0,43763.79143433761
9244,LAN,51889.0,44958.38394420096
9245,LAN,38888.0,45794.482259253855
9246,LAN,49394.0,46501.68609802086
9247,LAN,52613.0,46992.22253224568
9248,LAN,51172.0,46413.532041927254
9249,LAN,43370.0,45365.71842238218
9250,LAN,52203.0,45351.29207882155
9251,LAN,46539.0,45423.96851139703
9252,LAN,50712.0,47562.68497490217
9253,LAN,50279.0,49430.1851881042
9254,LAN,51869.0,47175.540356455516
9255,LAN,42650.0,42510.52154328514
9256,LAN,42089.0,42625.232954996965
9257,LAN,46850.0,41380.031763310886
9258,LAN,35643.0,44196.10396440429
9259,LAN,46724.0,41456.92045891269
9260,LAN,52686.0,41491.38151203036
9261,LAN,39324.0,39046.32517495258
9262,LAN,48018.0,41049.38528134156
9263,LAN,52505.0,46835.19469494402
9264,LAN,50165.0,47595.14647304161
9265,LAN,48672.0,44753.93784334702
9266,LAN,51013.0,46035.167829341495
9267,LAN,50812.0,46162.71441235549
9268,LAN,48361.0,49808.32603511774
9269,LAN,50078.0,49262.567212323454
9270,LAN,53033.0,47217.30104852743
9271,LAN,53094.0,50604.98625511024
9272,LAN,48076.0,51250.99744826957
9273,LAN,47061.0,50849.308670146165
9274,LAN,42633.0,46430.572706582294
9275,LAN,52072.0,47074.596677919646
9276,LAN,44158.0,50826.26528898837
9277,LAN,45198.0,48400.45179049805
9278,LAN,41824.0,45290.79703865442
9279,LAN,53165.0,49349.004885862436
9280,LAN,51316.0,50885.6943886815
9281,LAN,47749.0,50889.31178873493
9282,LAN,47505.0,47567.70362691111
9283,LAN,48647.0,45007.53214583581
9284,LAN,53302.0,46464.285259791875
9285,LAN,44229.0,44847.24582974567
9286,LAN,52714.0,50796.320954627816
9287,LAN,52124.0,50164.8439917265
9288,LAN,48093.0,49333.622527312735
9289,LAN,47874.0,46531.51486994978
9290,LAN,53432.0,47069.931710432786
9291,LAN,50431.0,51558.43135084815
9292,LAN,51813.0,50229.744175790474
9293,LAN,42125.0,46894.923621564645
9294,LAN,37091.0,45534.44708780099
9295,LAN,53222.0,45790.45316225523
9296,LAN,47216.0,45592.62818453181
9297,LAN,45164.0,50452.5843087252
9298,LAN,46144.0,49279.6259306983
9299,LAN,48522.0,47537.2072658435
9300,LAN,51887.0,46469.75456337906
9301,LAN,39752.0,49664.571253251306
9302,LAN,39237.0,45426.33709193561
9303,LAN,44854.0,43363.65096465601
9304,LAN,43097.0,44036.37458077354
9305,LAN,38902.0,46327.88280728249
9306,LAN,38845.0,40817.05456149056
9307,LAN,47907.0,42601.68424906529
9308,LAN,50041.0,49453.5756682694
9309,LAN,52527.0,49637.99534763099
9310,LAN,48695.0,47245.99870268711
10693,NYA,46097.0,46149.37487208587
10694,NYA,46882.0,47797.86206245089
10695,NYA,40108.0,47382.25852470486
10696,NYA,26211.0,41055.60518943354
10697,NYA,25068.0,35404.50166206239
10698,NYA,30109.0,35084.074294067235
10699,NYA,37255.0,35267.02449671848
10700,NYA,41062.0,39784.41705884152
10701,NYA,39180.0,41667.92266253454
10702,NYA,39050.0,39885.03167164428
10703,NYA,28596.0,38427.946555187016
10704,NYA,31122.0,33845.38926862679
10705,NYA,29268.0,35309.937300472135
10706,NYA,44228.98949969117,36158.101255256486
10707,NYA,40714.0,36148.45736296422
10708,NYA,34866.0,40722.346366087455
10709,NYA,41522.0,35122.229831936595
10710,NYA,42105.0,41106.92349225029
10711,NYA,44001.0,43169.22324832519
10712,NYA,36167.0,36027.248342331324
10713,NYA,44228.98949969117,45114.841699795965
10714,NYA,32187.0,38877.54839499083
10715,NYA,32289.0,34142.202939736446
10716,NYA,39154.0,36002.01205322953
10717,NYA,31242.0,38372.32548425997
10718,NYA,30518.0,35590.07298017995
10719,NYA,33476.0,34427.312054938586
10720,NYA,42026.0,35361.91084497632
10721,NYA,38106.0,43673.43157803139
10722,NYA,38030.0,41251.49426642495
10723,NYA,43446.0,39030.122023956144
10724,NYA,38043.0,43046.464995960516
10725,NYA,39114.0,41676.710398850526
10726,NYA,35692.0,38128.24436169491
10727,NYA,35104.0,38269.605680522975
10728,NYA,39469.0,38502.73354575646
10729,NYA,44071.0,40799.86953998296
10730,NYA,47528.0,42830.64679904774
10731,NYA,45076.0,46537.91736303671
10732,NYA,44028.0,45265.80351563968
10733,NYA,33168.0,41558.04380503895
10734,NYA,38051.0,35166.68465999644
10735,NYA,39647.0,41317.34990428022
10736,NYA,40235.0,41178.24655828706
10737,NYA,36772.0,41086.43320995546
10738,NYA,41311.0,39554.50322879723
10739,NYA,47573.0,43538.18655108838
10740,NYA,47997.0,48850.18686799789
10741,NYA,47958.0,48286.38544361096
10742,NYA,43836.0,43778.75551204848
10743,NYA,42481.0,44778.64023787488
10744,NYA,44081.0,44270.80958180542
10745,NYA,45341.0,45793.15062462351
10746,NYA,36731.0,43640.40596461918
10747,NYA,38735.0,39824.22282932458
10748,NYA,42169.0,40582.877856677405
10749,NYA,42192.0,42572.140609733644
10750,NYA,41083.0,41157.89619708176
10751,NYA,42512.0,40037.131906176925
10752,NYA,41419.0,42016.6292953674
10753,NYA,46194.0,41907.557072036674
10754,NYA,45538.0,46488.080387362126
10755,NYA,46958.0,45589.25069442234
10756,NYA,48760.0,46949.06850754538
10757,NYA,49217.0,45866.4094861972
10758,NYA,38446.0,43788.20805299548
10759,NYA,30157.0,36253.247229674
10760,NYA,44228.98949969117,40842.34815111637
10761,NYA,35551.0,35098.289423505
10762,NYA,46160.0,40504.52992036433
10763,NYA,43088.0,45153.357537638614
10764,NYA,36402.0,43269.25130870469
10765,NYA,40157.0,38256.1545328954
10766,NYA,46175.0,39398.08659504068
10767,NYA,43123.0,48544.49578679612
10768,NYA,47346.0,46234.47692327556
10769,NYA,47611.0,48556.40802630758
10770,NYA,46707.0,48994.69415265642
10771,NYA,47583.0,44857.33839060953
10772,NYA,45428.0,44990.10862611867
10773,NYA,44332.0,44695.071137121995
15403,SFN,40853.0,40949.53968220157
15404,SFN,38885.0,40782.23764356325
15405,SFN,37332.0,40259.431592324676
15406,SFN,23279.0,37395.684286328185
15407,SFN,25560.0,31664.646718430406
15408,SFN,27197.0,31608.074376850476
15409,SFN,32898.0,31709.223114939472
15410,SFN,32014.0,35420.17766760424
15411,SFN,38256.0,34423.35600397985
15412,SFN,33241.0,39580.87244705797
15413,SFN,38451.0,36366.33009749273
15414,SFN,22562.0,38488.118117697595
15415,SFN,28898.0,32099.964236095177
15416,SFN,40113.0,32390.058453735553
15417,SFN,38193.0,40194.905311549046
15418,SFN,31359.0,32773.12636447308
15419,SFN,38916.0,34398.556769102295
15420,SFN,35363.0,39930.13084965475
15421,SFN,25690.0,35744.00449413718
15422,SFN,27683.0,31145.72757448769
15423,SFN,27432.0,31178.774085193123
15424,SFN,39701.0,32542.980752153646
15425,SFN,41236.0,40281.07931698956
15426,SFN,41197.0,41066.35735075827
15427,SFN,22185.0,39082.79483406201
15428,SFN,24386.0,30738.397866889733
15429,SFN,25527.0,31986.768466897724
15430,SFN,29178.0,32946.0421515761
15431,SFN,40115.0,32462.39457623541
15432,SFN,32285.0,40498.58968481292
15433,SFN,28004.0,32342.467611575936
15434,SFN,26576.0,31544.283210489088
15435,SFN,35266.0,32246.62247881382
15436,SFN,30804.0,37796.09201220764
15437,SFN,30155.0,34043.570248304706
15438,SFN,25325.0,31113.955573978372
15439,SFN,23353.0,30815.999220208305
15440,SFN,27055.0,31072.692605714168
15441,SFN,26994.0,31320.526435364798
15442,SFN,28244.0,33047.00600679293
15443,SFN,41279.0,32589.71285517291
15444,SFN,30584.0,40870.307437035764
15445,SFN,32259.0,33051.172970325104
15446,SFN,30376.0,34177.99753365547
15447,SFN,40971.0,34022.16141044844
15448,SFN,33622.0,41109.54137018123
15449,SFN,34865.0,35118.74583681724
15450,SFN,32798.0,35459.3041271831
15451,SFN,35400.0,35070.191730101156
15452,SFN,34640.0,37316.31507706269
15453,SFN,33328.0,36431.1976949134
15454,SFN,38049.0,36364.24873769873
15455,SFN,36471.0,39315.73135169048
15456,SFN,20694.0,36032.889406149436
15457,SFN,20897.0,30861.26619253512
15458,SFN,22649.0,30844.983826970878
15459,SFN,26197.0,31906.8056098182
15460,SFN,24815.0,31411.062925192582
15461,SFN,28267.0,30502.694337151344
15462,SFN,25298.0,30791.73672397758
15463,SFN,32840.0,31912.24131388124
15464,SFN,40010.0,35498.093667078494
15465,SFN,41189.0,40365.180976573196
15466,SFN,23790.0,39046.31571151952
15467,SFN,24872.0,30855.408855270703
15468,SFN,25093.0,30853.67046379892
15469,SFN,37487.0,32776.64512763092
15470,SFN,40171.0,39351.62799658453
15471,SFN,32137.0,41162.25045703103
15472,SFN,28478.0,32236.97783611868
15473,SFN,30630.0,31248.502821411203
15474,SFN,34824.0,33397.2897031453
16977,CLE,33469.0,22980.495323476935
16978,CLE,13187.0,21265.294852573552
16979,CLE,9620.0,13932.801546303135
16980,CLE,9196.0,10790.044727031063
16981,CLE,23133.200371057515,11035.035903062839
16982,CLE,8345.0,11879.216178723704
16983,CLE,23133.200371057515,10881.812380112104
16984,CLE,10244.0,10890.404256184114
16985,CLE,9104.0,11874.722767855676
16986,CLE,23133.200371057515,13957.614970234554
16987,CLE,16819.0,15123.382875732688
16988,CLE,14787.0,15559.72881789591
16989,CLE,12916.0,14580.045265516197
16990,CLE,8510.0,14432.551956091529
16991,CLE,23874.0,19768.001438946416
16992,CLE,15554.0,20444.91327244153
16993,CLE,15271.0,14331.911275971755
16994,CLE,10519.0,14646.537203269178
16995,CLE,12895.0,13016.79870393358
16996,CLE,23133.200371057515,13555.303047653266
16997,CLE,10763.0,13625.05089892805
16998,CLE,10965.0,13161.235439239075
16999,CLE,12995.0,11949.900316136158
17000,CLE,21311.0,20417.099107962844
17001,CLE,22674.0,21561.877900103755
17002,CLE,17776.0,21050.306882728946
17003,CLE,29106.0,22595.93988525185
17004,CLE,27239.0,28138.371862305463
17005,CLE,20663.0,25829.318589377126
17006,CLE,12554.0,16610.282478305224
17007,CLE,12442.0,14777.851636190788
17008,CLE,12145.0,14775.236253234714
17009,CLE,12840.0,14253.859664486643
17010,CLE,17066.0,14303.64066109391
17011,CLE,29236.0,22242.88189397682
17012,CLE,21203.0,21871.56836652538
17013,CLE,26113.0,22816.91351908067
17014,CLE,13655.0,16626.928109536853
17015,CLE,11342.0,15983.963355449681
17016,CLE,11750.0,13856.399261158344
17017,CLE,13987.0,13361.066240012162
17018,CLE,14327.0,17028.457127136862
17019,CLE,27846.0,22732.3355073465
17020,CLE,26789.0,22828.17371225065
17021,CLE,13707.0,16751.477268278435
17022,CLE,14471.0,14497.306796001187
17023,CLE,18642.0,17975.082326739626
17024,CLE,16808.0,21157.843682878174
17025,CLE,24712.0,24008.758304925257
17026,CLE,25327.0,23756.368422599648
17027,CLE,22688.0,21265.681783056913
17028,CLE,23133.200371057515,17384.466628023965
17029,CLE,16980.0,14882.826948386653
17030,CLE,13503.0,16080.600638124179
17031,CLE,14335.0,16179.835443038286
17032,CLE,25521.0,22304.47578338672
17033,CLE,26179.0,24199.42268885552
17034,CLE,12492.0,16096.319846415969
17035,CLE,12221.0,13625.758819530332
17036,CLE,11827.0,14285.844722873964
17037,CLE,21923.0,17494.92787149194
17038,CLE,26254.0,25242.734974437502
17039,CLE,17809.0,20133.17186317153
17040,CLE,12461.0,14294.097212577719
17041,CLE,14419.0,13759.693900695756
17042,CLE,14529.0,17601.128386690336
17043,CLE,11186.0,17876.241469368906
17044,CLE,20669.0,17247.01173988237
17045,CLE,18177.0,19620.354248187094
17046,CLE,24449.0,19794.55972725493
17047,CLE,19601.0,20970.56293294769
17048,CLE,12168.0,16829.4514578212
17049,CLE,10775.0,14417.784456184583
17050,CLE,10674.0,13650.19504018836
17051,CLE,11783.0,13748.922736291584
17052,CLE,19753.0,19048.62824849969
17053,CLE,26982.0,20980.391286957765
17054,CLE,20622.0,20964.16576527924
17055,CLE,18688.0,14949.607838358937
17056,CLE,19455.0,17257.97998504354
17057,CLE,12983.0,19669.24646990068
18571,ATL,40545.0,25921.49573147832
18572,ATL,40234.0,34059.66911567451
18573,ATL,40310.0,38918.1241274854
18574,ATL,38233.0,30512.80673289148
18575,ATL,42263.0,24030.07694756074
18576,ATL,31462.0,26663.10775913719
18577,ATL,31959.0,24614.635984575416
18578,ATL,40402.0,31860.83148452044
18579,ATL,41931.0,36893.446059014765
18580,ATL,38440.0,30434.907715359095
18581,ATL,31990.0,28329.19744096698
18582,ATL,30362.0,26279.215051404346
18583,ATL,34183.0,30622.196603883443
18584,ATL,36307.0,34436.9942548575
18585,ATL,37857.0,37224.39540743617
18586,ATL,36551.0,30529.22911375197
18587,ATL,38378.0,26256.954011349986
18588,ATL,37200.0,29824.76512046995
18589,ATL,40635.0,36308.79356200809
18590,ATL,40490.0,38745.04296492508
18591,ATL,40114.0,30525.289112187715
18592,ATL,41762.0,27455.323494029402
18593,ATL,32274.0,29336.640853310488
18594,ATL,29339.0,28659.457603576586
18595,ATL,33188.0,30881.8287158218
18596,ATL,40064.0,33382.67127669392
18597,ATL,40682.0,36526.08432488253
18598,ATL,39669.0,30234.54932189662
18599,ATL,33981.0,28276.632790232008
18600,ATL,42075.0,28496.15240744702
18601,ATL,39336.0,29138.59813209791
18602,ATL,41404.0,34498.536569028474
18603,ATL,41219.0,36654.04320057686
18604,ATL,35446.0,30271.056003102756
18605,ATL,40589.0,28627.222531658073
18606,ATL,35384.0,31334.156080696437
18607,ATL,38478.0,29406.11458678942
18608,ATL,36870.0,33103.21532747167
18609,ATL,42105.0,38655.08558586554
18610,ATL,42161.0,42057.79340326669
18611,ATL,42217.0,35881.7998400497
18612,ATL,41975.0,34068.486320704586
18613,ATL,35656.0,30913.759171612575
18614,ATL,36718.0,30807.240796974213
18615,ATL,37756.0,33491.30354900715
18616,ATL,41725.0,36171.46472227331
18617,ATL,40632.0,39287.66447244047
18618,ATL,32053.0,29502.70459771616
18619,ATL,42925.0,27839.980231807138
18620,ATL,42217.0,32085.066231385426
18621,ATL,34879.0,33138.308268079454
18622,ATL,42867.0,35752.00028314775
18623,ATL,42827.0,40125.40431935523
18624,ATL,42663.0,32549.765715679358
18625,ATL,41536.0,36067.87870787072
18626,ATL,41682.0,39273.33354659351
18627,ATL,39005.0,30520.21705822509
18628,ATL,38932.0,28535.0808139467
18629,ATL,30380.0,28909.59511485144
18630,ATL,38380.0,26827.905383476213
18631,ATL,37449.0,29162.16567882172
18632,ATL,34308.0,29681.830475732644
18633,ATL,39378.0,30181.372478830548
18634,ATL,42837.0,37089.381581094894
18635,ATL,42893.0,39917.25336936304
18636,ATL,42531.0,32101.61626869403
18637,ATL,42161.0,33272.364626442046
18638,ATL,42405.0,38179.337481774404
18639,ATL,42360.0,32692.807044479057
18640,ATL,42578.0,36449.43531767995
18641,ATL,42542.0,40113.24932250534
18642,ATL,42015.0,31842.66751704276
18643,ATL,33443.0,28102.479284002224
18644,ATL,40224.0,25415.917754560254
18645,ATL,37240.0,29010.82307667899
18646,ATL,42402.0,39084.66196655189
18647,ATL,42561.0,41071.34743684201
18648,ATL,42713.0,33514.99962250976
20149,DET,43480.0,19901.262505934446
20150,DET,17469.0,26021.745553926976
20151,DET,15712.0,19097.196741668
20152,DET,11840.0,14761.224225787304
20153,DET,15781.0,16330.598280298434
20154,DET,10522.0,17235.353709569452
20155,DET,15498.0,15451.405106407756
20156,DET,17268.0,15614.581945403374
20157,DET,21529.0,18273.53131989853
20158,DET,15150.0,16499.483707924144
20159,DET,28878.55466337245,18771.53647216983
20160,DET,12674.0,15620.354959495231
20161,DET,28878.55466337245,16765.79633688558
20162,DET,13844.0,16687.18406978398
20163,DET,15375.0,14926.499245728577
20164,DET,17565.0,16768.571788492864
20165,DET,23941.0,18687.975049429053
20166,DET,28016.0,25123.068157595022
20167,DET,20080.0,22119.533656021806
20168,DET,12764.0,20246.73397872715
20169,DET,26134.0,19995.317042885086
20170,DET,19990.0,24769.71387802449
20171,DET,15191.0,19503.631647656097
20172,DET,12122.0,14215.087795227266
20173,DET,11756.0,16453.752170755124
20174,DET,13211.0,15815.746222930948
20175,DET,17972.0,17390.841104008447
20176,DET,26226.0,21421.664303494537
20177,DET,30738.0,25108.576641290165
20178,DET,29399.0,24086.43486417653
20179,DET,16634.0,21258.572916714154
20180,DET,16450.0,17388.939168312325
20181,DET,20726.0,18447.917358030914
20182,DET,17448.0,20821.378200810206
20183,DET,21996.0,22319.121967233183
20184,DET,28179.0,26598.23597992482
20185,DET,25919.0,24794.253855103638
20186,DET,24349.0,25421.800322618787
20187,DET,23502.0,28187.834951091583
20188,DET,21625.0,25412.211427329465
20189,DET,19737.0,21568.00956910562
20190,DET,24395.0,18781.094631628148
20191,DET,16662.0,22660.702058162722
20192,DET,17829.0,19504.392631995186
20193,DET,34205.0,23320.113381143812
20194,DET,23570.0,27638.93666437338
20195,DET,21647.0,23600.167422217848
20196,DET,24213.0,20970.67856938146
20197,DET,24669.0,25679.429650641137
20198,DET,16595.0,26409.00339600885
20199,DET,21547.0,21556.40389466784
20200,DET,40101.0,27140.172324094747
20201,DET,18395.0,29118.074986959757
20202,DET,16359.0,18997.493753687788
20203,DET,16560.0,16552.964961550766
20204,DET,19036.0,19216.49654286717
20205,DET,28197.0,21913.90686967806
20206,DET,23581.0,26769.32399669549
20207,DET,23064.0,22930.2290370527
20208,DET,21123.0,21279.28678348849
20209,DET,17400.0,22326.46817045831
20210,DET,12536.0,19775.039114929725
20211,DET,13666.0,16539.77947806226
20212,DET,14393.0,17735.374892356464
20213,DET,16067.0,18874.682701983267
20214,DET,15259.0,17726.15771963174
20215,DET,15206.0,15386.041221381627
20216,DET,13054.0,14870.41784199998
20217,DET,13820.0,15050.752655689661
20218,DET,13947.0,16790.159325296267
20219,DET,16335.0,16709.003800960912
20220,DET,17579.0,17180.467365653076
20221,DET,14435.0,18819.631360867817
20222,DET,13334.0,14738.533564715477
20223,DET,12610.0,15820.239252372863
20224,DET,13137.0,16717.158309063296
20225,DET,18505.0,16303.82358168172
20226,DET,18307.0,18567.052877740593
20227,DET,20105.0,18295.76485895279
22702,HOU,42646.0,28355.95573134821
22703,HOU,30212.0,31473.90584635271
22704,HOU,29049.0,26828.561642624027
22705,HOU,36757.0,32252.92651538096
22706,HOU,36075.0,36654.87410887612
22707,HOU,39534.0,35032.13174870597
22708,HOU,27321.0,24979.941083484344
22709,HOU,23796.0,26676.37684535349
22710,HOU,24110.0,24828.33499943956
22711,HOU,24116.0,25069.895525498825
22712,HOU,38020.0,28435.110485546833
22713,HOU,34109.0,34643.61019059563
22714,HOU,36934.0,31126.962887403784
22715,HOU,34593.0,29319.40714815379
22716,HOU,35294.0,32787.7521676127
22717,HOU,37187.0,36553.91382848883
22718,HOU,38745.0,36845.044490914464
22719,HOU,28284.0,28901.678139171792
22720,HOU,26621.0,29228.351968891693
22721,HOU,25412.0,27407.671598625435
22722,HOU,27521.0,26468.727474966592
22723,HOU,30583.0,24223.01640817864
22724,HOU,23752.0,24553.605969675522
22725,HOU,34163.0,29084.541907610073
22726,HOU,31379.0,34352.56725110024
22727,HOU,29341.0,32738.80273312576
22728,HOU,35467.0,32337.336801197373
22729,HOU,36747.0,37343.23114543762
22730,HOU,37709.0,34990.66251151935
22731,HOU,35140.0,29136.37421688951
22732,HOU,35415.0,30341.213165044024
22733,HOU,40674.0,32687.7244219947
22734,HOU,36420.0,36261.71839789677
22735,HOU,35332.0,38960.64706581169
22736,HOU,36048.0,35951.729143897064
22737,HOU,33936.0,28531.79138906525
22738,HOU,28762.0,29479.420242667056
22739,HOU,26534.0,28768.430646209537
22740,HOU,36067.0,27900.710206630734
22741,HOU,39434.0,33693.31855952948
22742,HOU,39125.0,36566.612157886695
22743,HOU,34534.0,33532.23683347469
22744,HOU,39342.0,31201.242003056675
22745,HOU,36225.0,31110.18973328359
22746,HOU,29799.0,32716.96691915285
22747,HOU,38497.0,34936.01945991082
22748,HOU,37385.0,37322.10673118067
22749,HOU,35773.0,35384.93104416388
22750,HOU,35185.0,27803.771695580763
22751,HOU,31229.0,30143.097306398035
22752,HOU,32295.0,30625.707371942164
22753,HOU,30629.0,31911.868070114546
22754,HOU,26670.0,30013.92021164464
22755,HOU,30872.0,29100.443674896167
22756,HOU,31230.0,32980.964146112274
22757,HOU,34078.0,36099.96850222972
22758,HOU,38906.0,33427.6090356525
22759,HOU,32639.0,28021.095531212926
22760,HOU,27070.0,28481.17760612609
22761,HOU,33320.0,26646.241168279448
22762,HOU,31035.0,35136.50289360191
22763,HOU,34526.0,35664.80415932182
22764,HOU,31559.0,33876.282503124996
22765,HOU,35162.0,27340.27396000056
22766,HOU,26803.0,28467.739666315872
22767,HOU,26239.0,28352.0927818568
22768,HOU,33509.0,32354.707632662354
22769,HOU,38533.0,36920.71168535925
22770,HOU,32901.0,35965.497360589
22771,HOU,26543.0,27823.492355609473
22772,HOU,33850.0,30432.28529319283
22773,HOU,33419.0,36075.984751383265
22774,HOU,30375.0,32553.447096048883
22775,HOU,37480.0,28113.560633900957
22776,HOU,35670.0,30517.791009792807
22777,HOU,37349.0,35798.88241569084
22778,HOU,37406.0,36830.577106654324
22779,HOU,35809.0,35422.72571426538
22780,HOU,32324.0,29778.99159336654
22781,HOU,32032.0,31309.94424995217
22782,HOU,32432.0,31113.42024737146
24281,TEX,21440.0,18783.555340406994
24282,TEX,28723.0,28448.946361362166
24283,TEX,34493.0,35091.012225301674
24284,TEX,22650.0,27108.74968774488
24285,TEX,17420.0,24688.7422253552
24286,TEX,16469.0,18826.78463752891
24287,TEX,20399.0,21280.84924289826
24288,TEX,19484.0,22516.38280692755
24289,TEX,25829.0,24773.529790223627
24290,TEX,36097.0,32410.417173869428
24291,TEX,38316.0,25628.568953724218
24292,TEX,15407.0,23136.193206643886
24293,TEX,15561.0,18928.04154072348
24294,TEX,14994.0,18772.040346238744
24295,TEX,28324.0,25869.426729739702
24296,TEX,34462.0,37188.84858928848
24297,TEX,27607.0,30094.722842374395
24298,TEX,15110.0,19552.519705089773
24299,TEX,17727.0,19398.230267638355
24300,TEX,20366.0,20016.48710249672
24301,TEX,25605.0,20626.869109024658
24302,TEX,16317.0,19642.937957273592
24303,TEX,20634.0,19841.05739174283
24304,TEX,17097.0,20380.709096731258
24305,TEX,25378.0,21908.554132196226
24306,TEX,28794.0,31648.83991761046
24307,TEX,27427.0,22757.07325506622
24308,TEX,29805.0,27955.810418686186
24309,TEX,29370.0,29736.65219143779
24310,TEX,24992.0,33366.59884417676
24311,TEX,29153.0,24315.71236686145
24312,TEX,20704.0,29600.782158105416
24313,TEX,28854.0,28453.351937412535
24314,TEX,36183.0,33851.79459600616
24315,TEX,34220.0,26556.276240724023
24316,TEX,30392.0,31904.152472718648
24317,TEX,35427.0,31271.34123444522
24318,TEX,24751.0,24679.035997869105
24319,TEX,20660.0,21410.506320113058
24320,TEX,17485.0,20181.589073354895
24321,TEX,22394.0,21844.259849392543
24322,TEX,19243.0,20894.842412668557
24323,TEX,26494.0,24531.325600854958
24324,TEX,35761.0,32323.517348849942
24325,TEX,26378.0,26033.43010031909
24326,TEX,19161.0,19212.619297074223
24327,TEX,21622.0,18956.53990658697
24328,TEX,20221.0,21585.802842110406
24329,TEX,20972.0,20001.345638898223
24330,TEX,25470.0,25523.904895618092
24331,TEX,38275.0,29608.60701764829
24332,TEX,29579.0,25296.314640274184
24333,TEX,22622.0,31299.888959312033
24334,TEX,31621.0,30539.67505395093
24335,TEX,25560.0,25128.1752344704
24336,TEX,13121.0,20444.788709120076
24337,TEX,15260.0,19198.009516541948
24338,TEX,14846.0,19949.204512931236
24339,TEX,16495.0,19373.212588042235
24340,TEX,20357.0,21593.645233794752
24341,TEX,34357.0,24274.50405281692
24342,TEX,24938.0,23112.648017383828
24343,TEX,25566.0,25466.39898242695
24344,TEX,19607.0,26928.957688760987
24345,TEX,21329.0,22119.334211081543
24346,TEX,28340.0,28102.433461949022
24347,TEX,20984.0,21862.583660173004
24348,TEX,14925.0,20061.336864780853
24349,TEX,25700.0,19362.120751887895
24350,TEX,19472.0,21642.809556456785
24351,TEX,20959.0,22903.10535128653
24352,TEX,16223.0,20671.363632834433
24353,TEX,34862.0,22085.044437119526
24354,TEX,28415.0,32437.342406460066
24355,TEX,31845.0,21046.42110074946
24356,TEX,35906.0,28453.204941964563
24357,TEX,38832.0,31081.38752682222
24358,TEX,30553.0,30148.665431151196
24359,TEX,28056.0,33689.40874972138
25868,CHA,36948.0,14541.588564389978
25869,CHA,12291.0,16892.95046557343
25870,CHA,13391.0,12047.542865695661
25871,CHA,19009.0,14921.728746037847
25872,CHA,27113.0,22023.43991377165
25873,CHA,17798.0,19690.34120753503
25874,CHA,12031.0,14648.93322870242
25875,CHA,12363.0,13343.605922217339
25876,CHA,11242.0,13077.382084244133
25877,CHA,23709.0,14994.7737336001
25878,CHA,33762.0,21020.36259804356
25879,CHA,27664.0,20168.358650613627
25880,CHA,13112.0,16398.885984600434
25881,CHA,17168.0,13516.515899562704
25882,CHA,16025.0,16955.330842770865
25883,CHA,20050.0,22179.284010347168
25884,CHA,28877.0,26001.255854302373
25885,CHA,32830.0,27728.13213258452
25886,CHA,29500.0,26358.1311679702
25887,CHA,21835.0,20209.171230880835
25888,CHA,21075.0,19045.64941822721
25889,CHA,24896.0,21121.06644829454
25890,CHA,37820.0,27355.21707728917
25891,CHA,38080.0,28358.67828662677
25892,CHA,25625.0,22200.62938577738
25893,CHA,25078.0,19127.083032313232
25894,CHA,25482.0,20298.281904196414
25895,CHA,24270.0,23155.633163099705
25896,CHA,30221.0,25092.11952319332
25897,CHA,31096.0,24777.510419484257
25898,CHA,22482.0,21437.014814699156
25899,CHA,20529.0,19461.098058422373
25900,CHA,19406.0,20943.642350235004
25901,CHA,22431.0,21763.686858129742
25902,CHA,27943.0,23293.535364068168
25903,CHA,29282.0,27473.367230998738
25904,CHA,29191.0,27020.33230947838
25905,CHA,32483.0,21650.157621316448
25906,CHA,18566.0,21628.69372365926
25907,CHA,18393.0,20320.430010088083
25908,CHA,21876.0,23134.609384368145
25909,CHA,29215.0,24479.678239833185
25910,CHA,29215.0,27549.06851671218
25911,CHA,31072.0,26602.225747091703
25912,CHA,31379.0,24429.199865405575
25913,CHA,26329.0,27831.979163604246
25914,CHA,18518.0,28726.902646770446
25915,CHA,30831.0,25272.806631559997
25916,CHA,28503.0,25781.886672114037
25917,CHA,28142.0,28351.031220257006
25918,CHA,30028.0,26144.756028987875
25919,CHA,17500.0,22582.718880855515
25920,CHA,24361.0,18206.943161459792
25921,CHA,19753.0,22391.642533825354
25922,CHA,33015.0,23865.6567787868
25923,CHA,29458.0,28324.86750225306
25924,CHA,32154.0,27280.104545185048
25925,CHA,18205.0,25294.896645880734
25926,CHA,23476.0,20928.10438541731
25927,CHA,24671.0,21956.68856574284
25928,CHA,24407.0,23709.394972640242
25929,CHA,33054.0,23030.835116750033
25930,CHA,25837.0,27008.790580042878
25931,CHA,29781.0,22617.465348467253
25932,CHA,17130.0,17564.70828770248
25933,CHA,17168.0,16107.89609822764
25934,CHA,15257.0,16919.638804988088
25935,CHA,24818.0,18412.378355498873
25936,CHA,31655.0,23038.891481291987
25937,CHA,32305.0,24379.60593396944
25938,CHA,23242.0,15991.863816200019
25939,CHA,22606.0,20061.13927002433
25940,CHA,23395.0,19679.08799841652
25941,CHA,33257.0,23129.6254369481
25942,CHA,36177.0,26447.286259697175
25943,CHA,33549.0,27144.57078688268
25944,CHA,22891.0,20287.72576579063
25945,CHA,24884.0,17563.534611398278
25946,CHA,18918.0,20608.58175861124
27399,BOS,36266.0,35904.17418119527
27400,BOS,34990.0,36158.1807054058
27401,BOS,28858.0,35524.39228457959
27402,BOS,32514.0,33721.16634920606
27403,BOS,31640.0,34522.26669179595
27404,BOS,33354.0,34192.137701772044
27405,BOS,35792.0,34735.76279319356
27406,BOS,29793.0,35064.49969211442
27407,BOS,27679.0,32514.54559514542
27408,BOS,29476.0,32778.78922547372
27409,BOS,30944.0,33346.09419369082
27410,BOS,33026.0,33753.08281806406
27411,BOS,28602.0,33389.37273995363
27412,BOS,29706.0,33175.340411316574
27413,BOS,27328.0,33550.59071399394
27414,BOS,31717.0,32931.831391260486
27415,BOS,29783.0,34078.21334786191
27416,BOS,30842.0,32935.62770630463
27417,BOS,34832.0,32817.64672860815
27418,BOS,33896.0,34754.47035298827
27419,BOS,29251.0,34726.80175266983
27420,BOS,28491.0,32650.34746251786
27421,BOS,26912.0,33147.36474220325
27422,BOS,35715.0,33225.94771708476
27423,BOS,24809.0,35687.01905013035
27424,BOS,28577.0,32608.473807328402
27425,BOS,30219.0,32719.272929153616
27426,BOS,32617.0,33056.617939010306
27427,BOS,31877.0,34380.24602210707
27428,BOS,30779.0,33605.48673064117
27429,BOS,35251.0,33256.344709678146
27430,BOS,36141.0,35094.81438827003
27431,BOS,35989.0,35982.32064620095
27432,BOS,34811.0,35340.54775668307
27433,BOS,29168.0,34787.82555718274
27434,BOS,35180.0,32885.744394215166
27435,BOS,36473.0,35701.0132562661
27436,BOS,31113.0,36412.62184362334
27437,BOS,33735.0,33438.34619841052
27438,BOS,36876.0,34879.544407588015
27439,BOS,36841.0,36757.55227728572
27440,BOS,36945.0,36679.324804970725
27441,BOS,37291.0,35861.614057838975
27442,BOS,36796.0,36677.76320448983
27443,BOS,35821.0,36866.47996301839
27444,BOS,34404.0,36145.61670675875
27445,BOS,32529.0,34955.02616417975
27446,BOS,32483.0,34474.943878608814
27447,BOS,32919.0,34749.58208280299
27448,BOS,32122.0,34873.178899281265
27449,BOS,34193.0,34131.335625859414
27450,BOS,35867.0,34995.903300144724
27451,BOS,35231.0,35725.32279759669
27452,BOS,34972.0,35834.530386467035
27453,BOS,35406.0,34865.70094840438
27454,BOS,33927.0,36042.628953245185
27455,BOS,36434.0,35076.68026075431
27456,BOS,36672.0,36640.64477595503
27457,BOS,36581.0,36759.15176182382
27458,BOS,30963.0,36537.65108095298
27459,BOS,31840.0,33392.3407137728
27460,BOS,30527.0,34313.40045614442
27461,BOS,30095.0,33743.28019464347
27462,BOS,34036.0,33470.53568797581
27463,BOS,29116.0,34585.72808407051
27464,BOS,31340.0,33473.48812802783
27465,BOS,31628.0,32593.69585129038
27466,BOS,31474.0,33318.1147520337
27467,BOS,32422.0,33433.06180980855
27468,BOS,34250.0,34174.78550715484
27469,BOS,36581.0,34522.15907552518
27470,BOS,33181.0,35387.684387958856
27471,BOS,34925.0,33677.68307841746
27472,BOS,31199.0,34991.71675948757
27473,BOS,25634.0,33496.81332748585
27474,BOS,30765.0,33252.4476404782
27475,BOS,33073.0,32652.46468794414
27476,BOS,29779.0,34334.651286847926
27477,BOS,26633.0,32768.9630547171
27478,BOS,26477.0,32522.696335027173
27479,BOS,26695.0,32139.074826010434
28918,WAS,35052.0,23533.862932173393
28919,WAS,25677.0,27069.109998171713
28920,WAS,21369.0,22633.866289335092
28921,WAS,23158.0,21935.158445934514
28922,WAS,11720.0,14842.627550908574
28923,WAS,9261.0,21377.909030920935
28924,WAS,15774.0,15492.954688114833
28925,WAS,14424.0,17254.83414253328
28926,WAS,23751.0,17979.053114793744
28927,WAS,27799.0,22768.07683453722
28928,WAS,26003.0,23579.94150456171
28929,WAS,12613.0,20435.230543670044
28930,WAS,13356.0,15550.873814715447
28931,WAS,12454.0,16146.918611835146
28932,WAS,21955.0,16839.695619029288
28933,WAS,19715.0,21689.393599050574
28934,WAS,21213.0,20288.46594650094
28935,WAS,18433.0,21698.175864947425
28936,WAS,22949.0,19949.05557684556
28937,WAS,25915.0,22689.202286266755
28938,WAS,22423.0,23843.238488838007
28939,WAS,22418.0,22810.567842889537
28940,WAS,23341.0,22439.884615004776
28941,WAS,26111.0,25084.388835923455
28942,WAS,25265.0,25319.464960943318
28943,WAS,22549.0,25472.171521601074
28944,WAS,20571.0,22023.341327575516
28945,WAS,24490.0,21540.443480751146
28946,WAS,21153.0,24234.92036611449
28947,WAS,19944.0,21530.917494114467
28948,WAS,15501.0,21786.462467306854
28949,WAS,24785.0,18507.788963459996
28950,WAS,42730.0,25582.899994738294
28951,WAS,32261.0,36311.93798806288
28952,WAS,18213.0,21062.71615407232
28953,WAS,22575.0,18407.692616986253
28954,WAS,19870.0,21300.64744278008
28955,WAS,23794.0,20887.15498504747
28956,WAS,19674.0,24239.004455715898
28957,WAS,25385.0,20676.93452595296
28958,WAS,25129.0,23267.81428412788
28959,WAS,16260.0,22875.249420583168
28960,WAS,19869.0,18267.887672190252
28961,WAS,25577.0,22130.50135736685
28962,WAS,30409.0,25549.96752067901
28963,WAS,37880.0,28975.647182091805
28964,WAS,26043.0,35720.17030962108
28965,WAS,30170.0,25213.37299418322
28966,WAS,34440.0,28999.10341142783
28967,WAS,28738.0,30872.78248847264
28968,WAS,29034.0,21041.021896507344
28969,WAS,29878.0,22863.38802264908
28970,WAS,27851.0,26304.057347767994
28971,WAS,35390.0,25841.345824960146
28972,WAS,33661.0,32263.838266366536
28973,WAS,27498.0,29327.11774817725
28974,WAS,25467.0,22735.46426346321
28975,WAS,26362.0,24575.666725033745
28976,WAS,28302.0,26419.903758570374
28977,WAS,31256.0,27647.171693671928
28978,WAS,30325.0,28687.95389964914
28979,WAS,31411.0,27246.669908499123
28980,WAS,26321.0,24162.353239700944
28981,WAS,26416.0,23873.11126281542
28982,WAS,26877.0,24581.42634594154
28983,WAS,31679.0,22543.20616610745
28984,WAS,32497.0,28021.856960233403
28985,WAS,24931.0,29313.141995662554
28986,WAS,34179.0,25132.547037303502
28987,WAS,31638.0,29325.6830961801
28988,WAS,24684.0,20169.044252792588
28989,WAS,23281.0,23599.015301576277
28990,WAS,24876.0,22267.31239725402
28991,WAS,24682.0,25328.133556664947
28992,WAS,36841.0,27327.49705466662
28993,WAS,29808.0,25234.612601491222
28994,WAS,32779.0,32765.09611901642
32104,MIL,42794.0,32392.016471301416
32105,MIL,26874.0,35520.40038497447
32106,MIL,26356.0,35654.64999780562
32107,MIL,23001.0,32188.483906319278
32108,MIL,21512.0,25344.29810611782
32109,MIL,22747.0,24443.91792766814
32110,MIL,20790.0,23542.803310288615
32111,MIL,21186.0,24976.81450102319
32112,MIL,29062.0,31679.726001401646
32113,MIL,37263.0,37392.565226950246
32114,MIL,35137.0,37498.10748526068
32115,MIL,21961.0,24827.667115019183
32116,MIL,25413.0,23637.786698218897
32117,MIL,21715.0,25872.157482632756
32118,MIL,25880.0,25232.913158218784
32119,MIL,28910.0,25487.728975498256
32120,MIL,27014.0,28914.635574436365
32121,MIL,29609.0,30865.185847987923
32122,MIL,34837.0,37216.57943089212
32123,MIL,39822.0,37305.97292442082
32124,MIL,21451.0,31115.372925339725
32125,MIL,30019.0,30446.752691148668
32126,MIL,37376.0,37502.63853492135
32127,MIL,32285.0,37684.164006611434
32128,MIL,27109.0,27344.972138540663
32129,MIL,29353.0,28349.329864240826
32130,MIL,27306.0,31799.426585386198
32131,MIL,28100.0,28325.16241487032
32132,MIL,30208.0,29193.90764792543
32133,MIL,27986.0,30294.65409729082
32134,MIL,32550.0,31744.06815521672
32135,MIL,32166.0,35597.278156649954
32136,MIL,34768.0,39354.298707248636
32137,MIL,35503.0,38125.31344014864
32138,MIL,41981.0,34424.26962347912
32139,MIL,30561.0,31968.660012747405
32140,MIL,32696.0,35237.038776665264
32141,MIL,29471.0,33980.38375256977
32142,MIL,35384.0,37965.11646852129
32143,MIL,32967.0,37705.79504256718
32144,MIL,28596.0,28422.58225970625
32145,MIL,35914.0,33035.93850674744
32146,MIL,33239.0,32916.44705741748
32147,MIL,35784.0,39322.040702521226
32148,MIL,40063.0,37407.069881704476
32149,MIL,30030.0,30527.35128367968
32150,MIL,30644.0,34706.36170573007
32151,MIL,27084.0,31555.536484633412
32152,MIL,32948.0,28906.756968505593
32153,MIL,30259.0,32958.70861220406
32154,MIL,37403.0,34159.004321601504
32155,MIL,33549.0,37526.26129310792
32156,MIL,40901.0,40583.251021815646
32157,MIL,39035.0,41135.76408366361
32158,MIL,23009.0,30608.667218330156
32159,MIL,24764.0,25691.07579297105
32160,MIL,25240.0,25659.147581703182
32161,MIL,31888.484904497844,28473.03369250574
32162,MIL,23019.0,24817.678290505068
32163,MIL,33660.0,25632.963806529307
32164,MIL,34615.0,36210.25809845509
32165,MIL,42482.0,34418.6750544092
32166,MIL,36011.0,34450.773256035674
32167,MIL,41210.0,38327.894950833186
32168,MIL,35964.0,38797.96333456127
32169,MIL,25671.0,30756.602976944996
32170,MIL,26319.0,29107.801486910925
32171,MIL,25204.0,30646.961582169584
32172,MIL,29341.0,28666.563676188114
32173,MIL,28835.0,29577.75323158518
32174,MIL,23122.0,29535.12013446481
32175,MIL,31945.0,29717.569517635846
32176,MIL,30686.0,35608.43497016794
32177,MIL,31053.0,32472.48429250211
32178,MIL,18612.0,28988.846717247266
32179,MIL,19611.0,22309.826933458422
32180,MIL,18765.0,19736.66127889729
36859,PHI,44232.0,32416.436117938505
36860,PHI,41622.0,40016.024556029624
36861,PHI,33507.0,36419.69149197432
36862,PHI,22317.0,27864.916869908713
36863,PHI,26045.0,27241.880074476554
36864,PHI,31190.0,31254.409884927183
36865,PHI,29285.0,28800.394764139524
36866,PHI,30612.0,33045.17002580197
36867,PHI,26175.0,32827.201143270984
36868,PHI,27788.0,27305.66840625932
36869,PHI,21315.0,29591.406078521624
36870,PHI,24040.0,26880.689325089435
36871,PHI,33103.0487053021,32740.279509985397
36872,PHI,37133.0,32044.28590839969
36873,PHI,29200.0,28347.38420588219
36874,PHI,27655.0,29242.085181516297
36875,PHI,30146.0,25147.630402344163
36876,PHI,30025.0,29005.934156937376
36877,PHI,32068.0,33411.90604743534
36878,PHI,34021.0,33296.11058424731
36879,PHI,26650.0,26892.418719351543
36880,PHI,20927.0,26465.552031540064
36881,PHI,22213.0,27538.25462484148
36882,PHI,28721.0,27569.430422179692
36883,PHI,36313.0,33149.52289352686
36884,PHI,34801.0,34114.637849063736
36885,PHI,37423.0,27457.27812499929
36886,PHI,30820.0,35878.63559553329
36887,PHI,41218.0,32215.360460706044
36888,PHI,22701.0,32484.548391216107
36889,PHI,28073.0,26575.3802321373
36890,PHI,24726.0,31612.83116251858
36891,PHI,27725.0,28758.215925683962
36892,PHI,25621.0,29862.743415094585
36893,PHI,30131.0,27814.509658135823
36894,PHI,36077.0,28824.35909076615
36895,PHI,27657.0,34097.38049817923
36896,PHI,44225.0,32463.53706718557
36897,PHI,20217.0,34485.80812954839
36898,PHI,22369.0,28709.237615231756
36899,PHI,22104.0,25877.818367933207
36900,PHI,27775.0,28096.852593625772
36901,PHI,38542.0,32469.020369987593
36902,PHI,29079.0,34604.13899525704
36903,PHI,25452.0,25429.361892833513
36904,PHI,27486.0,27986.725924994196
36905,PHI,29038.0,30970.432742055647
36906,PHI,35393.0,29966.073584336395
36907,PHI,22024.0,28791.725644396713
36908,PHI,27078.0,29999.926971729892
36909,PHI,28672.0,29611.117916623338
36910,PHI,22087.0,26794.44653734484
36911,PHI,23021.0,30084.35437165408
36912,PHI,25444.0,26551.43386588863
36913,PHI,43176.0,27073.423237819632
36914,PHI,36809.0,39578.20867955671
36915,PHI,39374.0,35924.1735453912
36916,PHI,35801.0,35465.496277643666
36917,PHI,19166.0,29024.239092105996
36918,PHI,20220.0,28511.00570153075
36919,PHI,24400.0,30509.707249725157
36920,PHI,21123.0,28824.234077831326
36921,PHI,30546.0,30651.217772615164
36922,PHI,37105.0,34056.10687913282
36923,PHI,30355.0,35928.027417035286
36924,PHI,17145.0,26864.96354505715
36925,PHI,17755.0,27131.210878173617
36926,PHI,19073.0,27689.846606670264
36927,PHI,22304.0,28334.16783270609
36928,PHI,37185.0,30125.26282678859
36929,PHI,23802.0,35180.97060788113
36930,PHI,21129.0,27732.675134064146
36931,PHI,29363.0,30368.76820157162
36932,PHI,21276.0,28887.35181402258
36933,PHI,28013.0,29285.736216469275
36934,PHI,36692.0,32497.986912293814
36935,PHI,32090.0,34217.3869836756
41545,NYN,43820.0,30793.43182884106
41546,NYN,37935.0,36110.0692979903
41547,NYN,24515.0,33520.40041348438
41548,NYN,33173.40951204447,30371.94626169787
41549,NYN,27490.0,27464.742486217718
41550,NYN,30050.0,30065.00430050953
41551,NYN,28760.0,31948.276131505543
41552,NYN,32416.0,30994.223047255186
41553,NYN,40036.0,34565.098781105014
41554,NYN,30608.0,29546.947502043222
41555,NYN,23413.0,29136.90487995192
41556,NYN,33173.40951204447,28618.359655016422
41557,NYN,27206.0,25896.401614052196
41558,NYN,23973.0,30922.878011210378
41559,NYN,36629.0,32741.599606835334
41560,NYN,37140.0,35958.53579174544
41561,NYN,38476.0,33995.90764750363
41562,NYN,27457.0,26967.490407575136
41563,NYN,33173.40951204447,30878.055777491136
41564,NYN,32798.0,28260.927193760603
41565,NYN,28801.0,34172.704718603265
41566,NYN,30175.0,34175.87121708056
41567,NYN,37455.0,33371.669885496565
41568,NYN,36513.0,32711.914598900352
41569,NYN,22007.0,29777.197415059745
41570,NYN,25263.0,26180.566606315333
41571,NYN,25417.0,29936.5753534012
41572,NYN,28495.0,30578.26143497706
41573,NYN,25422.0,29001.557768616807
41574,NYN,25002.0,28381.05484031547
41575,NYN,36111.0,31059.882834176977
41576,NYN,40021.0,33937.302294385336
41577,NYN,41255.0,34786.03725871114
41578,NYN,34947.0,30586.087862720513
41579,NYN,36673.0,31436.146368963444
41580,NYN,29230.0,34760.80889979447
41581,NYN,35639.0,31775.180212673018
41582,NYN,26494.0,36488.811565559685
41583,NYN,25241.0,30820.077848398825
41584,NYN,30555.0,27965.57876947706
41585,NYN,25208.0,31011.452146063588
41586,NYN,43336.0,33927.39825238872
41587,NYN,34774.0,33604.43604776786
41588,NYN,36855.0,33050.369691482796
41589,NYN,39359.0,34756.16545414493
41590,NYN,35475.0,33256.9811837073
41591,NYN,42364.0,35858.462484852644
41592,NYN,43693.0,38534.607908302954
41593,NYN,38693.0,35988.60352867524
41594,NYN,40305.0,36473.34962802286
41595,NYN,37452.0,36959.49370647737
41596,NYN,37790.0,38793.90544358278
41597,NYN,37717.0,36078.91916949652
41598,NYN,28448.0,33908.15787999893
41599,NYN,30816.0,29175.45694476584
41600,NYN,36883.0,31437.33586062884
41601,NYN,38467.0,34545.0928728072
41602,NYN,43857.0,38011.59137245967
41603,NYN,40513.0,36222.93897433769
41604,NYN,40607.0,34404.54691079961
41605,NYN,41799.0,36897.12663372478
41606,NYN,36908.0,36633.94613234765
41607,NYN,33630.0,35630.38033113424
41608,NYN,33509.0,36584.549789073164
41609,NYN,31711.0,34632.37291148027
41610,NYN,28081.0,29326.926839403844
41611,NYN,26435.0,29141.830231770567
41612,NYN,28522.0,27973.374206230383
41613,NYN,25683.0,27302.044087007198
41614,NYN,28928.0,30674.585686263446
41615,NYN,40111.0,33277.78545818316
41616,NYN,36291.0,31919.137117209168
41617,NYN,29067.0,28822.128917033002
41618,NYN,28228.0,26164.70047984508
41619,NYN,33173.40951204447,29946.917326452356
41620,NYN,23649.0,26843.406005807225
41621,NYN,27298.0,26433.96586613889
43064,SLN,46256.0,40812.24732015988
43065,SLN,45025.0,42954.97291765747
43066,SLN,40027.0,42798.73067588654
43067,SLN,40398.0,40377.45864683393
43068,SLN,35455.0,40490.78115582983
43069,SLN,32215.0,35954.378574686205
43070,SLN,34822.0,35090.444819511504
43071,SLN,33464.0,35130.34606635458
43072,SLN,40753.0,38446.673239911215
43073,SLN,40144.0,41980.310367255275
43074,SLN,45123.0,39643.11329862881
43075,SLN,33963.0,40069.26248241843
43076,SLN,33649.0,35134.2087508311
43077,SLN,34533.0,34885.0409120689
43078,SLN,35198.0,36055.71790803333
43079,SLN,39612.0,40425.20641324109
43080,SLN,44537.0,42571.53728813632
43081,SLN,39703.0,41356.56974894473
43082,SLN,36033.0,39597.537192399635
43083,SLN,33797.0,37690.66640760631
43084,SLN,35107.0,36081.150903349204
43085,SLN,39077.0,40012.098337492185
43086,SLN,45594.0,42446.17145813291
43087,SLN,44169.0,43432.90153339613
43088,SLN,42140.0,38366.2266531879
43089,SLN,33418.0,39125.68715417515
43090,SLN,34268.0,35611.33281231945
43091,SLN,45009.0,39953.3429952342
43092,SLN,43832.0,44603.41664271195
43093,SLN,43083.0,42877.44428084179
43094,SLN,37398.0,38522.18548674231
43095,SLN,31193.0,38428.24994570307
43096,SLN,33977.0,35024.72430857816
43097,SLN,38658.0,36581.88623720333
43098,SLN,46524.0,43203.867199662454
43099,SLN,45159.0,45777.19659556066
43100,SLN,44824.0,42611.48291703472
43101,SLN,34701.0,38834.8293484228
43102,SLN,32065.0,35780.324925462
43103,SLN,35674.0,35732.99086929238
43104,SLN,41100.0,39954.03127961699
43105,SLN,41853.0,42609.37921947182
43106,SLN,36112.0,40638.60452973719
43107,SLN,34399.0,37450.01456803892
43108,SLN,37150.0,36152.05455667138
43109,SLN,39292.0,39655.933782286294
43110,SLN,40062.0,39899.29162821128
43111,SLN,41221.0,42960.78590359033
43112,SLN,41014.0,42586.84848238425
43113,SLN,44344.0,41412.18285598432
43114,SLN,44669.0,42508.348766208925
43115,SLN,41734.0,43544.821615235705
43116,SLN,46940.0,44004.88404399249
43117,SLN,48581.0,44104.4993761995
43118,SLN,46472.0,44208.07381599214
43119,SLN,45669.0,43905.08081152604
43120,SLN,45905.0,44100.476826790655
43121,SLN,44142.0,43350.724974414734
43122,SLN,46027.0,40594.72286273916
43123,SLN,46119.0,44554.491047019816
43124,SLN,42897.0,43624.08285012172
43125,SLN,44491.0,44740.711313593805
43126,SLN,47816.0,45164.2745369759
43127,SLN,46642.0,45058.542583426795
43128,SLN,45779.0,42223.113641332995
43129,SLN,37629.0,41146.879490855776
43130,SLN,34715.0,38851.840809713816
43131,SLN,40437.0,35494.454802767425
43132,SLN,42047.0,40103.35244048
43133,SLN,46459.0,40740.337497994056
43134,SLN,44901.0,42158.048066740084
43135,SLN,47118.0,41662.82549039163
43136,SLN,46678.0,44752.849921279565
43137,SLN,48299.0,44678.844424001174
43138,SLN,47909.0,44452.185411068276
43139,SLN,47032.0,43440.35683484724
43140,SLN,46365.0,43754.86224847199
43141,SLN,46680.0,43669.39436885245
44659,SDN,44844.0,27609.659878537583
44660,SDN,41993.0,34602.766488709596
44661,SDN,36924.0,37888.61183538703
44662,SDN,37694.0,32259.604293685024
44663,SDN,31121.0,22190.046428684913
44664,SDN,31313.0,24016.352431452582
44665,SDN,25359.0,23753.945392060858
44666,SDN,44482.0,33366.083738983645
44667,SDN,44444.0,38757.138795111096
44668,SDN,44930.0,34455.0084354525
44669,SDN,31034.0,26415.342265056475
44670,SDN,37585.0,27722.115249917715
44671,SDN,34709.0,35268.60220626363
44672,SDN,37937.0,28478.455456929583
44673,SDN,41595.0,26212.334000858187
44674,SDN,31047.0,26774.55756848802
44675,SDN,29344.0,27634.983070191687
44676,SDN,31504.0,23662.663012337594
44677,SDN,39834.0,25619.208481438138
44678,SDN,27831.0,26472.976684298577
44679,SDN,41898.0,27314.28448141927
44680,SDN,38189.0,34570.752418826836
44681,SDN,44395.0,29880.215502253606
44682,SDN,34858.0,23668.518974998085
44683,SDN,31796.0,26599.05616728241
44684,SDN,40992.0,25799.832005842905
44685,SDN,35430.0,25782.239884566294
44686,SDN,31528.0,27353.141772282856
44687,SDN,31024.0,25843.733424856106
44688,SDN,40355.0,28559.709361117813
44689,SDN,38890.0,32733.63232468319
44690,SDN,37467.0,36442.133236623864
44691,SDN,41620.0,32140.049593522963
44692,SDN,37913.0,27061.390074604846
44693,SDN,29745.0,29598.621048532794
44694,SDN,42656.0,30070.929954164236
44695,SDN,42861.0,35482.241979348946
44696,SDN,41714.0,39487.35846771932
44697,SDN,38712.0,33959.023995480195
44698,SDN,41302.0,32563.225306068252
44699,SDN,42384.0,35098.37695198059
44700,SDN,36428.0,30994.396889853986
44701,SDN,43171.0,32506.43729070325
44702,SDN,39574.0,36890.69582019576
44703,SDN,37336.0,31164.283981796514
44704,SDN,40686.0,27083.08116178867
44705,SDN,38626.0,31387.928310583542
44706,SDN,32834.0,29265.410434403595
44707,SDN,41820.0,28805.91457406439
44708,SDN,39474.0,30277.358830596615
44709,SDN,42529.0,34425.31996378746
44710,SDN,37040.0,31358.591010130065
44711,SDN,38166.0,29047.660358496683
44712,SDN,30409.0,26780.203178167572
44713,SDN,37713.0,25031.249911892693
44714,SDN,31380.0,26684.225274134224
44715,SDN,36948.0,24870.531487684657
44716,SDN,43286.0,35272.26247423798
44717,SDN,43639.0,38226.73577721442
44718,SDN,41652.0,35139.34625196394
44719,SDN,39538.0,30549.179230414473
44720,SDN,38643.0,29649.115384553865
44721,SDN,33389.0,31326.29255313745
44722,SDN,32127.0,30231.311261063984
44723,SDN,32523.0,31081.408347241755
44724,SDN,35636.0,32084.74752934899
44725,SDN,37490.0,34137.641084290975
44726,SDN,38114.0,36621.083230968216
44727,SDN,41407.0,32059.645971841564
44728,SDN,31687.0,28511.89234390779
44729,SDN,32884.0,29812.511797876963
44730,SDN,32064.0,29787.516400909866
