Value,Feature
0,Capacity
0,Cy_Young_in_hometeam
0,Cy_Young_in_visitingteam
0,HomeTeam
0,HomeTeamDefense_PassedBalls
0,HomeTeamDefense_PutOuts
0,HomeTeamDefense_TriplePlays
0,HomeTeamLeague
0,HomeTeamOffense_AwardedFirstonCatcherInterference
0,HomeTeamOffense_SacrificeHits
0,HomeTeamPitchers_Balks
0,HomeTeam_ws_winner
0,NBA_Team
0,NFL_Team
0,NHL_Team
0,NumberofGames
0,VisitingTeamDefense_PassedBalls
0,VisitingTeamDefense_PutOuts
0,VisitingTeamDefense_TriplePlays
0,VisitingTeamOffense_AwardedFirstonCatcherInterference
0,VisitingTeamPitchers_Balks
0,VisitingTeam_ws_winner
0,date_int
0,holidayName
0,last_game_record
0,mean_attendance
0,opening_day
1,HomeTeamPitchers_TeamEarnedRuns
1,VisitingTeamOffense_IntentionalWalks
1,w_or_l_int
2,HomeTeamOffense_Triples
3,MVP_in_hometeam
3,VisitingTeamOffense_Triples
3,VisitingTeamPitchers_TeamEarnedRuns
5,HomeTeamOffense_CaughtStealing
6,VisitingTeamOffense_HitbyPitch
6,streak
7,HomeTeamOffense_IntentionalWalks
7,HomeTeamOffense_SacrificeFlies
7,runs
8,World_Series_Winner
8,last_game_streak
13,HomeTeamPitchers_WildPitches
13,VisitingTeamOffense_SacrificeFlies
15,VisitingTeamOffense_CaughtStealing
18,HomeTeamOffense_HitbyPitch
18,VisitingTeamPitchers_WildPitches
21,home_as_cnt
24,NumberofOuts
24,VisitingTeamOffense_SacrificeHits
26,previous_home_as_cnt
26,runs_allowed
27,VisitingTeamOffense_GroundedintoDoublePlay
27,home_bat10
28,Month
29,VisitingTeamOffense_StolenBases
31,HomeTeamDefense_DoublePlays
31,HomeTeamOffense_RBIs
32,HomeTeamDefense_Errors
35,HomeTeamOffense_GroundedintoDoublePlay
39,VistingTeamScore
41,HomeTeamOffense_StolenBases
41,MVP_in_visitingteam
42,VisitingTeamPitchers_IndividualEarnedRuns
43,home_field10
44,HomeTeamOffense_Homeruns
48,div_rank
49,VisitingTeamDefense_DoublePlays
51,HomeTeamPitchers_IndividualEarnedRuns
54,HomeTeamOffense_Doubles
54,VisitingTeamOffense_Homeruns
54,is_public_holiday
56,pitch_avg_age
58,VisitingTeamLeague
61,VisitingTeamOffense_RBIs
62,visiting_bat10
65,home_pitch10
66,visiting_field10
68,VisitingTeamOffense_AtBats
73,HomeTeamScore
79,VisitingTeamOffense_LeftOnBase
80,VisitingTeamDefense_Errors
81,HomeTeamPitchers_PitchersUsed
82,VisitingTeamOffense_Walks
85,VisitingTeamPitchers_PitchersUsed
85,season_end_runs_allowed_mean
86,VisitingTeamOffense_Doubles
90,HomeTeamOffense_Hits
95,VisitingTeamOffense_Hits
98,HomeTeamOffense_AtBats
103,visiting_as_cnt
111,VisitingTeamDefense_Assists
112,opponent_season_end_rank
113,HomeTeamOffense_LeftOnBase
113,bat_avg_age
119,last_game_div_rank
120,HomeTeamOffense_Strickouts
120,previous_visiting_as_cnt
128,visiting_pitch10
137,VisitingTeamOffense_Strickouts
138,season_end_runs_mean
152,HomeTeamOffense_Walks
154,is_weekend
165,runs_allowed_ma
177,season_end_w_l_ratio
182,HomeTeamDefense_Assists
200,opponent_season_end_runs_allowed_mean
219,runs_ma
240,Attendance_5
249,DayNight
258,w_l_ratio
260,opponent_season_end_runs_mean
267,opponent_season_end_w_l_ratio
290,Attendance_4
299,Attendance_3
316,DayofMonth
334,DayofWeek
358,Attendance_2
385,Year
411,HomeTeamGameNumber
453,VisitingTeam
467,last_game_w_l_ratio
494,Date
597,Attendance_1
683,VisitingTeamGameNumber
