Value,Feature
0,Capacity
0,Cy_Young_in_visitingteam
0,HomeTeam
0,HomeTeamDefense_PassedBalls
0,HomeTeamDefense_PutOuts
0,HomeTeamDefense_TriplePlays
0,HomeTeamLeague
0,HomeTeamOffense_AwardedFirstonCatcherInterference
0,HomeTeamPitchers_Balks
0,MVP_in_hometeam
0,NBA_Team
0,NFL_Team
0,NHL_Team
0,NumberofGames
0,VisitingTeamDefense_PutOuts
0,VisitingTeamDefense_TriplePlays
0,VisitingTeamLeague
0,VisitingTeamOffense_AwardedFirstonCatcherInterference
0,VisitingTeamPitchers_Balks
0,date_int
0,holidayName
0,is_public_holiday
0,last_game_record
0,mean_attendance
0,opening_day
1,HomeTeam_ws_winner
1,VisitingTeamDefense_PassedBalls
3,Cy_Young_in_hometeam
3,HomeTeamOffense_CaughtStealing
4,HomeTeamPitchers_TeamEarnedRuns
5,VisitingTeamOffense_Triples
5,runs_allowed
7,HomeTeamOffense_SacrificeFlies
7,VisitingTeamPitchers_TeamEarnedRuns
8,World_Series_Winner
9,VisitingTeamOffense_HitbyPitch
9,home_as_cnt
9,w_or_l_int
13,runs
14,VisitingTeamOffense_CaughtStealing
15,HomeTeamOffense_SacrificeHits
15,VisitingTeam_ws_winner
15,home_bat10
16,HomeTeamOffense_IntentionalWalks
16,HomeTeamOffense_Triples
16,VisitingTeamOffense_SacrificeHits
17,HomeTeamOffense_HitbyPitch
17,VisitingTeamOffense_IntentionalWalks
17,VisitingTeamPitchers_WildPitches
17,home_field10
19,previous_home_as_cnt
20,HomeTeamPitchers_WildPitches
20,div_rank
21,MVP_in_visitingteam
23,DayNight
23,NumberofOuts
24,VisitingTeamOffense_SacrificeFlies
28,HomeTeamDefense_Errors
29,HomeTeamDefense_DoublePlays
31,home_pitch10
34,VisitingTeamDefense_DoublePlays
34,VisitingTeamOffense_StolenBases
34,bat_avg_age
34,opponent_season_end_rank
35,Month
42,VisitingTeamPitchers_IndividualEarnedRuns
45,VisitingTeamDefense_Errors
47,HomeTeamOffense_GroundedintoDoublePlay
47,VisitingTeamOffense_GroundedintoDoublePlay
48,HomeTeamOffense_StolenBases
48,HomeTeamPitchers_PitchersUsed
49,season_end_runs_mean
50,pitch_avg_age
52,previous_visiting_as_cnt
56,VisitingTeamOffense_Doubles
56,last_game_div_rank
57,HomeTeamOffense_Homeruns
59,is_weekend
60,VisitingTeamPitchers_PitchersUsed
60,VistingTeamScore
60,streak
61,VisitingTeamOffense_Homeruns
61,VisitingTeamOffense_RBIs
64,season_end_w_l_ratio
67,HomeTeamScore
67,season_end_runs_allowed_mean
68,HomeTeamPitchers_IndividualEarnedRuns
71,HomeTeamOffense_RBIs
74,VisitingTeamOffense_Hits
76,HomeTeamOffense_Walks
76,last_game_streak
86,HomeTeamOffense_Doubles
86,visiting_field10
91,visiting_as_cnt
92,VisitingTeamOffense_AtBats
95,visiting_bat10
96,HomeTeamOffense_Hits
96,HomeTeamOffense_LeftOnBase
98,VisitingTeamOffense_Walks
105,HomeTeamOffense_Strickouts
105,visiting_pitch10
109,VisitingTeamOffense_LeftOnBase
112,HomeTeamOffense_AtBats
118,HomeTeamDefense_Assists
123,VisitingTeamOffense_Strickouts
140,VisitingTeamDefense_Assists
144,DayofWeek
163,opponent_season_end_w_l_ratio
164,HomeTeamGameNumber
165,Date
167,runs_ma
173,runs_allowed_ma
183,VisitingTeam
190,opponent_season_end_runs_allowed_mean
199,w_l_ratio
228,opponent_season_end_runs_mean
254,last_game_w_l_ratio
264,Attendance_3
266,Attendance_2
298,VisitingTeamGameNumber
300,Attendance_5
308,Attendance_4
390,Year
432,Attendance_1
531,DayofMonth
