Value,Feature
0,Capacity
0,Cy_Young_in_hometeam
0,Cy_Young_in_visitingteam
0,HomeTeam
0,HomeTeamDefense_PassedBalls
0,HomeTeamDefense_PutOuts
0,HomeTeamDefense_TriplePlays
0,HomeTeamLeague
0,HomeTeamOffense_AwardedFirstonCatcherInterference
0,HomeTeamPitchers_Balks
0,HomeTeam_ws_winner
0,NBA_Team
0,NFL_Team
0,NHL_Team
0,NumberofGames
0,VisitingTeamDefense_PassedBalls
0,VisitingTeamDefense_PutOuts
0,VisitingTeamDefense_TriplePlays
0,VisitingTeamOffense_AwardedFirstonCatcherInterference
0,VisitingTeamPitchers_Balks
0,VisitingTeam_ws_winner
0,date_int
0,holidayName
0,last_game_record
0,mean_attendance
0,opening_day
2,HomeTeamOffense_SacrificeHits
2,VisitingTeamOffense_IntentionalWalks
4,HomeTeamPitchers_TeamEarnedRuns
5,VisitingTeamOffense_Triples
5,w_or_l_int
6,HomeTeamOffense_SacrificeFlies
6,World_Series_Winner
7,HomeTeamOffense_IntentionalWalks
7,VisitingTeamOffense_SacrificeHits
8,VisitingTeamOffense_CaughtStealing
8,streak
9,HomeTeamOffense_CaughtStealing
10,MVP_in_visitingteam
10,VisitingTeamOffense_SacrificeFlies
11,VisitingTeamLeague
12,HomeTeamPitchers_WildPitches
12,home_field10
13,VisitingTeamPitchers_TeamEarnedRuns
14,HomeTeamOffense_HitbyPitch
17,div_rank
17,runs_allowed
19,MVP_in_hometeam
20,runs
21,HomeTeamOffense_GroundedintoDoublePlay
22,HomeTeamOffense_Triples
22,VisitingTeamOffense_HitbyPitch
24,home_as_cnt
25,NumberofOuts
26,VisitingTeamOffense_StolenBases
26,VisitingTeamPitchers_WildPitches
27,is_public_holiday
28,VisitingTeamOffense_GroundedintoDoublePlay
28,VisitingTeamOffense_RBIs
28,last_game_streak
29,HomeTeamDefense_DoublePlays
29,Month
31,opponent_season_end_rank
32,HomeTeamOffense_RBIs
33,home_pitch10
35,VisitingTeamDefense_DoublePlays
36,VisitingTeamPitchers_IndividualEarnedRuns
37,previous_home_as_cnt
38,HomeTeamOffense_StolenBases
41,home_bat10
42,HomeTeamScore
42,VisitingTeamPitchers_PitchersUsed
44,HomeTeamOffense_Homeruns
44,VisitingTeamOffense_Homeruns
44,previous_visiting_as_cnt
45,VisitingTeamDefense_Errors
46,HomeTeamDefense_Errors
48,VistingTeamScore
50,visiting_bat10
52,HomeTeamPitchers_PitchersUsed
53,HomeTeamPitchers_IndividualEarnedRuns
54,is_weekend
55,season_end_runs_mean
59,last_game_div_rank
60,DayNight
60,HomeTeamOffense_Doubles
63,bat_avg_age
63,season_end_w_l_ratio
68,VisitingTeamOffense_Doubles
68,pitch_avg_age
70,visiting_pitch10
74,season_end_runs_allowed_mean
78,visiting_field10
84,VisitingTeamOffense_AtBats
86,HomeTeamOffense_LeftOnBase
92,VisitingTeamOffense_Hits
93,VisitingTeamOffense_Walks
100,HomeTeamOffense_AtBats
100,HomeTeamOffense_Strickouts
101,visiting_as_cnt
102,HomeTeamOffense_Walks
103,VisitingTeamDefense_Assists
108,HomeTeamOffense_Hits
111,VisitingTeamOffense_LeftOnBase
115,VisitingTeamOffense_Strickouts
124,HomeTeamDefense_Assists
132,runs_allowed_ma
133,opponent_season_end_w_l_ratio
147,last_game_w_l_ratio
153,opponent_season_end_runs_allowed_mean
154,DayofWeek
157,VisitingTeam
166,opponent_season_end_runs_mean
168,w_l_ratio
175,runs_ma
198,Date
198,HomeTeamGameNumber
208,DayofMonth
257,Year
258,Attendance_4
273,Attendance_2
276,Attendance_3
319,Attendance_5
354,VisitingTeamGameNumber
394,Attendance_1
