Value,Feature
0,Capacity
0,Cy_Young_in_hometeam
0,Cy_Young_in_visitingteam
0,HomeTeam
0,HomeTeamDefense_PutOuts
0,HomeTeamDefense_TriplePlays
0,HomeTeamLeague
0,HomeTeamOffense_AwardedFirstonCatcherInterference
0,HomeTeam_ws_winner
0,NBA_Team
0,NHL_Team
0,VisitingTeamDefense_PutOuts
0,VisitingTeamDefense_TriplePlays
0,VisitingTeamOffense_AwardedFirstonCatcherInterference
0,VisitingTeam_ws_winner
0,date_int
0,holidayName
0,last_game_record
0,mean_attendance
0,opening_day
1,HomeTeamPitchers_Balks
1,is_public_holiday
3,HomeTeamDefense_PassedBalls
3,VisitingTeamPitchers_Balks
4,VisitingTeamDefense_PassedBalls
5,VisitingTeamPitchers_TeamEarnedRuns
8,VisitingTeamOffense_Triples
9,NFL_Team
11,HomeTeamPitchers_TeamEarnedRuns
12,MVP_in_hometeam
13,VisitingTeamOffense_SacrificeHits
14,VisitingTeamOffense_IntentionalWalks
16,HomeTeamOffense_CaughtStealing
16,World_Series_Winner
17,HomeTeamOffense_IntentionalWalks
18,HomeTeamOffense_Triples
18,NumberofGames
26,w_or_l_int
27,MVP_in_visitingteam
27,Month
31,HomeTeamOffense_SacrificeFlies
31,HomeTeamOffense_SacrificeHits
32,VisitingTeamLeague
34,VisitingTeamOffense_SacrificeFlies
42,VisitingTeamOffense_CaughtStealing
42,home_as_cnt
52,streak
53,VisitingTeamPitchers_WildPitches
55,HomeTeamPitchers_WildPitches
56,previous_home_as_cnt
60,last_game_streak
68,HomeTeamOffense_HitbyPitch
76,runs_allowed
78,VisitingTeamOffense_HitbyPitch
88,NumberofOuts
88,div_rank
92,last_game_div_rank
94,runs
106,is_weekend
117,VisitingTeamOffense_StolenBases
118,HomeTeamDefense_Errors
118,HomeTeamOffense_StolenBases
122,home_bat10
124,DayNight
126,VisitingTeamDefense_Errors
134,home_field10
139,HomeTeamOffense_RBIs
140,VisitingTeamOffense_RBIs
144,bat_avg_age
150,HomeTeamOffense_GroundedintoDoublePlay
153,VisitingTeamDefense_DoublePlays
153,VisitingTeamOffense_GroundedintoDoublePlay
157,DayofWeek
173,HomeTeamDefense_DoublePlays
179,home_pitch10
185,VisitingTeamOffense_Homeruns
193,HomeTeamPitchers_PitchersUsed
198,HomeTeamOffense_Homeruns
203,HomeTeamPitchers_IndividualEarnedRuns
206,VisitingTeamPitchers_IndividualEarnedRuns
212,opponent_season_end_rank
220,season_end_w_l_ratio
226,VisitingTeamPitchers_PitchersUsed
233,pitch_avg_age
234,VistingTeamScore
237,season_end_runs_allowed_mean
239,season_end_runs_mean
246,visiting_as_cnt
253,HomeTeamScore
256,HomeTeamOffense_Doubles
259,VisitingTeam
259,VisitingTeamOffense_Doubles
276,previous_visiting_as_cnt
282,visiting_bat10
312,HomeTeamGameNumber
335,HomeTeamOffense_Walks
357,VisitingTeamOffense_Hits
366,visiting_field10
377,visiting_pitch10
385,Year
395,HomeTeamOffense_Hits
396,VisitingTeamOffense_AtBats
403,VisitingTeamOffense_LeftOnBase
411,VisitingTeamOffense_Walks
421,HomeTeamOffense_AtBats
446,HomeTeamOffense_LeftOnBase
469,HomeTeamOffense_Strickouts
519,DayofMonth
527,VisitingTeamDefense_Assists
537,VisitingTeamOffense_Strickouts
567,HomeTeamDefense_Assists
578,opponent_season_end_w_l_ratio
605,last_game_w_l_ratio
610,w_l_ratio
636,opponent_season_end_runs_mean
712,Date
752,runs_ma
759,opponent_season_end_runs_allowed_mean
759,runs_allowed_ma
935,Attendance_2
986,Attendance_4
1041,VisitingTeamGameNumber
1088,Attendance_3
1116,Attendance_5
1356,Attendance_1
