Value,Feature
0,Capacity
0,Cy_Young_in_hometeam
0,Cy_Young_in_visitingteam
0,HomeTeam
0,HomeTeamDefense_PassedBalls
0,HomeTeamDefense_PutOuts
0,HomeTeamDefense_TriplePlays
0,HomeTeamLeague
0,HomeTeamOffense_AwardedFirstonCatcherInterference
0,HomeTeamPitchers_Balks
0,HomeTeam_ws_winner
0,NBA_Team
0,NFL_Team
0,NHL_Team
0,NumberofGames
0,VisitingTeamDefense_PassedBalls
0,VisitingTeamDefense_PutOuts
0,VisitingTeamDefense_TriplePlays
0,VisitingTeamLeague
0,VisitingTeamOffense_AwardedFirstonCatcherInterference
0,VisitingTeamOffense_CaughtStealing
0,VisitingTeamPitchers_Balks
0,VisitingTeam_ws_winner
0,date_int
0,holidayName
0,is_public_holiday
0,last_game_record
0,mean_attendance
0,opening_day
0,runs
0,runs_allowed
1,HomeTeamOffense_IntentionalWalks
1,VisitingTeamOffense_HitbyPitch
1,VisitingTeamOffense_IntentionalWalks
2,VisitingTeamPitchers_WildPitches
3,VisitingTeamOffense_SacrificeFlies
4,VisitingTeamOffense_Triples
5,HomeTeamPitchers_TeamEarnedRuns
5,World_Series_Winner
6,HomeTeamPitchers_WildPitches
7,HomeTeamOffense_CaughtStealing
7,HomeTeamOffense_HitbyPitch
7,VisitingTeamOffense_SacrificeHits
8,HomeTeamOffense_SacrificeFlies
8,home_bat10
9,VisitingTeamPitchers_TeamEarnedRuns
10,HomeTeamOffense_Triples
10,MVP_in_hometeam
12,w_or_l_int
14,last_game_streak
14,previous_home_as_cnt
16,HomeTeamDefense_DoublePlays
17,streak
18,HomeTeamOffense_RBIs
18,VisitingTeamPitchers_IndividualEarnedRuns
22,div_rank
23,HomeTeamOffense_GroundedintoDoublePlay
23,opponent_season_end_rank
24,VisitingTeamDefense_Errors
27,HomeTeamPitchers_IndividualEarnedRuns
29,MVP_in_visitingteam
29,home_as_cnt
29,previous_visiting_as_cnt
30,VisitingTeamPitchers_PitchersUsed
31,VisitingTeamOffense_Homeruns
34,VisitingTeamDefense_DoublePlays
34,visiting_field10
35,HomeTeamOffense_Homeruns
35,Month
36,NumberofOuts
37,VisitingTeamOffense_StolenBases
38,VisitingTeamOffense_Doubles
38,VisitingTeamOffense_Hits
41,HomeTeamDefense_Errors
42,bat_avg_age
43,HomeTeamScore
43,VisitingTeamOffense_GroundedintoDoublePlay
44,HomeTeamOffense_AtBats
46,HomeTeamPitchers_PitchersUsed
47,HomeTeamOffense_StolenBases
47,season_end_runs_allowed_mean
49,HomeTeamOffense_SacrificeHits
53,VisitingTeamOffense_AtBats
54,visiting_pitch10
56,VisitingTeamDefense_Assists
58,HomeTeamOffense_Doubles
61,VistingTeamScore
62,HomeTeamOffense_Walks
63,VisitingTeamOffense_RBIs
63,home_pitch10
64,home_field10
65,VisitingTeamOffense_Strickouts
69,VisitingTeamOffense_Walks
69,visiting_bat10
74,HomeTeamOffense_Strickouts
77,season_end_runs_mean
86,HomeTeamOffense_Hits
87,HomeTeamDefense_Assists
90,VisitingTeamOffense_LeftOnBase
96,last_game_div_rank
120,HomeTeamOffense_LeftOnBase
139,opponent_season_end_runs_allowed_mean
145,season_end_w_l_ratio
150,opponent_season_end_w_l_ratio
151,is_weekend
154,visiting_as_cnt
158,runs_ma
169,runs_allowed_ma
171,pitch_avg_age
178,w_l_ratio
224,opponent_season_end_runs_mean
250,Attendance_5
278,DayofMonth
292,Attendance_4
301,VisitingTeam
306,DayNight
307,Year
308,HomeTeamGameNumber
339,last_game_w_l_ratio
342,Attendance_3
354,Attendance_2
427,DayofWeek
436,Date
579,VisitingTeamGameNumber
683,Attendance_1
