Value,Feature
0,Capacity
0,Cy_Young_in_hometeam
0,Cy_Young_in_visitingteam
0,HomeTeam
0,HomeTeamDefense_PassedBalls
0,HomeTeamDefense_PutOuts
0,HomeTeamDefense_TriplePlays
0,HomeTeamLeague
0,HomeTeamOffense_AwardedFirstonCatcherInterference
0,HomeTeamPitchers_Balks
0,HomeTeam_ws_winner
0,NBA_Team
0,NFL_Team
0,NHL_Team
0,NumberofGames
0,VisitingTeamDefense_PutOuts
0,VisitingTeamDefense_TriplePlays
0,VisitingTeamOffense_AwardedFirstonCatcherInterference
0,VisitingTeamPitchers_Balks
0,VisitingTeamPitchers_TeamEarnedRuns
0,VisitingTeam_ws_winner
0,World_Series_Winner
0,date_int
0,holidayName
0,is_public_holiday
0,last_game_record
0,mean_attendance
0,opening_day
2,MVP_in_hometeam
3,HomeTeamOffense_Triples
3,VisitingTeamDefense_PassedBalls
3,VisitingTeamOffense_Triples
4,HomeTeamOffense_SacrificeHits
5,VisitingTeamOffense_SacrificeHits
5,streak
6,HomeTeamPitchers_TeamEarnedRuns
6,VisitingTeamLeague
9,HomeTeamOffense_IntentionalWalks
9,HomeTeamOffense_SacrificeFlies
10,VisitingTeamOffense_CaughtStealing
10,VisitingTeamOffense_HitbyPitch
11,w_or_l_int
13,HomeTeamOffense_CaughtStealing
18,HomeTeamOffense_HitbyPitch
18,runs_allowed
20,HomeTeamDefense_Errors
21,VisitingTeamOffense_IntentionalWalks
23,VisitingTeamPitchers_WildPitches
25,VisitingTeamOffense_SacrificeFlies
26,Month
29,home_bat10
32,MVP_in_visitingteam
32,last_game_streak
43,home_as_cnt
45,VisitingTeamOffense_Homeruns
47,HomeTeamOffense_StolenBases
47,div_rank
48,last_game_div_rank
50,HomeTeamOffense_Homeruns
51,HomeTeamOffense_GroundedintoDoublePlay
51,VisitingTeamOffense_GroundedintoDoublePlay
51,home_pitch10
52,HomeTeamDefense_DoublePlays
53,HomeTeamPitchers_WildPitches
54,HomeTeamPitchers_IndividualEarnedRuns
56,HomeTeamOffense_RBIs
58,VisitingTeamDefense_DoublePlays
58,VisitingTeamPitchers_PitchersUsed
60,NumberofOuts
60,VistingTeamScore
64,VisitingTeamOffense_StolenBases
66,VisitingTeamOffense_RBIs
72,home_field10
74,VisitingTeamPitchers_IndividualEarnedRuns
75,runs
76,HomeTeamOffense_Doubles
83,HomeTeamScore
89,visiting_bat10
93,VisitingTeamDefense_Errors
93,previous_home_as_cnt
94,VisitingTeamOffense_Walks
95,VisitingTeamOffense_LeftOnBase
96,bat_avg_age
98,pitch_avg_age
99,HomeTeamPitchers_PitchersUsed
106,VisitingTeamOffense_AtBats
107,HomeTeamOffense_Strickouts
107,season_end_w_l_ratio
111,HomeTeamOffense_AtBats
117,season_end_runs_mean
122,HomeTeamOffense_Walks
134,is_weekend
135,VisitingTeamOffense_Doubles
137,previous_visiting_as_cnt
141,visiting_pitch10
148,season_end_runs_allowed_mean
158,VisitingTeamOffense_Strickouts
173,VisitingTeamOffense_Hits
175,HomeTeamOffense_Hits
181,opponent_season_end_rank
189,last_game_w_l_ratio
195,HomeTeamDefense_Assists
206,HomeTeamOffense_LeftOnBase
207,visiting_as_cnt
229,visiting_field10
236,runs_ma
243,Year
261,DayNight
262,VisitingTeamDefense_Assists
274,HomeTeamGameNumber
296,opponent_season_end_w_l_ratio
305,runs_allowed_ma
315,DayofMonth
351,VisitingTeam
359,opponent_season_end_runs_mean
383,w_l_ratio
392,opponent_season_end_runs_allowed_mean
404,DayofWeek
479,Attendance_3
569,Attendance_2
597,VisitingTeamGameNumber
610,Attendance_4
674,Attendance_5
929,Attendance_1
1036,Date
