Value,Feature
0,Capacity
0,Cy_Young_in_hometeam
0,Cy_Young_in_visitingteam
0,HomeTeam
0,HomeTeamDefense_PassedBalls
0,HomeTeamDefense_PutOuts
0,HomeTeamDefense_TriplePlays
0,HomeTeamLeague
0,HomeTeamOffense_AwardedFirstonCatcherInterference
0,HomeTeamOffense_CaughtStealing
0,HomeTeamOffense_HitbyPitch
0,HomeTeamOffense_SacrificeFlies
0,HomeTeamOffense_Triples
0,HomeTeamPitchers_Balks
0,HomeTeamPitchers_TeamEarnedRuns
0,HomeTeamPitchers_WildPitches
0,HomeTeamScore
0,HomeTeam_ws_winner
0,MVP_in_hometeam
0,NBA_Team
0,NFL_Team
0,NHL_Team
0,NumberofGames
0,VisitingTeamDefense_PassedBalls
0,VisitingTeamDefense_PutOuts
0,VisitingTeamDefense_TriplePlays
0,VisitingTeamLeague
0,VisitingTeamOffense_AwardedFirstonCatcherInterference
0,VisitingTeamOffense_IntentionalWalks
0,VisitingTeamOffense_Triples
0,VisitingTeamPitchers_Balks
0,VisitingTeamPitchers_TeamEarnedRuns
0,VisitingTeamPitchers_WildPitches
0,VisitingTeam_ws_winner
0,date_int
0,holidayName
0,is_public_holiday
0,last_game_record
0,mean_attendance
0,opening_day
0,w_or_l_int
1,HomeTeamOffense_IntentionalWalks
1,last_game_streak
3,streak
4,VisitingTeamDefense_DoublePlays
5,VisitingTeamOffense_SacrificeHits
5,VisitingTeamOffense_StolenBases
6,HomeTeamDefense_DoublePlays
6,home_as_cnt
6,runs
7,HomeTeamOffense_SacrificeHits
7,VisitingTeamPitchers_IndividualEarnedRuns
10,HomeTeamOffense_StolenBases
10,previous_home_as_cnt
12,VisitingTeamOffense_HitbyPitch
14,VisitingTeamOffense_Walks
14,World_Series_Winner
14,runs_allowed
16,home_pitch10
17,HomeTeamOffense_GroundedintoDoublePlay
17,VisitingTeamOffense_Hits
20,HomeTeamDefense_Errors
20,HomeTeamOffense_RBIs
20,MVP_in_visitingteam
23,season_end_runs_mean
24,visiting_bat10
26,HomeTeamOffense_Hits
26,VisitingTeamPitchers_PitchersUsed
27,NumberofOuts
27,VisitingTeamOffense_CaughtStealing
28,Month
28,VisitingTeamOffense_GroundedintoDoublePlay
28,home_field10
30,HomeTeamOffense_AtBats
30,HomeTeamPitchers_IndividualEarnedRuns
30,VisitingTeamOffense_AtBats
30,VisitingTeamOffense_SacrificeFlies
33,HomeTeamOffense_Homeruns
33,VistingTeamScore
34,HomeTeamOffense_Doubles
34,VisitingTeamOffense_RBIs
35,HomeTeamOffense_Walks
35,VisitingTeamDefense_Errors
38,VisitingTeamOffense_Doubles
42,VisitingTeamOffense_Homeruns
43,pitch_avg_age
44,div_rank
52,last_game_div_rank
58,visiting_pitch10
60,season_end_w_l_ratio
62,visiting_field10
64,VisitingTeamDefense_Assists
66,HomeTeamOffense_LeftOnBase
67,VisitingTeamOffense_Strickouts
69,opponent_season_end_rank
72,HomeTeamPitchers_PitchersUsed
72,previous_visiting_as_cnt
74,runs_allowed_ma
76,VisitingTeamOffense_LeftOnBase
81,HomeTeamOffense_Strickouts
84,HomeTeamDefense_Assists
89,home_bat10
94,bat_avg_age
96,visiting_as_cnt
103,runs_ma
119,opponent_season_end_runs_mean
119,season_end_runs_allowed_mean
144,Attendance_3
146,is_weekend
147,opponent_season_end_w_l_ratio
168,opponent_season_end_runs_allowed_mean
182,Attendance_4
187,DayNight
188,VisitingTeamGameNumber
189,Attendance_2
194,HomeTeamGameNumber
220,last_game_w_l_ratio
233,VisitingTeam
252,w_l_ratio
322,DayofMonth
397,Attendance_5
444,Year
470,Date
519,DayofWeek
1078,Attendance_1
