Value,Feature
0,Capacity
0,Cy_Young_in_hometeam
0,Cy_Young_in_visitingteam
0,HomeTeam
0,HomeTeamDefense_PutOuts
0,HomeTeamDefense_TriplePlays
0,HomeTeamLeague
0,HomeTeamOffense_AwardedFirstonCatcherInterference
0,HomeTeamPitchers_Balks
0,HomeTeam_ws_winner
0,MVP_in_hometeam
0,NBA_Team
0,NFL_Team
0,NumberofGames
0,VisitingTeamDefense_TriplePlays
0,VisitingTeamOffense_AwardedFirstonCatcherInterference
0,date_int
0,is_public_holiday
0,last_game_record
0,mean_attendance
0,opening_day
1,NHL_Team
1,VisitingTeamPitchers_Balks
1,holidayName
6,VisitingTeamPitchers_TeamEarnedRuns
7,VisitingTeamDefense_PutOuts
9,World_Series_Winner
9,last_game_streak
12,VisitingTeam_ws_winner
14,HomeTeamDefense_PassedBalls
20,HomeTeamPitchers_TeamEarnedRuns
20,streak
30,HomeTeamOffense_SacrificeHits
35,VisitingTeamDefense_PassedBalls
37,HomeTeamOffense_Triples
38,VisitingTeamOffense_SacrificeHits
39,w_or_l_int
43,home_as_cnt
46,HomeTeamOffense_IntentionalWalks
49,previous_home_as_cnt
56,VisitingTeamPitchers_WildPitches
58,HomeTeamOffense_SacrificeFlies
58,VisitingTeamLeague
62,div_rank
66,Month
66,last_game_div_rank
67,VisitingTeamOffense_IntentionalWalks
68,VisitingTeamOffense_SacrificeFlies
71,VisitingTeamOffense_Triples
84,HomeTeamOffense_CaughtStealing
87,VisitingTeamOffense_CaughtStealing
102,MVP_in_visitingteam
107,season_end_runs_mean
111,NumberofOuts
112,season_end_runs_allowed_mean
120,HomeTeamOffense_RBIs
128,HomeTeamPitchers_WildPitches
130,HomeTeamOffense_HitbyPitch
131,HomeTeamDefense_DoublePlays
132,VisitingTeamOffense_HitbyPitch
134,home_pitch10
137,runs
138,season_end_w_l_ratio
144,VisitingTeamOffense_RBIs
147,HomeTeamOffense_GroundedintoDoublePlay
150,VisitingTeamDefense_Errors
150,VisitingTeamOffense_GroundedintoDoublePlay
152,runs_allowed
165,VisitingTeamDefense_DoublePlays
166,VisitingTeamOffense_StolenBases
167,HomeTeamDefense_Errors
186,HomeTeamOffense_Homeruns
193,home_bat10
201,opponent_season_end_rank
212,VisitingTeamOffense_Homeruns
219,HomeTeamOffense_StolenBases
222,VisitingTeamPitchers_IndividualEarnedRuns
223,DayofWeek
225,home_field10
228,HomeTeamPitchers_IndividualEarnedRuns
240,VisitingTeam
246,HomeTeamPitchers_PitchersUsed
250,HomeTeamScore
251,VistingTeamScore
259,DayNight
261,VisitingTeamOffense_Doubles
272,pitch_avg_age
280,HomeTeamOffense_Doubles
282,bat_avg_age
288,Year
291,VisitingTeamPitchers_PitchersUsed
306,previous_visiting_as_cnt
307,VisitingTeamOffense_Walks
313,runs_ma
317,last_game_w_l_ratio
322,visiting_bat10
323,is_weekend
342,visiting_field10
345,VisitingTeamOffense_Hits
367,visiting_pitch10
376,HomeTeamOffense_AtBats
404,runs_allowed_ma
412,HomeTeamOffense_Walks
419,VisitingTeamOffense_LeftOnBase
420,VisitingTeamOffense_AtBats
426,DayofMonth
426,HomeTeamDefense_Assists
426,HomeTeamOffense_Hits
427,HomeTeamOffense_LeftOnBase
468,w_l_ratio
470,VisitingTeamOffense_Strickouts
502,HomeTeamGameNumber
520,VisitingTeamDefense_Assists
527,HomeTeamOffense_Strickouts
559,visiting_as_cnt
656,Date
688,opponent_season_end_runs_mean
693,opponent_season_end_runs_allowed_mean
775,opponent_season_end_w_l_ratio
895,Attendance_3
947,Attendance_4
963,Attendance_5
1019,Attendance_2
1137,VisitingTeamGameNumber
1587,Attendance_1
