Value,Feature
0,Cy_Young_in_hometeam
0,Cy_Young_in_visitingteam
0,HomeTeam
0,HomeTeamDefense_PassedBalls
0,HomeTeamDefense_PutOuts
0,HomeTeamDefense_TriplePlays
0,HomeTeamLeague
0,HomeTeamOffense_AwardedFirstonCatcherInterference
0,HomeTeamPitchers_Balks
0,HomeTeam_ws_winner
0,MVP_in_hometeam
0,NBA_Team
0,NFL_Team
0,NHL_Team
0,NumberofGames
0,VisitingTeamDefense_PutOuts
0,VisitingTeamDefense_TriplePlays
0,VisitingTeamLeague
0,VisitingTeamOffense_AwardedFirstonCatcherInterference
0,VisitingTeamPitchers_Balks
0,VisitingTeam_ws_winner
0,date_int
0,holidayName
0,is_public_holiday
0,last_game_record
0,mean_attendance
0,opening_day
1,Capacity
1,runs
2,HomeTeamPitchers_TeamEarnedRuns
3,VisitingTeamOffense_IntentionalWalks
3,VisitingTeamPitchers_TeamEarnedRuns
3,VisitingTeamPitchers_WildPitches
5,HomeTeamOffense_IntentionalWalks
5,HomeTeamOffense_Triples
5,VisitingTeamOffense_SacrificeFlies
5,runs_allowed
6,HomeTeamOffense_HitbyPitch
6,HomeTeamOffense_SacrificeFlies
6,VisitingTeamOffense_HitbyPitch
7,VisitingTeamOffense_CaughtStealing
8,HomeTeamPitchers_WildPitches
11,VisitingTeamDefense_PassedBalls
13,home_as_cnt
14,previous_home_as_cnt
17,w_or_l_int
20,VisitingTeamDefense_Errors
21,World_Series_Winner
22,VisitingTeamOffense_SacrificeHits
22,div_rank
25,season_end_w_l_ratio
27,VisitingTeamPitchers_PitchersUsed
28,HomeTeamOffense_CaughtStealing
30,HomeTeamOffense_GroundedintoDoublePlay
31,VisitingTeamOffense_Triples
33,VisitingTeamOffense_Homeruns
36,streak
38,HomeTeamDefense_DoublePlays
38,NumberofOuts
38,season_end_runs_allowed_mean
39,home_bat10
39,home_field10
40,VisitingTeamOffense_RBIs
42,MVP_in_visitingteam
42,VisitingTeamOffense_GroundedintoDoublePlay
43,HomeTeamOffense_SacrificeHits
43,HomeTeamPitchers_PitchersUsed
45,HomeTeamDefense_Errors
49,VisitingTeamDefense_DoublePlays
49,season_end_runs_mean
54,VistingTeamScore
54,home_pitch10
55,HomeTeamPitchers_IndividualEarnedRuns
56,VisitingTeamPitchers_IndividualEarnedRuns
57,HomeTeamOffense_RBIs
57,HomeTeamOffense_StolenBases
59,is_weekend
60,DayNight
60,VisitingTeamOffense_Walks
60,last_game_div_rank
60,previous_visiting_as_cnt
61,VisitingTeamOffense_Doubles
61,bat_avg_age
62,last_game_streak
65,VisitingTeamOffense_AtBats
69,VisitingTeamOffense_StolenBases
72,HomeTeamScore
74,visiting_field10
75,HomeTeamOffense_AtBats
77,visiting_bat10
82,HomeTeamOffense_Hits
83,pitch_avg_age
86,HomeTeamOffense_Doubles
92,Month
99,visiting_as_cnt
104,visiting_pitch10
106,HomeTeamOffense_Homeruns
107,HomeTeamOffense_Strickouts
108,VisitingTeamDefense_Assists
109,HomeTeamOffense_LeftOnBase
113,opponent_season_end_rank
114,VisitingTeamOffense_LeftOnBase
126,HomeTeamOffense_Walks
129,runs_ma
135,VisitingTeamOffense_Hits
145,VisitingTeamOffense_Strickouts
180,HomeTeamDefense_Assists
187,last_game_w_l_ratio
194,opponent_season_end_runs_mean
202,runs_allowed_ma
206,w_l_ratio
220,Attendance_3
226,opponent_season_end_w_l_ratio
245,opponent_season_end_runs_allowed_mean
250,DayofWeek
290,HomeTeamGameNumber
297,VisitingTeam
306,Attendance_5
308,Attendance_2
336,VisitingTeamGameNumber
387,Attendance_4
479,Date
531,Attendance_1
565,Year
650,DayofMonth
