Value,Feature
0,Capacity
0,Cy_Young_in_hometeam
0,Cy_Young_in_visitingteam
0,HomeTeam
0,HomeTeamDefense_PutOuts
0,HomeTeamDefense_TriplePlays
0,HomeTeamLeague
0,HomeTeamOffense_AwardedFirstonCatcherInterference
0,HomeTeamPitchers_Balks
0,HomeTeamPitchers_TeamEarnedRuns
0,HomeTeam_ws_winner
0,NBA_Team
0,NFL_Team
0,NHL_Team
0,NumberofGames
0,VisitingTeamDefense_PassedBalls
0,VisitingTeamDefense_PutOuts
0,VisitingTeamDefense_TriplePlays
0,VisitingTeamOffense_AwardedFirstonCatcherInterference
0,VisitingTeamOffense_SacrificeFlies
0,VisitingTeamPitchers_Balks
0,VisitingTeam_ws_winner
0,date_int
0,holidayName
0,is_public_holiday
0,last_game_record
0,mean_attendance
0,opening_day
1,MVP_in_hometeam
1,VisitingTeamPitchers_TeamEarnedRuns
2,VisitingTeamLeague
2,VisitingTeamOffense_Triples
3,HomeTeamDefense_PassedBalls
3,HomeTeamOffense_CaughtStealing
3,World_Series_Winner
5,MVP_in_visitingteam
6,HomeTeamDefense_DoublePlays
6,HomeTeamOffense_IntentionalWalks
6,HomeTeamOffense_Triples
6,VisitingTeamOffense_HitbyPitch
6,w_or_l_int
8,last_game_div_rank
9,HomeTeamOffense_HitbyPitch
9,HomeTeamOffense_Homeruns
9,home_bat10
9,home_pitch10
10,HomeTeamPitchers_WildPitches
10,VisitingTeamOffense_GroundedintoDoublePlay
11,HomeTeamOffense_SacrificeHits
11,NumberofOuts
11,VisitingTeamOffense_CaughtStealing
12,VisitingTeamDefense_DoublePlays
13,VisitingTeamOffense_IntentionalWalks
13,previous_home_as_cnt
14,HomeTeamOffense_SacrificeFlies
15,HomeTeamOffense_RBIs
15,home_field10
16,HomeTeamDefense_Errors
16,VisitingTeamOffense_Homeruns
16,home_as_cnt
17,HomeTeamOffense_GroundedintoDoublePlay
17,VisitingTeamOffense_RBIs
17,streak
17,visiting_pitch10
18,HomeTeamOffense_StolenBases
18,HomeTeamScore
19,VisitingTeamPitchers_WildPitches
20,HomeTeamOffense_Doubles
20,VistingTeamScore
20,div_rank
21,HomeTeamPitchers_IndividualEarnedRuns
21,last_game_streak
22,VisitingTeamOffense_Doubles
22,VisitingTeamOffense_StolenBases
22,runs
23,VisitingTeamOffense_SacrificeHits
24,pitch_avg_age
25,VisitingTeamPitchers_PitchersUsed
26,HomeTeamPitchers_PitchersUsed
27,HomeTeamOffense_AtBats
27,VisitingTeamOffense_LeftOnBase
30,VisitingTeamDefense_Errors
30,VisitingTeamOffense_AtBats
30,is_weekend
30,opponent_season_end_rank
30,visiting_as_cnt
31,VisitingTeamOffense_Walks
31,runs_allowed
31,season_end_runs_mean
32,bat_avg_age
35,DayNight
35,season_end_w_l_ratio
40,HomeTeamOffense_LeftOnBase
40,season_end_runs_allowed_mean
41,previous_visiting_as_cnt
44,VisitingTeamOffense_Hits
46,VisitingTeamPitchers_IndividualEarnedRuns
47,Month
48,HomeTeamOffense_Strickouts
48,VisitingTeamDefense_Assists
49,visiting_bat10
50,HomeTeamDefense_Assists
50,HomeTeamOffense_Walks
52,HomeTeamOffense_Hits
60,opponent_season_end_w_l_ratio
63,visiting_field10
67,VisitingTeamOffense_Strickouts
68,opponent_season_end_runs_allowed_mean
83,runs_allowed_ma
84,w_l_ratio
88,runs_ma
103,last_game_w_l_ratio
106,Date
111,opponent_season_end_runs_mean
124,Attendance_3
124,HomeTeamGameNumber
130,DayofWeek
131,Attendance_5
137,Attendance_4
138,Attendance_2
145,VisitingTeam
180,VisitingTeamGameNumber
225,Attendance_1
251,Year
254,DayofMonth
