Value,Feature
0,Capacity
0,Cy_Young_in_hometeam
0,Cy_Young_in_visitingteam
0,HomeTeam
0,HomeTeamDefense_PutOuts
0,HomeTeamDefense_TriplePlays
0,HomeTeamLeague
0,HomeTeamOffense_AwardedFirstonCatcherInterference
0,HomeTeamPitchers_Balks
0,HomeTeam_ws_winner
0,NBA_Team
0,NFL_Team
0,NHL_Team
0,NumberofGames
0,VisitingTeamDefense_PutOuts
0,VisitingTeamDefense_TriplePlays
0,VisitingTeamOffense_AwardedFirstonCatcherInterference
0,VisitingTeamPitchers_Balks
0,VisitingTeam_ws_winner
0,date_int
0,holidayName
0,is_public_holiday
0,last_game_record
0,mean_attendance
0,opening_day
1,HomeTeamPitchers_TeamEarnedRuns
2,VisitingTeamLeague
2,VisitingTeamOffense_IntentionalWalks
2,VisitingTeamPitchers_TeamEarnedRuns
3,HomeTeamDefense_PassedBalls
4,HomeTeamOffense_SacrificeHits
4,VisitingTeamOffense_CaughtStealing
6,HomeTeamOffense_HitbyPitch
6,VisitingTeamDefense_PassedBalls
8,VisitingTeamOffense_Triples
10,HomeTeamOffense_CaughtStealing
10,HomeTeamOffense_SacrificeFlies
11,runs_allowed
12,HomeTeamOffense_IntentionalWalks
12,MVP_in_visitingteam
12,VisitingTeamPitchers_WildPitches
12,w_or_l_int
13,HomeTeamOffense_Triples
13,VisitingTeamOffense_HitbyPitch
13,World_Series_Winner
14,VisitingTeamOffense_SacrificeHits
15,previous_home_as_cnt
16,runs
17,VisitingTeamOffense_SacrificeFlies
19,streak
20,MVP_in_hometeam
21,VisitingTeamOffense_StolenBases
24,HomeTeamDefense_DoublePlays
25,HomeTeamPitchers_WildPitches
27,div_rank
28,Month
28,VisitingTeamOffense_GroundedintoDoublePlay
30,VisitingTeamDefense_DoublePlays
31,HomeTeamOffense_GroundedintoDoublePlay
34,home_bat10
34,home_field10
36,last_game_div_rank
39,previous_visiting_as_cnt
40,HomeTeamOffense_StolenBases
40,home_pitch10
41,season_end_runs_mean
42,HomeTeamOffense_RBIs
42,NumberofOuts
42,VisitingTeamOffense_RBIs
42,home_as_cnt
43,VisitingTeamDefense_Errors
46,HomeTeamOffense_Homeruns
46,last_game_streak
48,opponent_season_end_rank
50,VisitingTeamPitchers_IndividualEarnedRuns
52,VisitingTeamOffense_Doubles
57,HomeTeamOffense_Doubles
57,HomeTeamPitchers_PitchersUsed
61,VisitingTeamOffense_Homeruns
62,HomeTeamDefense_Errors
62,HomeTeamScore
63,DayNight
63,season_end_runs_allowed_mean
64,HomeTeamPitchers_IndividualEarnedRuns
65,VisitingTeamPitchers_PitchersUsed
65,VistingTeamScore
68,is_weekend
70,season_end_w_l_ratio
71,visiting_bat10
73,visiting_field10
83,bat_avg_age
85,VisitingTeamOffense_Walks
86,visiting_as_cnt
87,visiting_pitch10
88,HomeTeamOffense_LeftOnBase
88,pitch_avg_age
90,HomeTeamOffense_Hits
94,HomeTeamOffense_Strickouts
96,HomeTeamOffense_AtBats
100,HomeTeamDefense_Assists
103,HomeTeamOffense_Walks
106,VisitingTeamOffense_LeftOnBase
108,VisitingTeamOffense_Strickouts
113,VisitingTeamOffense_AtBats
113,VisitingTeamOffense_Hits
145,opponent_season_end_w_l_ratio
165,DayofWeek
165,VisitingTeamDefense_Assists
173,VisitingTeam
189,opponent_season_end_runs_mean
193,runs_ma
218,w_l_ratio
223,opponent_season_end_runs_allowed_mean
229,runs_allowed_ma
239,last_game_w_l_ratio
241,Year
295,Attendance_4
304,Attendance_2
316,HomeTeamGameNumber
324,DayofMonth
326,Attendance_3
340,Attendance_5
367,Date
416,VisitingTeamGameNumber
508,Attendance_1
