Value,Feature
0,Capacity
0,Cy_Young_in_hometeam
0,Cy_Young_in_visitingteam
0,HomeTeam
0,HomeTeamDefense_PassedBalls
0,HomeTeamDefense_PutOuts
0,HomeTeamDefense_TriplePlays
0,HomeTeamLeague
0,HomeTeamOffense_AwardedFirstonCatcherInterference
0,HomeTeamOffense_CaughtStealing
0,HomeTeamOffense_HitbyPitch
0,HomeTeamOffense_SacrificeFlies
0,HomeTeamOffense_Triples
0,HomeTeamPitchers_Balks
0,HomeTeamPitchers_WildPitches
0,HomeTeam_ws_winner
0,MVP_in_hometeam
0,NBA_Team
0,NFL_Team
0,NHL_Team
0,VisitingTeamDefense_PassedBalls
0,VisitingTeamDefense_PutOuts
0,VisitingTeamDefense_TriplePlays
0,VisitingTeamOffense_AwardedFirstonCatcherInterference
0,VisitingTeamOffense_CaughtStealing
0,VisitingTeamOffense_IntentionalWalks
0,VisitingTeamOffense_SacrificeFlies
0,VisitingTeamOffense_Triples
0,VisitingTeamPitchers_Balks
0,VisitingTeam_ws_winner
0,date_int
0,holidayName
0,is_public_holiday
0,last_game_record
0,mean_attendance
0,opening_day
0,runs_allowed
0,streak
0,w_or_l_int
2,HomeTeamPitchers_TeamEarnedRuns
4,World_Series_Winner
5,HomeTeamOffense_IntentionalWalks
5,VisitingTeamPitchers_PitchersUsed
5,VisitingTeamPitchers_TeamEarnedRuns
5,VisitingTeamPitchers_WildPitches
5,runs
6,NumberofGames
7,HomeTeamOffense_SacrificeHits
7,VisitingTeamOffense_Doubles
8,VisitingTeamOffense_HitbyPitch
9,HomeTeamOffense_Homeruns
11,VisitingTeamOffense_StolenBases
12,HomeTeamOffense_Doubles
12,HomeTeamPitchers_IndividualEarnedRuns
12,home_pitch10
13,div_rank
14,VisitingTeamOffense_RBIs
14,VisitingTeamPitchers_IndividualEarnedRuns
15,HomeTeamOffense_StolenBases
15,VisitingTeamDefense_Errors
15,VisitingTeamOffense_GroundedintoDoublePlay
16,HomeTeamOffense_GroundedintoDoublePlay
16,HomeTeamOffense_Walks
17,HomeTeamDefense_Errors
17,HomeTeamScore
17,VisitingTeamOffense_SacrificeHits
17,opponent_season_end_rank
18,HomeTeamOffense_RBIs
18,VisitingTeamOffense_Homeruns
18,home_field10
19,HomeTeamOffense_Strickouts
19,VistingTeamScore
20,NumberofOuts
20,VisitingTeamOffense_Walks
22,HomeTeamDefense_DoublePlays
22,home_bat10
25,previous_home_as_cnt
27,HomeTeamOffense_LeftOnBase
27,VisitingTeamOffense_AtBats
28,VisitingTeamDefense_Assists
29,VisitingTeamDefense_DoublePlays
29,home_as_cnt
30,last_game_streak
31,VisitingTeamOffense_Strickouts
32,HomeTeamDefense_Assists
33,HomeTeamPitchers_PitchersUsed
37,season_end_runs_allowed_mean
40,last_game_div_rank
41,previous_visiting_as_cnt
46,pitch_avg_age
46,visiting_field10
47,Month
49,VisitingTeamOffense_LeftOnBase
52,HomeTeamOffense_Hits
53,visiting_as_cnt
56,season_end_w_l_ratio
62,VisitingTeamOffense_Hits
67,runs_allowed_ma
69,HomeTeamOffense_AtBats
69,runs_ma
72,HomeTeamGameNumber
72,VisitingTeamLeague
75,visiting_bat10
75,visiting_pitch10
76,season_end_runs_mean
87,is_weekend
88,opponent_season_end_runs_allowed_mean
89,MVP_in_visitingteam
105,opponent_season_end_w_l_ratio
125,Attendance_4
127,bat_avg_age
128,VisitingTeam
135,Attendance_3
141,DayofMonth
154,opponent_season_end_runs_mean
165,last_game_w_l_ratio
171,DayNight
176,Attendance_2
204,VisitingTeamGameNumber
207,w_l_ratio
212,DayofWeek
213,Year
238,Attendance_5
364,Date
460,Attendance_1
