Value,Feature
0,Capacity
0,Cy_Young_in_hometeam
0,Cy_Young_in_visitingteam
0,HomeTeam
0,HomeTeamDefense_PassedBalls
0,HomeTeamDefense_PutOuts
0,HomeTeamDefense_TriplePlays
0,HomeTeamLeague
0,HomeTeamOffense_AwardedFirstonCatcherInterference
0,HomeTeamPitchers_Balks
0,HomeTeam_ws_winner
0,NBA_Team
0,NFL_Team
0,NHL_Team
0,NumberofGames
0,VisitingTeamDefense_PassedBalls
0,VisitingTeamDefense_PutOuts
0,VisitingTeamDefense_TriplePlays
0,VisitingTeamOffense_AwardedFirstonCatcherInterference
0,VisitingTeamOffense_IntentionalWalks
0,VisitingTeamOffense_Triples
0,VisitingTeamPitchers_Balks
0,VisitingTeam_ws_winner
0,date_int
0,holidayName
0,is_public_holiday
0,last_game_record
0,mean_attendance
0,opening_day
0,runs
0,runs_allowed
1,HomeTeamOffense_IntentionalWalks
1,HomeTeamOffense_Triples
1,VisitingTeamLeague
1,VisitingTeamOffense_SacrificeFlies
3,VisitingTeamOffense_CaughtStealing
4,HomeTeamOffense_SacrificeFlies
4,HomeTeamPitchers_TeamEarnedRuns
4,HomeTeamPitchers_WildPitches
4,VisitingTeamPitchers_WildPitches
5,MVP_in_hometeam
6,HomeTeamOffense_Homeruns
6,VisitingTeamDefense_Errors
6,World_Series_Winner
7,w_or_l_int
8,VisitingTeamDefense_DoublePlays
11,HomeTeamOffense_HitbyPitch
11,VisitingTeamPitchers_TeamEarnedRuns
11,VistingTeamScore
13,HomeTeamOffense_StolenBases
13,streak
15,HomeTeamOffense_CaughtStealing
16,previous_home_as_cnt
17,home_as_cnt
18,previous_visiting_as_cnt
19,HomeTeamPitchers_IndividualEarnedRuns
19,opponent_season_end_rank
20,VisitingTeamOffense_HitbyPitch
20,VisitingTeamOffense_SacrificeHits
22,HomeTeamOffense_SacrificeHits
22,VisitingTeamOffense_GroundedintoDoublePlay
27,visiting_as_cnt
28,home_field10
29,VisitingTeamOffense_Doubles
29,VisitingTeamPitchers_PitchersUsed
30,HomeTeamOffense_Hits
31,MVP_in_visitingteam
32,HomeTeamScore
32,VisitingTeamPitchers_IndividualEarnedRuns
33,HomeTeamDefense_DoublePlays
33,home_pitch10
34,HomeTeamPitchers_PitchersUsed
34,VisitingTeamOffense_RBIs
35,NumberofOuts
38,last_game_streak
40,VisitingTeamOffense_LeftOnBase
40,bat_avg_age
43,HomeTeamOffense_GroundedintoDoublePlay
43,VisitingTeamOffense_Walks
45,home_bat10
48,HomeTeamDefense_Errors
50,VisitingTeamOffense_Homeruns
54,HomeTeamOffense_AtBats
57,visiting_bat10
62,VisitingTeamOffense_AtBats
63,VisitingTeamOffense_Strickouts
66,VisitingTeamDefense_Assists
66,pitch_avg_age
67,VisitingTeamOffense_StolenBases
72,HomeTeamOffense_Strickouts
77,HomeTeamOffense_Doubles
78,visiting_field10
80,Month
86,HomeTeamOffense_RBIs
88,w_l_ratio
92,visiting_pitch10
96,VisitingTeamOffense_Hits
96,div_rank
107,season_end_w_l_ratio
109,HomeTeamOffense_LeftOnBase
118,opponent_season_end_runs_allowed_mean
119,DayNight
119,season_end_runs_mean
124,HomeTeamDefense_Assists
127,last_game_div_rank
129,season_end_runs_allowed_mean
132,VisitingTeam
137,HomeTeamOffense_Walks
165,runs_allowed_ma
167,opponent_season_end_w_l_ratio
192,is_weekend
196,runs_ma
210,opponent_season_end_runs_mean
244,last_game_w_l_ratio
270,VisitingTeamGameNumber
301,HomeTeamGameNumber
318,DayofWeek
333,Year
336,DayofMonth
444,Attendance_3
444,Attendance_4
465,Date
499,Attendance_2
736,Attendance_5
1072,Attendance_1
