Value,Feature
0,Capacity
0,Cy_Young_in_hometeam
0,Cy_Young_in_visitingteam
0,HomeTeam
0,HomeTeamDefense_PassedBalls
0,HomeTeamDefense_PutOuts
0,HomeTeamDefense_TriplePlays
0,HomeTeamLeague
0,HomeTeamOffense_AwardedFirstonCatcherInterference
0,HomeTeamOffense_CaughtStealing
0,HomeTeamPitchers_Balks
0,HomeTeamPitchers_TeamEarnedRuns
0,HomeTeam_ws_winner
0,NFL_Team
0,NHL_Team
0,NumberofGames
0,VisitingTeamDefense_PassedBalls
0,VisitingTeamDefense_PutOuts
0,VisitingTeamDefense_TriplePlays
0,VisitingTeamOffense_AwardedFirstonCatcherInterference
0,VisitingTeamOffense_CaughtStealing
0,VisitingTeamOffense_IntentionalWalks
0,VisitingTeamPitchers_Balks
0,VisitingTeam_ws_winner
0,date_int
0,holidayName
0,is_public_holiday
0,last_game_record
0,mean_attendance
0,opening_day
2,VisitingTeamOffense_SacrificeFlies
2,VisitingTeamPitchers_TeamEarnedRuns
3,HomeTeamOffense_SacrificeHits
3,HomeTeamOffense_Triples
3,runs_allowed
4,HomeTeamOffense_IntentionalWalks
4,streak
5,HomeTeamPitchers_WildPitches
5,MVP_in_hometeam
5,VisitingTeamLeague
5,w_or_l_int
6,HomeTeamOffense_GroundedintoDoublePlay
6,VisitingTeamPitchers_WildPitches
8,VisitingTeamOffense_StolenBases
9,HomeTeamOffense_HitbyPitch
9,VisitingTeamOffense_Triples
9,World_Series_Winner
10,HomeTeamOffense_SacrificeFlies
10,NBA_Team
10,div_rank
12,HomeTeamOffense_StolenBases
12,MVP_in_visitingteam
13,VisitingTeamOffense_SacrificeHits
14,VisitingTeamOffense_HitbyPitch
14,VistingTeamScore
15,HomeTeamPitchers_IndividualEarnedRuns
15,VisitingTeamDefense_DoublePlays
17,NumberofOuts
19,VisitingTeamOffense_Doubles
20,HomeTeamOffense_Homeruns
20,VisitingTeamOffense_GroundedintoDoublePlay
20,home_as_cnt
20,home_pitch10
21,opponent_season_end_rank
22,season_end_runs_allowed_mean
23,last_game_streak
26,HomeTeamDefense_DoublePlays
29,VisitingTeamPitchers_PitchersUsed
30,VisitingTeamOffense_Homeruns
30,home_bat10
30,home_field10
31,HomeTeamPitchers_PitchersUsed
31,HomeTeamScore
31,runs
33,HomeTeamOffense_Walks
34,VisitingTeamOffense_Hits
35,VisitingTeamOffense_LeftOnBase
35,VisitingTeamOffense_Walks
36,VisitingTeamOffense_RBIs
37,HomeTeamOffense_Doubles
38,VisitingTeamOffense_AtBats
38,last_game_div_rank
38,visiting_bat10
39,visiting_field10
40,HomeTeamOffense_RBIs
40,season_end_runs_mean
41,HomeTeamDefense_Errors
41,previous_home_as_cnt
42,HomeTeamOffense_Strickouts
43,HomeTeamOffense_LeftOnBase
44,HomeTeamOffense_AtBats
45,visiting_pitch10
47,VisitingTeamDefense_Errors
50,HomeTeamOffense_Hits
59,VisitingTeamDefense_Assists
62,pitch_avg_age
65,VisitingTeamOffense_Strickouts
66,HomeTeamDefense_Assists
67,VisitingTeamPitchers_IndividualEarnedRuns
68,visiting_as_cnt
72,previous_visiting_as_cnt
78,season_end_w_l_ratio
87,bat_avg_age
92,is_weekend
92,runs_allowed_ma
105,Month
105,opponent_season_end_w_l_ratio
111,Attendance_3
111,runs_ma
144,w_l_ratio
152,last_game_w_l_ratio
152,opponent_season_end_runs_allowed_mean
158,VisitingTeam
190,DayNight
191,opponent_season_end_runs_mean
205,Date
207,Attendance_2
243,Attendance_5
257,HomeTeamGameNumber
260,DayofMonth
298,Year
318,Attendance_4
362,DayofWeek
379,VisitingTeamGameNumber
520,Attendance_1
