Value,Feature
0,Capacity
0,Cy_Young_in_hometeam
0,Cy_Young_in_visitingteam
0,HomeTeam
0,HomeTeamDefense_PassedBalls
0,HomeTeamDefense_PutOuts
0,HomeTeamDefense_TriplePlays
0,HomeTeamLeague
0,HomeTeamOffense_AwardedFirstonCatcherInterference
0,HomeTeamPitchers_Balks
0,HomeTeam_ws_winner
0,NBA_Team
0,NFL_Team
0,NHL_Team
0,NumberofGames
0,VisitingTeamDefense_PutOuts
0,VisitingTeamDefense_TriplePlays
0,VisitingTeamOffense_AwardedFirstonCatcherInterference
0,VisitingTeamOffense_Triples
0,VisitingTeamPitchers_Balks
0,VisitingTeam_ws_winner
0,date_int
0,holidayName
0,is_public_holiday
0,last_game_record
0,mean_attendance
0,opening_day
1,HomeTeamOffense_SacrificeHits
1,HomeTeamPitchers_TeamEarnedRuns
2,HomeTeamOffense_CaughtStealing
2,VisitingTeamDefense_PassedBalls
2,VisitingTeamOffense_SacrificeHits
2,World_Series_Winner
3,VisitingTeamOffense_CaughtStealing
5,HomeTeamOffense_Triples
6,VisitingTeamOffense_IntentionalWalks
7,VisitingTeamLeague
11,HomeTeamOffense_HitbyPitch
11,HomeTeamOffense_StolenBases
12,Month
12,VisitingTeamOffense_SacrificeFlies
13,VisitingTeamPitchers_TeamEarnedRuns
14,HomeTeamOffense_IntentionalWalks
17,w_or_l_int
18,HomeTeamOffense_SacrificeFlies
18,MVP_in_hometeam
19,HomeTeamPitchers_WildPitches
20,MVP_in_visitingteam
21,VisitingTeamOffense_HitbyPitch
31,opponent_season_end_rank
33,home_field10
34,runs_allowed
35,VisitingTeamOffense_GroundedintoDoublePlay
35,div_rank
36,pitch_avg_age
36,streak
37,HomeTeamOffense_GroundedintoDoublePlay
40,HomeTeamOffense_Homeruns
45,last_game_streak
46,HomeTeamDefense_Errors
48,HomeTeamOffense_Doubles
49,VisitingTeamOffense_StolenBases
50,VisitingTeamDefense_DoublePlays
56,HomeTeamDefense_DoublePlays
57,NumberofOuts
57,home_as_cnt
64,VisitingTeamPitchers_WildPitches
65,VisitingTeamDefense_Errors
66,VisitingTeamPitchers_IndividualEarnedRuns
70,runs
71,VisitingTeamOffense_Doubles
74,HomeTeamOffense_RBIs
80,home_pitch10
82,HomeTeamScore
84,HomeTeamPitchers_PitchersUsed
86,last_game_div_rank
89,HomeTeamOffense_Walks
96,VisitingTeamOffense_Homeruns
98,is_weekend
100,VisitingTeamDefense_Assists
103,VistingTeamScore
106,previous_home_as_cnt
107,VisitingTeamOffense_LeftOnBase
107,VisitingTeamOffense_RBIs
111,VisitingTeamOffense_Hits
112,visiting_pitch10
113,HomeTeamDefense_Assists
115,VisitingTeamOffense_Walks
116,home_bat10
119,visiting_field10
120,HomeTeamOffense_LeftOnBase
124,bat_avg_age
127,VisitingTeamOffense_Strickouts
128,VisitingTeam
131,HomeTeamOffense_Hits
137,VisitingTeamOffense_AtBats
138,season_end_runs_allowed_mean
138,visiting_bat10
143,w_l_ratio
147,previous_visiting_as_cnt
150,HomeTeamPitchers_IndividualEarnedRuns
156,HomeTeamOffense_Strickouts
161,VisitingTeamPitchers_PitchersUsed
161,season_end_runs_mean
169,HomeTeamOffense_AtBats
176,visiting_as_cnt
178,DayNight
190,season_end_w_l_ratio
209,DayofWeek
214,last_game_w_l_ratio
249,runs_allowed_ma
262,opponent_season_end_runs_mean
271,opponent_season_end_runs_allowed_mean
274,runs_ma
287,opponent_season_end_w_l_ratio
338,DayofMonth
340,Year
403,Attendance_3
457,HomeTeamGameNumber
466,Attendance_2
488,Attendance_4
682,Attendance_5
742,VisitingTeamGameNumber
1073,Attendance_1
1337,Date
