Value,Feature
0,Capacity
0,Cy_Young_in_hometeam
0,Cy_Young_in_visitingteam
0,HomeTeam
0,HomeTeamDefense_PutOuts
0,HomeTeamDefense_TriplePlays
0,HomeTeamLeague
0,HomeTeamOffense_AwardedFirstonCatcherInterference
0,HomeTeamPitchers_Balks
0,NBA_Team
0,NFL_Team
0,NHL_Team
0,VisitingTeamDefense_PutOuts
0,VisitingTeamDefense_TriplePlays
0,VisitingTeamOffense_AwardedFirstonCatcherInterference
0,date_int
0,holidayName
0,last_game_record
0,mean_attendance
0,opening_day
1,HomeTeamPitchers_TeamEarnedRuns
1,HomeTeam_ws_winner
1,VisitingTeamDefense_PassedBalls
1,VisitingTeamPitchers_Balks
1,is_public_holiday
2,VisitingTeamPitchers_TeamEarnedRuns
2,VisitingTeam_ws_winner
5,NumberofGames
6,MVP_in_hometeam
7,HomeTeamOffense_Triples
7,VisitingTeamOffense_Triples
7,w_or_l_int
11,HomeTeamDefense_PassedBalls
11,VisitingTeamOffense_IntentionalWalks
11,runs_allowed
12,runs
13,HomeTeamOffense_IntentionalWalks
14,World_Series_Winner
15,VisitingTeamOffense_SacrificeFlies
16,HomeTeamOffense_SacrificeFlies
18,HomeTeamPitchers_WildPitches
20,HomeTeamOffense_CaughtStealing
20,VisitingTeamLeague
20,VisitingTeamOffense_SacrificeHits
21,MVP_in_visitingteam
22,previous_home_as_cnt
23,home_as_cnt
24,home_bat10
25,HomeTeamOffense_SacrificeHits
28,Month
28,home_field10
32,NumberofOuts
32,VisitingTeamOffense_CaughtStealing
34,VisitingTeamOffense_HitbyPitch
34,div_rank
36,HomeTeamOffense_HitbyPitch
39,HomeTeamOffense_StolenBases
39,streak
40,season_end_runs_mean
42,HomeTeamDefense_DoublePlays
43,HomeTeamOffense_RBIs
48,HomeTeamDefense_Errors
48,VisitingTeamPitchers_WildPitches
49,VisitingTeamOffense_GroundedintoDoublePlay
49,last_game_streak
51,previous_visiting_as_cnt
52,HomeTeamOffense_GroundedintoDoublePlay
53,VisitingTeamOffense_StolenBases
53,VistingTeamScore
56,DayNight
56,VisitingTeamDefense_DoublePlays
59,VisitingTeamOffense_RBIs
59,opponent_season_end_rank
60,home_pitch10
61,HomeTeamScore
62,bat_avg_age
64,visiting_bat10
67,HomeTeamOffense_Homeruns
69,VisitingTeamPitchers_PitchersUsed
70,HomeTeamPitchers_IndividualEarnedRuns
70,pitch_avg_age
74,HomeTeamOffense_Walks
74,season_end_w_l_ratio
75,HomeTeamPitchers_PitchersUsed
75,VisitingTeamOffense_Homeruns
77,season_end_runs_allowed_mean
81,VisitingTeamDefense_Errors
82,last_game_div_rank
82,visiting_as_cnt
84,VisitingTeamOffense_Doubles
84,VisitingTeamPitchers_IndividualEarnedRuns
86,HomeTeamOffense_Doubles
88,visiting_pitch10
94,is_weekend
100,VisitingTeamOffense_Hits
100,VisitingTeamOffense_Walks
103,visiting_field10
112,HomeTeamOffense_Hits
116,HomeTeamOffense_AtBats
123,VisitingTeamOffense_AtBats
129,HomeTeamOffense_Strickouts
130,VisitingTeamOffense_LeftOnBase
134,DayofWeek
136,HomeTeamOffense_LeftOnBase
139,HomeTeamDefense_Assists
160,VisitingTeamOffense_Strickouts
165,VisitingTeamDefense_Assists
168,VisitingTeam
174,opponent_season_end_w_l_ratio
206,runs_ma
216,runs_allowed_ma
218,opponent_season_end_runs_mean
219,opponent_season_end_runs_allowed_mean
242,Date
254,last_game_w_l_ratio
274,w_l_ratio
297,HomeTeamGameNumber
318,Attendance_2
321,Year
333,Attendance_4
353,Attendance_3
369,DayofMonth
416,Attendance_5
438,Attendance_1
506,VisitingTeamGameNumber
