Value,Feature
0,Capacity
0,Cy_Young_in_hometeam
0,Cy_Young_in_visitingteam
0,HomeTeam
0,HomeTeamDefense_DoublePlays
0,HomeTeamDefense_PassedBalls
0,HomeTeamDefense_PutOuts
0,HomeTeamDefense_TriplePlays
0,HomeTeamLeague
0,HomeTeamOffense_AwardedFirstonCatcherInterference
0,HomeTeamOffense_CaughtStealing
0,HomeTeamOffense_GroundedintoDoublePlay
0,HomeTeamOffense_SacrificeFlies
0,HomeTeamOffense_SacrificeHits
0,HomeTeamOffense_StolenBases
0,HomeTeamPitchers_Balks
0,HomeTeamPitchers_TeamEarnedRuns
0,HomeTeamPitchers_WildPitches
0,HomeTeam_ws_winner
0,NBA_Team
0,NFL_Team
0,NHL_Team
0,NumberofGames
0,NumberofOuts
0,VisitingTeamDefense_PassedBalls
0,VisitingTeamDefense_PutOuts
0,VisitingTeamDefense_TriplePlays
0,VisitingTeamOffense_AwardedFirstonCatcherInterference
0,VisitingTeamOffense_CaughtStealing
0,VisitingTeamOffense_HitbyPitch
0,VisitingTeamOffense_IntentionalWalks
0,VisitingTeamOffense_SacrificeHits
0,VisitingTeamOffense_Triples
0,VisitingTeamPitchers_Balks
0,VisitingTeamPitchers_IndividualEarnedRuns
0,VisitingTeamPitchers_PitchersUsed
0,VisitingTeamPitchers_WildPitches
0,VisitingTeam_ws_winner
0,VistingTeamScore
0,date_int
0,div_rank
0,holidayName
0,home_field10
0,home_pitch10
0,is_public_holiday
0,last_game_record
0,mean_attendance
0,opening_day
0,runs
0,w_or_l_int
1,HomeTeamDefense_Errors
1,HomeTeamOffense_Doubles
1,HomeTeamOffense_HitbyPitch
1,HomeTeamOffense_IntentionalWalks
1,HomeTeamOffense_Triples
1,HomeTeamPitchers_IndividualEarnedRuns
1,HomeTeamPitchers_PitchersUsed
1,HomeTeamScore
1,MVP_in_visitingteam
1,VisitingTeamLeague
1,VisitingTeamOffense_AtBats
1,VisitingTeamOffense_Hits
1,VisitingTeamPitchers_TeamEarnedRuns
1,previous_home_as_cnt
1,season_end_runs_mean
1,streak
2,HomeTeamOffense_Homeruns
2,HomeTeamOffense_RBIs
2,VisitingTeamDefense_DoublePlays
2,VisitingTeamOffense_GroundedintoDoublePlay
2,VisitingTeamOffense_RBIs
2,VisitingTeamOffense_SacrificeFlies
2,VisitingTeamOffense_Strickouts
2,home_bat10
2,previous_visiting_as_cnt
2,runs_allowed
2,visiting_pitch10
3,VisitingTeamDefense_Errors
3,VisitingTeamOffense_Homeruns
3,VisitingTeamOffense_StolenBases
3,bat_avg_age
3,runs_allowed_ma
3,season_end_runs_allowed_mean
3,visiting_field10
4,home_as_cnt
4,season_end_w_l_ratio
5,HomeTeamOffense_Hits
5,VisitingTeamOffense_Doubles
5,World_Series_Winner
6,HomeTeamDefense_Assists
7,HomeTeamOffense_Walks
7,opponent_season_end_runs_allowed_mean
8,VisitingTeamDefense_Assists
8,VisitingTeamOffense_LeftOnBase
8,opponent_season_end_w_l_ratio
9,HomeTeamOffense_LeftOnBase
9,VisitingTeamOffense_Walks
9,is_weekend
10,HomeTeamOffense_AtBats
10,MVP_in_hometeam
12,visiting_bat10
14,HomeTeamOffense_Strickouts
14,opponent_season_end_rank
15,DayNight
15,runs_ma
16,last_game_div_rank
16,pitch_avg_age
17,last_game_streak
18,visiting_as_cnt
19,Attendance_3
21,w_l_ratio
23,Attendance_2
27,last_game_w_l_ratio
28,opponent_season_end_runs_mean
30,Attendance_4
33,Attendance_5
39,Date
43,Month
49,VisitingTeamGameNumber
59,HomeTeamGameNumber
99,VisitingTeam
123,Attendance_1
128,DayofWeek
136,DayofMonth
138,Year
