Value,Feature
0,Cy_Young_in_hometeam
0,Cy_Young_in_visitingteam
0,HomeTeam
0,HomeTeamDefense_PassedBalls
0,HomeTeamDefense_PutOuts
0,HomeTeamDefense_TriplePlays
0,HomeTeamLeague
0,HomeTeamOffense_AwardedFirstonCatcherInterference
0,HomeTeamPitchers_Balks
0,HomeTeam_ws_winner
0,NBA_Team
0,NFL_Team
0,NHL_Team
0,VisitingTeamDefense_PassedBalls
0,VisitingTeamDefense_PutOuts
0,VisitingTeamDefense_TriplePlays
0,VisitingTeamOffense_AwardedFirstonCatcherInterference
0,VisitingTeamPitchers_Balks
0,VisitingTeam_ws_winner
0,date_int
0,holidayName
0,is_public_holiday
0,last_game_record
0,mean_attendance
0,opening_day
1,HomeTeamOffense_HitbyPitch
2,NumberofGames
3,HomeTeamPitchers_TeamEarnedRuns
3,VisitingTeamOffense_Triples
4,Capacity
4,MVP_in_hometeam
4,VisitingTeamLeague
4,VisitingTeamPitchers_TeamEarnedRuns
4,VisitingTeamPitchers_WildPitches
5,HomeTeamOffense_CaughtStealing
5,previous_home_as_cnt
6,HomeTeamOffense_SacrificeFlies
7,HomeTeamOffense_SacrificeHits
7,HomeTeamOffense_Triples
7,VisitingTeamOffense_HitbyPitch
9,HomeTeamPitchers_WildPitches
9,VisitingTeamOffense_SacrificeFlies
13,HomeTeamOffense_IntentionalWalks
13,home_pitch10
14,VisitingTeamOffense_SacrificeHits
14,World_Series_Winner
17,w_or_l_int
19,home_field10
21,VisitingTeamOffense_IntentionalWalks
22,home_as_cnt
24,MVP_in_visitingteam
25,VisitingTeamOffense_StolenBases
25,VistingTeamScore
28,bat_avg_age
28,streak
29,pitch_avg_age
32,VisitingTeamOffense_Homeruns
33,HomeTeamPitchers_PitchersUsed
33,last_game_div_rank
33,runs
34,HomeTeamDefense_Errors
35,opponent_season_end_rank
36,HomeTeamOffense_Homeruns
36,HomeTeamOffense_RBIs
36,runs_allowed
37,VisitingTeamPitchers_PitchersUsed
38,div_rank
39,HomeTeamDefense_DoublePlays
39,HomeTeamScore
39,VisitingTeamDefense_Errors
40,visiting_pitch10
41,VisitingTeamPitchers_IndividualEarnedRuns
42,HomeTeamOffense_GroundedintoDoublePlay
44,VisitingTeamDefense_DoublePlays
44,VisitingTeamOffense_RBIs
46,HomeTeamPitchers_IndividualEarnedRuns
47,VisitingTeamOffense_GroundedintoDoublePlay
48,HomeTeamOffense_StolenBases
54,HomeTeamOffense_Doubles
54,VisitingTeamOffense_CaughtStealing
59,HomeTeamOffense_Hits
62,season_end_runs_mean
63,home_bat10
65,season_end_runs_allowed_mean
66,NumberofOuts
67,HomeTeamDefense_Assists
67,VisitingTeamOffense_AtBats
69,previous_visiting_as_cnt
72,VisitingTeamOffense_Walks
73,visiting_bat10
73,visiting_field10
76,VisitingTeamOffense_Doubles
78,HomeTeamOffense_AtBats
78,visiting_as_cnt
86,Month
88,VisitingTeamOffense_Hits
91,VisitingTeamOffense_Strickouts
97,HomeTeamOffense_Walks
100,HomeTeamOffense_Strickouts
101,last_game_streak
106,HomeTeamOffense_LeftOnBase
109,VisitingTeamOffense_LeftOnBase
109,runs_allowed_ma
110,VisitingTeamDefense_Assists
112,DayNight
114,runs_ma
115,opponent_season_end_w_l_ratio
128,season_end_w_l_ratio
134,w_l_ratio
140,opponent_season_end_runs_mean
154,HomeTeamGameNumber
166,is_weekend
169,opponent_season_end_runs_allowed_mean
177,last_game_w_l_ratio
212,Attendance_4
222,Attendance_5
231,Attendance_3
270,VisitingTeam
297,Date
307,Attendance_2
315,DayofWeek
341,VisitingTeamGameNumber
370,Year
432,DayofMonth
991,Attendance_1
