Value,Feature
0,Capacity
0,Cy_Young_in_hometeam
0,Cy_Young_in_visitingteam
0,HomeTeam
0,HomeTeamDefense_PassedBalls
0,HomeTeamDefense_PutOuts
0,HomeTeamDefense_TriplePlays
0,HomeTeamLeague
0,HomeTeamOffense_AwardedFirstonCatcherInterference
0,HomeTeamPitchers_Balks
0,HomeTeam_ws_winner
0,NBA_Team
0,NFL_Team
0,NHL_Team
0,NumberofGames
0,VisitingTeamDefense_PassedBalls
0,VisitingTeamDefense_PutOuts
0,VisitingTeamDefense_TriplePlays
0,VisitingTeamOffense_AwardedFirstonCatcherInterference
0,VisitingTeamPitchers_Balks
0,VisitingTeam_ws_winner
0,World_Series_Winner
0,date_int
0,holidayName
0,is_public_holiday
0,last_game_record
0,mean_attendance
0,opening_day
1,HomeTeamPitchers_TeamEarnedRuns
1,streak
3,VisitingTeamPitchers_TeamEarnedRuns
10,HomeTeamOffense_CaughtStealing
10,last_game_streak
13,HomeTeamOffense_Triples
13,w_or_l_int
15,VisitingTeamOffense_CaughtStealing
17,HomeTeamPitchers_WildPitches
18,runs_allowed
19,MVP_in_hometeam
23,VisitingTeamOffense_Triples
25,VisitingTeamOffense_IntentionalWalks
26,HomeTeamOffense_IntentionalWalks
29,runs
30,HomeTeamOffense_HitbyPitch
36,VisitingTeamPitchers_WildPitches
48,NumberofOuts
50,VisitingTeamOffense_StolenBases
53,VisitingTeamOffense_SacrificeFlies
61,div_rank
65,previous_home_as_cnt
71,VisitingTeamOffense_SacrificeHits
73,VisitingTeamLeague
74,home_as_cnt
77,HomeTeamOffense_SacrificeHits
78,HomeTeamOffense_SacrificeFlies
84,HomeTeamDefense_Errors
85,HomeTeamDefense_DoublePlays
89,HomeTeamOffense_StolenBases
94,VisitingTeamOffense_GroundedintoDoublePlay
94,VisitingTeamOffense_HitbyPitch
95,MVP_in_visitingteam
95,VisitingTeamDefense_Errors
96,VisitingTeamOffense_RBIs
98,VistingTeamScore
100,HomeTeamPitchers_IndividualEarnedRuns
100,VisitingTeamDefense_DoublePlays
106,pitch_avg_age
124,HomeTeamOffense_RBIs
124,VisitingTeamOffense_Homeruns
127,last_game_div_rank
129,VisitingTeamPitchers_IndividualEarnedRuns
130,home_bat10
136,opponent_season_end_rank
144,home_pitch10
147,VisitingTeamPitchers_PitchersUsed
148,home_field10
150,HomeTeamScore
152,HomeTeamOffense_Homeruns
158,HomeTeamPitchers_PitchersUsed
160,HomeTeamOffense_GroundedintoDoublePlay
169,Month
170,HomeTeamOffense_Doubles
180,bat_avg_age
200,is_weekend
201,previous_visiting_as_cnt
208,season_end_w_l_ratio
209,VisitingTeamOffense_LeftOnBase
229,HomeTeamDefense_Assists
234,HomeTeamOffense_Walks
238,VisitingTeamOffense_Doubles
251,HomeTeamOffense_LeftOnBase
274,visiting_pitch10
285,DayNight
291,season_end_runs_mean
294,VisitingTeamOffense_Walks
299,visiting_field10
300,visiting_bat10
309,VisitingTeamOffense_Hits
325,VisitingTeamOffense_Strickouts
326,HomeTeamOffense_AtBats
337,visiting_as_cnt
341,season_end_runs_allowed_mean
356,HomeTeamOffense_Hits
361,DayofMonth
377,HomeTeamOffense_Strickouts
380,VisitingTeamOffense_AtBats
442,VisitingTeam
455,opponent_season_end_runs_allowed_mean
488,runs_allowed_ma
494,runs_ma
525,Year
526,last_game_w_l_ratio
549,VisitingTeamDefense_Assists
550,DayofWeek
557,opponent_season_end_w_l_ratio
603,Date
624,Attendance_3
647,opponent_season_end_runs_mean
661,w_l_ratio
822,Attendance_5
836,Attendance_2
864,HomeTeamGameNumber
951,Attendance_4
1057,VisitingTeamGameNumber
1745,Attendance_1
