Value,Feature
0,Capacity
0,Cy_Young_in_hometeam
0,Cy_Young_in_visitingteam
0,HomeTeam
0,HomeTeamDefense_PutOuts
0,HomeTeamDefense_TriplePlays
0,HomeTeamLeague
0,HomeTeamOffense_AwardedFirstonCatcherInterference
0,HomeTeamPitchers_Balks
0,HomeTeam_ws_winner
0,MVP_in_hometeam
0,NBA_Team
0,NFL_Team
0,NHL_Team
0,VisitingTeamDefense_PassedBalls
0,VisitingTeamDefense_PutOuts
0,VisitingTeamDefense_TriplePlays
0,VisitingTeamOffense_AwardedFirstonCatcherInterference
0,VisitingTeamPitchers_Balks
0,VisitingTeam_ws_winner
0,date_int
0,holidayName
0,last_game_record
0,mean_attendance
0,opening_day
2,HomeTeamOffense_Triples
3,HomeTeamDefense_PassedBalls
4,NumberofGames
4,VisitingTeamOffense_IntentionalWalks
4,w_or_l_int
5,HomeTeamPitchers_TeamEarnedRuns
7,HomeTeamOffense_SacrificeHits
11,VisitingTeamPitchers_TeamEarnedRuns
11,World_Series_Winner
16,VisitingTeamOffense_SacrificeHits
16,VisitingTeamOffense_Triples
16,previous_home_as_cnt
20,VisitingTeamLeague
22,HomeTeamOffense_SacrificeFlies
24,home_as_cnt
25,HomeTeamOffense_CaughtStealing
25,HomeTeamOffense_IntentionalWalks
25,VisitingTeamOffense_SacrificeFlies
25,home_bat10
25,runs
27,HomeTeamOffense_HitbyPitch
28,HomeTeamPitchers_WildPitches
28,runs_allowed
29,VisitingTeamOffense_HitbyPitch
30,VisitingTeamOffense_CaughtStealing
32,VisitingTeamPitchers_WildPitches
32,previous_visiting_as_cnt
33,HomeTeamOffense_GroundedintoDoublePlay
33,HomeTeamOffense_StolenBases
34,HomeTeamDefense_DoublePlays
34,MVP_in_visitingteam
34,div_rank
36,VisitingTeamPitchers_PitchersUsed
39,VisitingTeamDefense_Errors
40,HomeTeamScore
42,HomeTeamOffense_RBIs
42,VisitingTeamOffense_Doubles
43,HomeTeamDefense_Errors
43,Month
43,streak
45,VisitingTeamOffense_Homeruns
47,HomeTeamOffense_Homeruns
48,home_field10
49,last_game_streak
52,bat_avg_age
53,VisitingTeamOffense_RBIs
55,HomeTeamOffense_Doubles
55,is_public_holiday
56,VisitingTeamOffense_StolenBases
56,season_end_runs_allowed_mean
59,HomeTeamPitchers_IndividualEarnedRuns
59,home_pitch10
60,NumberofOuts
61,VisitingTeamPitchers_IndividualEarnedRuns
65,VisitingTeamOffense_GroundedintoDoublePlay
65,season_end_w_l_ratio
66,VisitingTeamOffense_Strickouts
67,is_weekend
69,VisitingTeamOffense_Hits
69,VistingTeamScore
71,HomeTeamPitchers_PitchersUsed
71,VisitingTeamDefense_DoublePlays
73,visiting_bat10
76,opponent_season_end_rank
89,visiting_as_cnt
92,season_end_runs_mean
96,visiting_field10
98,HomeTeamOffense_Hits
99,VisitingTeamDefense_Assists
107,VisitingTeamOffense_Walks
110,HomeTeamOffense_Walks
117,HomeTeamDefense_Assists
117,pitch_avg_age
122,HomeTeamOffense_AtBats
124,HomeTeamOffense_LeftOnBase
124,visiting_pitch10
128,VisitingTeamOffense_AtBats
135,VisitingTeamOffense_LeftOnBase
146,opponent_season_end_w_l_ratio
152,last_game_div_rank
163,HomeTeamOffense_Strickouts
172,DayNight
197,opponent_season_end_runs_allowed_mean
219,runs_ma
242,Attendance_2
243,w_l_ratio
266,opponent_season_end_runs_mean
299,last_game_w_l_ratio
299,runs_allowed_ma
305,Attendance_3
312,Attendance_5
322,VisitingTeam
342,Attendance_4
367,Date
462,DayofWeek
462,HomeTeamGameNumber
554,Year
570,DayofMonth
705,VisitingTeamGameNumber
724,Attendance_1
