Value,Feature
0,Capacity
0,Cy_Young_in_hometeam
0,Cy_Young_in_visitingteam
0,HomeTeam
0,HomeTeamDefense_PutOuts
0,HomeTeamDefense_TriplePlays
0,HomeTeamLeague
0,HomeTeamOffense_AwardedFirstonCatcherInterference
0,HomeTeamPitchers_TeamEarnedRuns
0,HomeTeam_ws_winner
0,NBA_Team
0,NFL_Team
0,NHL_Team
0,NumberofGames
0,VisitingTeamDefense_TriplePlays
0,VisitingTeamLeague
0,VisitingTeamOffense_AwardedFirstonCatcherInterference
0,VisitingTeamOffense_Triples
0,VisitingTeamPitchers_Balks
0,VisitingTeam_ws_winner
0,date_int
0,holidayName
0,is_public_holiday
0,last_game_record
0,mean_attendance
0,opening_day
1,HomeTeamPitchers_Balks
1,VisitingTeamDefense_PassedBalls
1,VisitingTeamDefense_PutOuts
1,VisitingTeamOffense_SacrificeFlies
2,HomeTeamOffense_Triples
2,VisitingTeamOffense_CaughtStealing
3,VisitingTeamOffense_SacrificeHits
4,HomeTeamOffense_IntentionalWalks
4,VisitingTeamOffense_IntentionalWalks
7,VisitingTeamOffense_HitbyPitch
8,HomeTeamDefense_PassedBalls
8,HomeTeamOffense_CaughtStealing
8,VisitingTeamPitchers_WildPitches
9,HomeTeamOffense_SacrificeHits
9,VisitingTeamPitchers_TeamEarnedRuns
9,home_as_cnt
9,home_bat10
9,previous_home_as_cnt
10,HomeTeamOffense_SacrificeFlies
11,HomeTeamOffense_HitbyPitch
11,HomeTeamPitchers_WildPitches
12,w_or_l_int
13,MVP_in_hometeam
13,home_field10
13,runs_allowed
14,VisitingTeamOffense_StolenBases
15,runs
17,NumberofOuts
18,World_Series_Winner
18,div_rank
20,HomeTeamDefense_Errors
20,VisitingTeamDefense_DoublePlays
20,VisitingTeamOffense_Homeruns
21,HomeTeamOffense_GroundedintoDoublePlay
21,streak
23,HomeTeamOffense_RBIs
23,last_game_div_rank
25,MVP_in_visitingteam
25,VisitingTeamOffense_RBIs
25,home_pitch10
27,opponent_season_end_rank
28,HomeTeamScore
29,HomeTeamDefense_DoublePlays
29,VistingTeamScore
29,is_weekend
30,VisitingTeamOffense_GroundedintoDoublePlay
31,HomeTeamOffense_Homeruns
33,bat_avg_age
33,pitch_avg_age
34,previous_visiting_as_cnt
35,HomeTeamPitchers_IndividualEarnedRuns
36,season_end_runs_allowed_mean
37,DayNight
37,VisitingTeamDefense_Errors
37,VisitingTeamPitchers_IndividualEarnedRuns
39,HomeTeamPitchers_PitchersUsed
40,HomeTeamOffense_StolenBases
40,visiting_field10
42,season_end_runs_mean
43,VisitingTeamPitchers_PitchersUsed
44,HomeTeamOffense_Doubles
45,last_game_streak
45,season_end_w_l_ratio
46,visiting_as_cnt
49,Month
51,visiting_bat10
55,VisitingTeamOffense_Walks
56,VisitingTeamOffense_Doubles
57,visiting_pitch10
70,HomeTeamDefense_Assists
71,VisitingTeamOffense_Strickouts
74,VisitingTeamDefense_Assists
75,HomeTeamOffense_Hits
77,HomeTeamOffense_Walks
81,HomeTeamOffense_AtBats
82,HomeTeamOffense_LeftOnBase
85,VisitingTeamOffense_Hits
85,VisitingTeamOffense_LeftOnBase
86,VisitingTeamOffense_AtBats
90,HomeTeamOffense_Strickouts
92,w_l_ratio
112,opponent_season_end_runs_mean
117,DayofWeek
117,last_game_w_l_ratio
118,opponent_season_end_runs_allowed_mean
118,opponent_season_end_w_l_ratio
122,runs_ma
146,runs_allowed_ma
151,Attendance_2
161,Date
173,Attendance_5
194,Attendance_3
213,Attendance_4
242,HomeTeamGameNumber
252,VisitingTeam
285,VisitingTeamGameNumber
289,Attendance_1
343,Year
436,DayofMonth
