Value,Feature
0,Cy_Young_in_hometeam
0,Cy_Young_in_visitingteam
0,HomeTeam
0,HomeTeamDefense_PutOuts
0,HomeTeamDefense_TriplePlays
0,HomeTeamLeague
0,HomeTeamOffense_AwardedFirstonCatcherInterference
0,HomeTeamPitchers_Balks
0,HomeTeam_ws_winner
0,NBA_Team
0,NFL_Team
0,NHL_Team
0,NumberofGames
0,VisitingTeamDefense_PutOuts
0,VisitingTeamDefense_TriplePlays
0,VisitingTeamOffense_AwardedFirstonCatcherInterference
0,VisitingTeamOffense_Triples
0,VisitingTeam_ws_winner
0,date_int
0,holidayName
0,is_public_holiday
0,last_game_record
0,mean_attendance
0,opening_day
2,VisitingTeamDefense_PassedBalls
2,VisitingTeamLeague
3,VisitingTeamOffense_IntentionalWalks
4,Capacity
4,HomeTeamOffense_Triples
5,HomeTeamPitchers_TeamEarnedRuns
5,VisitingTeamPitchers_TeamEarnedRuns
7,HomeTeamDefense_PassedBalls
8,MVP_in_hometeam
9,HomeTeamOffense_CaughtStealing
9,HomeTeamOffense_SacrificeFlies
11,VisitingTeamOffense_CaughtStealing
12,VisitingTeamOffense_StolenBases
12,VisitingTeamPitchers_Balks
13,w_or_l_int
16,HomeTeamOffense_HitbyPitch
16,World_Series_Winner
20,HomeTeamOffense_IntentionalWalks
22,HomeTeamPitchers_WildPitches
22,VisitingTeamOffense_SacrificeFlies
23,VisitingTeamPitchers_WildPitches
24,runs_allowed
25,HomeTeamOffense_SacrificeHits
26,MVP_in_visitingteam
26,NumberofOuts
31,HomeTeamDefense_DoublePlays
31,VisitingTeamDefense_DoublePlays
34,VisitingTeamOffense_SacrificeHits
36,VisitingTeamOffense_HitbyPitch
36,season_end_w_l_ratio
38,VisitingTeamOffense_GroundedintoDoublePlay
39,VistingTeamScore
41,runs
42,streak
43,home_as_cnt
45,VisitingTeamOffense_Homeruns
47,home_pitch10
48,is_weekend
50,HomeTeamScore
51,div_rank
51,home_field10
53,HomeTeamOffense_RBIs
53,home_bat10
56,HomeTeamDefense_Errors
57,VisitingTeamOffense_RBIs
58,HomeTeamOffense_GroundedintoDoublePlay
58,HomeTeamOffense_Homeruns
58,HomeTeamPitchers_IndividualEarnedRuns
63,opponent_season_end_rank
65,VisitingTeamOffense_Doubles
66,previous_visiting_as_cnt
67,HomeTeamPitchers_PitchersUsed
70,previous_home_as_cnt
71,last_game_div_rank
72,VisitingTeamDefense_Errors
74,HomeTeamOffense_StolenBases
76,last_game_streak
80,VisitingTeamPitchers_PitchersUsed
82,visiting_as_cnt
83,HomeTeamOffense_Doubles
86,Month
86,VisitingTeamPitchers_IndividualEarnedRuns
88,DayNight
88,visiting_pitch10
92,bat_avg_age
97,VisitingTeamOffense_Hits
98,VisitingTeamOffense_AtBats
102,HomeTeamOffense_LeftOnBase
104,visiting_field10
107,visiting_bat10
113,HomeTeamOffense_Hits
113,VisitingTeamOffense_Strickouts
116,VisitingTeamOffense_Walks
118,pitch_avg_age
119,HomeTeamDefense_Assists
120,HomeTeamOffense_AtBats
123,VisitingTeamOffense_LeftOnBase
123,season_end_runs_mean
130,HomeTeamOffense_Walks
130,season_end_runs_allowed_mean
135,HomeTeamOffense_Strickouts
157,VisitingTeamDefense_Assists
189,opponent_season_end_w_l_ratio
213,opponent_season_end_runs_allowed_mean
226,DayofWeek
229,opponent_season_end_runs_mean
231,w_l_ratio
239,runs_ma
240,runs_allowed_ma
253,last_game_w_l_ratio
262,HomeTeamGameNumber
349,VisitingTeam
359,VisitingTeamGameNumber
393,Attendance_3
438,Attendance_2
455,Year
515,Attendance_4
573,Attendance_5
636,DayofMonth
648,Attendance_1
668,Date
