Value,Feature
0,Capacity
0,Cy_Young_in_hometeam
0,Cy_Young_in_visitingteam
0,HomeTeam
0,HomeTeamDefense_PassedBalls
0,HomeTeamDefense_PutOuts
0,HomeTeamDefense_TriplePlays
0,HomeTeamLeague
0,HomeTeamOffense_AwardedFirstonCatcherInterference
0,HomeTeamOffense_CaughtStealing
0,HomeTeamOffense_IntentionalWalks
0,HomeTeamOffense_SacrificeFlies
0,HomeTeamOffense_SacrificeHits
0,HomeTeamOffense_Triples
0,HomeTeamPitchers_Balks
0,HomeTeamPitchers_TeamEarnedRuns
0,HomeTeam_ws_winner
0,MVP_in_hometeam
0,NBA_Team
0,NFL_Team
0,NHL_Team
0,NumberofGames
0,VisitingTeamDefense_PassedBalls
0,VisitingTeamDefense_PutOuts
0,VisitingTeamDefense_TriplePlays
0,VisitingTeamLeague
0,VisitingTeamOffense_AwardedFirstonCatcherInterference
0,VisitingTeamOffense_CaughtStealing
0,VisitingTeamOffense_HitbyPitch
0,VisitingTeamOffense_IntentionalWalks
0,VisitingTeamOffense_SacrificeFlies
0,VisitingTeamOffense_SacrificeHits
0,VisitingTeamOffense_Triples
0,VisitingTeamPitchers_Balks
0,VisitingTeamPitchers_TeamEarnedRuns
0,VisitingTeamPitchers_WildPitches
0,VisitingTeam_ws_winner
0,date_int
0,holidayName
0,is_public_holiday
0,last_game_record
0,mean_attendance
0,opening_day
0,w_or_l_int
1,HomeTeamPitchers_WildPitches
1,div_rank
3,streak
4,HomeTeamDefense_DoublePlays
4,VisitingTeamDefense_DoublePlays
4,VisitingTeamOffense_Homeruns
5,VistingTeamScore
5,World_Series_Winner
5,runs_allowed
9,HomeTeamOffense_StolenBases
9,HomeTeamScore
9,previous_home_as_cnt
10,VisitingTeamOffense_RBIs
12,HomeTeamOffense_GroundedintoDoublePlay
12,HomeTeamOffense_HitbyPitch
12,VisitingTeamPitchers_IndividualEarnedRuns
14,VisitingTeamDefense_Errors
15,home_pitch10
16,HomeTeamPitchers_IndividualEarnedRuns
17,VisitingTeamOffense_LeftOnBase
18,VisitingTeamOffense_GroundedintoDoublePlay
23,visiting_field10
24,HomeTeamOffense_Hits
24,last_game_streak
25,HomeTeamDefense_Errors
26,NumberofOuts
26,VisitingTeamDefense_Assists
27,VisitingTeamOffense_Walks
27,home_field10
30,HomeTeamOffense_Walks
31,VisitingTeamPitchers_PitchersUsed
31,runs
33,HomeTeamOffense_Homeruns
33,season_end_w_l_ratio
34,VisitingTeamOffense_Strickouts
37,HomeTeamOffense_RBIs
37,home_as_cnt
40,VisitingTeamOffense_Hits
42,MVP_in_visitingteam
44,HomeTeamOffense_AtBats
44,VisitingTeamOffense_StolenBases
44,opponent_season_end_rank
44,visiting_pitch10
45,HomeTeamPitchers_PitchersUsed
48,HomeTeamOffense_Doubles
49,VisitingTeamOffense_AtBats
54,VisitingTeamOffense_Doubles
56,previous_visiting_as_cnt
56,runs_allowed_ma
56,visiting_bat10
67,home_bat10
68,HomeTeamDefense_Assists
69,HomeTeamOffense_LeftOnBase
74,HomeTeamOffense_Strickouts
78,season_end_runs_mean
84,is_weekend
88,HomeTeamGameNumber
89,last_game_div_rank
103,visiting_as_cnt
108,opponent_season_end_runs_allowed_mean
113,season_end_runs_allowed_mean
121,Attendance_5
126,Month
129,runs_ma
134,last_game_w_l_ratio
151,pitch_avg_age
165,DayofMonth
185,Attendance_4
187,Attendance_2
187,w_l_ratio
191,bat_avg_age
203,opponent_season_end_runs_mean
223,Attendance_3
238,opponent_season_end_w_l_ratio
272,DayofWeek
293,VisitingTeam
346,Year
441,VisitingTeamGameNumber
562,Date
571,DayNight
980,Attendance_1
