Value,Feature
0,Capacity
0,Cy_Young_in_hometeam
0,Cy_Young_in_visitingteam
0,HomeTeam
0,HomeTeamDefense_PassedBalls
0,HomeTeamDefense_PutOuts
0,HomeTeamDefense_TriplePlays
0,HomeTeamOffense_AwardedFirstonCatcherInterference
0,HomeTeamOffense_CaughtStealing
0,HomeTeamOffense_Triples
0,HomeTeamPitchers_Balks
0,HomeTeam_ws_winner
0,NBA_Team
0,NFL_Team
0,NHL_Team
0,NumberofGames
0,VisitingTeamDefense_PassedBalls
0,VisitingTeamDefense_PutOuts
0,VisitingTeamDefense_TriplePlays
0,VisitingTeamOffense_AwardedFirstonCatcherInterference
0,VisitingTeamPitchers_Balks
0,VisitingTeamPitchers_TeamEarnedRuns
0,VisitingTeam_ws_winner
0,date_int
0,holidayName
0,is_public_holiday
0,last_game_record
0,mean_attendance
0,opening_day
0,runs
1,VisitingTeamOffense_IntentionalWalks
2,HomeTeamOffense_SacrificeHits
2,VisitingTeamOffense_SacrificeFlies
2,VisitingTeamOffense_SacrificeHits
3,HomeTeamLeague
4,streak
5,VisitingTeamOffense_Triples
6,HomeTeamPitchers_WildPitches
7,VisitingTeamOffense_CaughtStealing
8,VisitingTeamPitchers_WildPitches
10,HomeTeamPitchers_TeamEarnedRuns
12,VisitingTeamLeague
13,MVP_in_hometeam
13,World_Series_Winner
13,home_as_cnt
14,NumberofOuts
15,HomeTeamOffense_IntentionalWalks
15,home_bat10
17,div_rank
18,Month
19,VisitingTeamOffense_Doubles
22,w_or_l_int
23,VisitingTeamOffense_GroundedintoDoublePlay
23,VisitingTeamOffense_StolenBases
23,home_field10
29,HomeTeamPitchers_IndividualEarnedRuns
29,last_game_div_rank
31,HomeTeamPitchers_PitchersUsed
32,HomeTeamDefense_DoublePlays
32,last_game_streak
32,runs_allowed
33,HomeTeamOffense_GroundedintoDoublePlay
34,HomeTeamOffense_Homeruns
36,MVP_in_visitingteam
36,VisitingTeamPitchers_PitchersUsed
36,VistingTeamScore
38,opponent_season_end_rank
39,VisitingTeamDefense_DoublePlays
40,HomeTeamOffense_HitbyPitch
40,previous_home_as_cnt
43,HomeTeamOffense_RBIs
43,VisitingTeamOffense_HitbyPitch
47,visiting_bat10
49,VisitingTeamOffense_Hits
50,HomeTeamOffense_StolenBases
51,HomeTeamOffense_SacrificeFlies
53,HomeTeamOffense_Doubles
53,VisitingTeamOffense_AtBats
53,VisitingTeamOffense_RBIs
57,previous_visiting_as_cnt
58,VisitingTeamPitchers_IndividualEarnedRuns
62,HomeTeamOffense_LeftOnBase
68,VisitingTeamOffense_LeftOnBase
74,visiting_field10
77,HomeTeamOffense_Walks
81,HomeTeamOffense_Strickouts
84,bat_avg_age
85,HomeTeamScore
88,VisitingTeamOffense_Strickouts
92,DayNight
96,season_end_w_l_ratio
97,HomeTeamDefense_Errors
97,VisitingTeamOffense_Walks
99,home_pitch10
102,HomeTeamOffense_Hits
102,VisitingTeamDefense_Errors
103,visiting_as_cnt
106,opponent_season_end_runs_allowed_mean
110,HomeTeamOffense_AtBats
118,season_end_runs_allowed_mean
126,VisitingTeamOffense_Homeruns
143,HomeTeamGameNumber
146,w_l_ratio
148,opponent_season_end_w_l_ratio
168,season_end_runs_mean
185,pitch_avg_age
190,VisitingTeamDefense_Assists
191,visiting_pitch10
193,HomeTeamDefense_Assists
208,DayofMonth
218,VisitingTeam
228,is_weekend
244,runs_allowed_ma
258,runs_ma
306,last_game_w_l_ratio
325,Date
336,Attendance_2
360,Attendance_3
384,opponent_season_end_runs_mean
406,Year
410,VisitingTeamGameNumber
421,Attendance_5
515,DayofWeek
578,Attendance_4
940,Attendance_1
