Value,Feature
0,Capacity
0,Cy_Young_in_hometeam
0,Cy_Young_in_visitingteam
0,HomeTeam
0,HomeTeamDefense_PutOuts
0,HomeTeamDefense_TriplePlays
0,HomeTeamLeague
0,HomeTeamOffense_AwardedFirstonCatcherInterference
0,HomeTeamOffense_IntentionalWalks
0,HomeTeamPitchers_Balks
0,HomeTeam_ws_winner
0,MVP_in_hometeam
0,NBA_Team
0,NFL_Team
0,NHL_Team
0,VisitingTeamDefense_PutOuts
0,VisitingTeamDefense_TriplePlays
0,VisitingTeamOffense_AwardedFirstonCatcherInterference
0,VisitingTeamPitchers_Balks
0,date_int
0,holidayName
0,last_game_record
0,mean_attendance
0,opening_day
1,HomeTeamOffense_CaughtStealing
1,HomeTeamOffense_SacrificeFlies
1,NumberofGames
1,VisitingTeamPitchers_TeamEarnedRuns
1,VisitingTeam_ws_winner
2,HomeTeamOffense_Triples
4,HomeTeamPitchers_TeamEarnedRuns
4,World_Series_Winner
5,HomeTeamDefense_PassedBalls
5,last_game_streak
6,VisitingTeamOffense_IntentionalWalks
6,VisitingTeamOffense_SacrificeFlies
7,VisitingTeamOffense_SacrificeHits
7,home_as_cnt
10,VisitingTeamDefense_PassedBalls
11,streak
13,VisitingTeamOffense_Triples
14,is_public_holiday
17,HomeTeamOffense_HitbyPitch
18,VisitingTeamDefense_Errors
18,VisitingTeamPitchers_WildPitches
21,previous_home_as_cnt
24,VisitingTeamOffense_CaughtStealing
25,VisitingTeamOffense_StolenBases
26,HomeTeamPitchers_PitchersUsed
28,HomeTeamOffense_SacrificeHits
30,VisitingTeamOffense_HitbyPitch
30,runs
33,HomeTeamPitchers_WildPitches
33,Month
34,w_or_l_int
37,VisitingTeamDefense_DoublePlays
38,VisitingTeamOffense_RBIs
39,home_bat10
40,HomeTeamDefense_DoublePlays
40,NumberofOuts
42,MVP_in_visitingteam
43,VisitingTeamOffense_GroundedintoDoublePlay
48,div_rank
49,home_field10
49,runs_allowed
50,HomeTeamOffense_GroundedintoDoublePlay
51,HomeTeamOffense_StolenBases
54,VisitingTeamOffense_Homeruns
57,HomeTeamDefense_Errors
60,VisitingTeamPitchers_PitchersUsed
65,opponent_season_end_rank
66,VistingTeamScore
72,VisitingTeamPitchers_IndividualEarnedRuns
74,home_pitch10
76,is_weekend
84,HomeTeamOffense_Homeruns
86,HomeTeamScore
88,HomeTeamPitchers_IndividualEarnedRuns
90,VisitingTeamOffense_Doubles
91,HomeTeamOffense_Doubles
91,previous_visiting_as_cnt
92,HomeTeamOffense_RBIs
113,season_end_runs_allowed_mean
120,VisitingTeamOffense_Hits
122,HomeTeamOffense_Walks
122,VisitingTeamLeague
126,season_end_runs_mean
128,bat_avg_age
143,VisitingTeamOffense_LeftOnBase
147,VisitingTeamOffense_Walks
153,HomeTeamOffense_Hits
163,HomeTeamOffense_AtBats
164,VisitingTeamOffense_AtBats
170,visiting_pitch10
175,visiting_as_cnt
184,last_game_div_rank
189,VisitingTeam
189,visiting_bat10
190,HomeTeamOffense_LeftOnBase
198,VisitingTeamOffense_Strickouts
199,season_end_w_l_ratio
225,HomeTeamOffense_Strickouts
227,DayNight
229,DayofMonth
229,visiting_field10
233,pitch_avg_age
235,VisitingTeamDefense_Assists
242,HomeTeamDefense_Assists
268,runs_ma
274,Year
335,DayofWeek
340,opponent_season_end_w_l_ratio
347,opponent_season_end_runs_allowed_mean
347,opponent_season_end_runs_mean
355,runs_allowed_ma
406,last_game_w_l_ratio
430,HomeTeamGameNumber
436,w_l_ratio
446,Attendance_3
505,Attendance_4
521,Date
549,Attendance_5
592,Attendance_2
939,Attendance_1
967,VisitingTeamGameNumber
