Value,Feature
0,Capacity
0,Cy_Young_in_hometeam
0,Cy_Young_in_visitingteam
0,HomeTeam
0,HomeTeamDefense_PassedBalls
0,HomeTeamDefense_PutOuts
0,HomeTeamDefense_TriplePlays
0,HomeTeamLeague
0,HomeTeamOffense_AwardedFirstonCatcherInterference
0,HomeTeamPitchers_Balks
0,HomeTeamPitchers_TeamEarnedRuns
0,HomeTeam_ws_winner
0,MVP_in_hometeam
0,NBA_Team
0,NFL_Team
0,NHL_Team
0,VisitingTeamDefense_PassedBalls
0,VisitingTeamDefense_PutOuts
0,VisitingTeamDefense_TriplePlays
0,VisitingTeamLeague
0,VisitingTeamOffense_AwardedFirstonCatcherInterference
0,VisitingTeamOffense_Triples
0,VisitingTeamPitchers_Balks
0,VisitingTeamPitchers_TeamEarnedRuns
0,VisitingTeam_ws_winner
0,date_int
0,holidayName
0,is_public_holiday
0,last_game_record
0,mean_attendance
0,opening_day
1,HomeTeamOffense_CaughtStealing
2,VisitingTeamOffense_IntentionalWalks
3,HomeTeamOffense_IntentionalWalks
5,VisitingTeamOffense_SacrificeFlies
5,World_Series_Winner
6,MVP_in_visitingteam
6,VisitingTeamOffense_CaughtStealing
9,VisitingTeamPitchers_WildPitches
10,HomeTeamOffense_SacrificeFlies
12,VisitingTeamOffense_SacrificeHits
12,streak
13,NumberofOuts
13,VisitingTeamOffense_RBIs
13,w_or_l_int
15,HomeTeamOffense_Triples
15,NumberofGames
16,home_as_cnt
19,HomeTeamOffense_SacrificeHits
20,HomeTeamOffense_HitbyPitch
20,Month
23,HomeTeamPitchers_WildPitches
25,VisitingTeamOffense_GroundedintoDoublePlay
27,last_game_streak
29,home_pitch10
30,previous_home_as_cnt
31,VistingTeamScore
33,runs_allowed
34,home_field10
35,HomeTeamDefense_DoublePlays
36,VisitingTeamOffense_StolenBases
37,VisitingTeamDefense_DoublePlays
38,season_end_w_l_ratio
39,runs
42,HomeTeamOffense_StolenBases
42,div_rank
43,HomeTeamOffense_GroundedintoDoublePlay
45,HomeTeamPitchers_IndividualEarnedRuns
45,HomeTeamScore
49,opponent_season_end_rank
49,previous_visiting_as_cnt
50,HomeTeamPitchers_PitchersUsed
51,HomeTeamDefense_Errors
53,HomeTeamOffense_Homeruns
54,VisitingTeamOffense_Doubles
56,HomeTeamOffense_RBIs
56,VisitingTeamOffense_HitbyPitch
56,VisitingTeamOffense_Homeruns
57,home_bat10
61,DayNight
61,VisitingTeamDefense_Errors
62,VisitingTeamPitchers_PitchersUsed
63,is_weekend
67,last_game_div_rank
67,visiting_as_cnt
68,pitch_avg_age
73,VisitingTeamPitchers_IndividualEarnedRuns
78,season_end_runs_mean
82,VisitingTeamOffense_AtBats
82,visiting_bat10
87,bat_avg_age
94,HomeTeamOffense_Strickouts
94,visiting_field10
95,VisitingTeamOffense_Hits
97,VisitingTeam
101,HomeTeamOffense_Hits
104,HomeTeamOffense_LeftOnBase
105,VisitingTeamDefense_Assists
113,HomeTeamOffense_AtBats
120,season_end_runs_allowed_mean
122,VisitingTeamOffense_Strickouts
123,HomeTeamOffense_Walks
126,HomeTeamOffense_Doubles
127,visiting_pitch10
128,VisitingTeamOffense_Walks
141,HomeTeamDefense_Assists
154,runs_ma
175,VisitingTeamOffense_LeftOnBase
175,opponent_season_end_w_l_ratio
176,runs_allowed_ma
196,opponent_season_end_runs_mean
217,opponent_season_end_runs_allowed_mean
221,DayofWeek
225,w_l_ratio
233,Date
245,last_game_w_l_ratio
280,Attendance_3
283,Attendance_4
288,HomeTeamGameNumber
294,Attendance_5
315,Year
317,DayofMonth
354,Attendance_2
468,VisitingTeamGameNumber
569,Attendance_1
