Value,Feature
0,Cy_Young_in_hometeam
0,Cy_Young_in_visitingteam
0,HomeTeamDefense_PassedBalls
0,HomeTeamDefense_PutOuts
0,HomeTeamDefense_TriplePlays
0,HomeTeamOffense_AwardedFirstonCatcherInterference
0,NFL_Team
0,VisitingTeamDefense_PutOuts
0,VisitingTeamDefense_TriplePlays
0,VisitingTeamOffense_AwardedFirstonCatcherInterference
0,VisitingTeamPitchers_Balks
0,date_int
0,opening_day
0,runs
0,runs_allowed
1,NHL_Team
1,VisitingTeam_ws_winner
3,VisitingTeamDefense_PassedBalls
4,HomeTeam_ws_winner
4,NBA_Team
9,HomeTeamPitchers_Balks
11,VisitingTeamLeague
15,w_or_l_int
16,HomeTeamPitchers_TeamEarnedRuns
16,VisitingTeamOffense_Triples
18,holidayName
22,VisitingTeamPitchers_TeamEarnedRuns
23,HomeTeamOffense_SacrificeHits
25,VisitingTeamOffense_SacrificeFlies
26,HomeTeamOffense_CaughtStealing
27,HomeTeamLeague
30,HomeTeamOffense_SacrificeFlies
30,HomeTeamOffense_Triples
31,VisitingTeamOffense_CaughtStealing
32,VisitingTeamOffense_SacrificeHits
33,VisitingTeamOffense_IntentionalWalks
34,HomeTeamOffense_IntentionalWalks
42,VisitingTeamPitchers_WildPitches
46,VisitingTeamOffense_HitbyPitch
49,HomeTeamOffense_GroundedintoDoublePlay
49,VisitingTeamOffense_GroundedintoDoublePlay
50,HomeTeamOffense_HitbyPitch
51,HomeTeamPitchers_WildPitches
54,VisitingTeamOffense_StolenBases
56,VisitingTeamDefense_Errors
57,VisitingTeamDefense_DoublePlays
60,MVP_in_visitingteam
67,NumberofOuts
70,HomeTeamDefense_Errors
70,HomeTeamOffense_StolenBases
74,HomeTeamDefense_DoublePlays
78,HomeTeamOffense_RBIs
92,VistingTeamScore
94,HomeTeamOffense_Homeruns
94,MVP_in_hometeam
94,previous_visiting_as_cnt
97,div_rank
100,VisitingTeamOffense_RBIs
102,World_Series_Winner
105,HomeTeamPitchers_IndividualEarnedRuns
106,VisitingTeamPitchers_PitchersUsed
107,HomeTeamPitchers_PitchersUsed
108,HomeTeamOffense_Doubles
112,NumberofGames
114,VisitingTeamOffense_Homeruns
119,opponent_season_end_rank
133,HomeTeamScore
133,visiting_field10
135,VisitingTeamOffense_Doubles
142,VisitingTeamPitchers_IndividualEarnedRuns
147,visiting_bat10
150,is_public_holiday
156,last_game_div_rank
160,previous_home_as_cnt
167,HomeTeamOffense_Walks
168,home_bat10
170,VisitingTeamOffense_Walks
175,HomeTeamOffense_Hits
175,visiting_pitch10
184,VisitingTeamOffense_Hits
185,home_as_cnt
190,home_pitch10
191,VisitingTeamOffense_AtBats
194,HomeTeamOffense_AtBats
200,home_field10
206,VisitingTeamOffense_LeftOnBase
211,HomeTeamOffense_LeftOnBase
214,HomeTeamOffense_Strickouts
227,HomeTeamDefense_Assists
237,VisitingTeamDefense_Assists
245,VisitingTeamOffense_Strickouts
252,streak
257,is_weekend
267,visiting_as_cnt
278,last_game_streak
354,Month
368,runs_ma
399,runs_allowed_ma
434,opponent_season_end_runs_allowed_mean
437,DayNight
487,opponent_season_end_w_l_ratio
503,season_end_runs_mean
530,last_game_w_l_ratio
567,season_end_runs_allowed_mean
596,w_l_ratio
601,opponent_season_end_runs_mean
616,pitch_avg_age
622,HomeTeamGameNumber
663,Date
678,season_end_w_l_ratio
687,bat_avg_age
1110,VisitingTeamGameNumber
1114,Attendance_3
1158,Capacity
1185,Attendance_2
1195,Attendance_5
1287,DayofWeek
1319,Attendance_4
1918,Attendance_1
2047,last_game_record
3437,Year
4632,HomeTeam
4721,VisitingTeam
4858,DayofMonth
