Value,Feature
0,Cy_Young_in_hometeam
0,Cy_Young_in_visitingteam
0,HomeTeam
0,HomeTeamDefense_PassedBalls
0,HomeTeamDefense_PutOuts
0,HomeTeamDefense_TriplePlays
0,HomeTeamLeague
0,HomeTeamOffense_AwardedFirstonCatcherInterference
0,HomeTeamOffense_Triples
0,HomeTeamPitchers_Balks
0,HomeTeamPitchers_TeamEarnedRuns
0,NBA_Team
0,NFL_Team
0,NHL_Team
0,NumberofGames
0,VisitingTeamDefense_PassedBalls
0,VisitingTeamDefense_PutOuts
0,VisitingTeamDefense_TriplePlays
0,VisitingTeamOffense_AwardedFirstonCatcherInterference
0,VisitingTeamOffense_Triples
0,VisitingTeamPitchers_Balks
0,VisitingTeam_ws_winner
0,date_int
0,holidayName
0,is_public_holiday
0,last_game_record
0,mean_attendance
0,opening_day
2,VisitingTeamOffense_CaughtStealing
2,streak
3,HomeTeamOffense_IntentionalWalks
3,HomeTeamOffense_SacrificeHits
3,VisitingTeamOffense_SacrificeFlies
3,VisitingTeamOffense_SacrificeHits
3,w_or_l_int
4,VisitingTeamLeague
4,World_Series_Winner
5,last_game_streak
6,HomeTeam_ws_winner
7,Capacity
8,VisitingTeamPitchers_TeamEarnedRuns
10,HomeTeamPitchers_WildPitches
10,MVP_in_hometeam
10,home_as_cnt
11,MVP_in_visitingteam
12,VisitingTeamOffense_IntentionalWalks
13,HomeTeamOffense_SacrificeFlies
14,VisitingTeamDefense_Errors
14,VisitingTeamPitchers_WildPitches
15,HomeTeamOffense_CaughtStealing
15,VisitingTeamOffense_StolenBases
15,previous_home_as_cnt
18,HomeTeamDefense_Errors
18,NumberofOuts
19,HomeTeamOffense_HitbyPitch
19,home_bat10
21,home_field10
21,last_game_div_rank
22,VisitingTeamDefense_DoublePlays
22,VisitingTeamOffense_HitbyPitch
24,runs_allowed
25,HomeTeamOffense_GroundedintoDoublePlay
25,VisitingTeamPitchers_PitchersUsed
26,VisitingTeamOffense_GroundedintoDoublePlay
29,HomeTeamDefense_DoublePlays
30,HomeTeamOffense_StolenBases
31,HomeTeamOffense_Doubles
38,VisitingTeamPitchers_IndividualEarnedRuns
39,HomeTeamPitchers_IndividualEarnedRuns
39,runs
40,opponent_season_end_rank
42,VisitingTeamOffense_Homeruns
42,VisitingTeamOffense_RBIs
42,div_rank
43,HomeTeamPitchers_PitchersUsed
43,Month
45,HomeTeamOffense_RBIs
49,visiting_field10
51,HomeTeamOffense_Homeruns
52,visiting_bat10
56,VistingTeamScore
58,home_pitch10
58,season_end_runs_mean
62,HomeTeamOffense_Hits
62,is_weekend
65,VisitingTeamOffense_Doubles
65,previous_visiting_as_cnt
68,VisitingTeamOffense_Walks
69,VisitingTeamOffense_AtBats
69,season_end_w_l_ratio
71,season_end_runs_allowed_mean
73,pitch_avg_age
74,HomeTeamOffense_Walks
75,HomeTeamScore
75,VisitingTeamOffense_LeftOnBase
75,bat_avg_age
75,visiting_pitch10
76,HomeTeamDefense_Assists
76,VisitingTeamOffense_Hits
77,HomeTeamOffense_LeftOnBase
83,visiting_as_cnt
86,HomeTeamOffense_AtBats
92,VisitingTeamDefense_Assists
96,HomeTeamOffense_Strickouts
105,VisitingTeamOffense_Strickouts
141,runs_ma
146,DayofMonth
151,VisitingTeam
153,DayNight
153,DayofWeek
161,runs_allowed_ma
164,opponent_season_end_runs_allowed_mean
167,opponent_season_end_runs_mean
167,opponent_season_end_w_l_ratio
171,Year
179,last_game_w_l_ratio
183,w_l_ratio
200,HomeTeamGameNumber
258,Attendance_4
326,Attendance_5
336,Attendance_2
363,Attendance_3
432,VisitingTeamGameNumber
557,Attendance_1
615,Date
