Value,Feature
0,Capacity
0,Cy_Young_in_hometeam
0,Cy_Young_in_visitingteam
0,HomeTeam
0,HomeTeamDefense_PassedBalls
0,HomeTeamDefense_PutOuts
0,HomeTeamDefense_TriplePlays
0,HomeTeamLeague
0,HomeTeamOffense_AwardedFirstonCatcherInterference
0,HomeTeamOffense_CaughtStealing
0,HomeTeamOffense_HitbyPitch
0,HomeTeamOffense_Triples
0,HomeTeamPitchers_Balks
0,HomeTeamPitchers_WildPitches
0,HomeTeam_ws_winner
0,MVP_in_hometeam
0,NBA_Team
0,NFL_Team
0,NHL_Team
0,NumberofGames
0,VisitingTeamDefense_PassedBalls
0,VisitingTeamDefense_PutOuts
0,VisitingTeamDefense_TriplePlays
0,VisitingTeamLeague
0,VisitingTeamOffense_AwardedFirstonCatcherInterference
0,VisitingTeamOffense_CaughtStealing
0,VisitingTeamOffense_Triples
0,VisitingTeamPitchers_Balks
0,VisitingTeamPitchers_TeamEarnedRuns
0,VisitingTeam_ws_winner
0,World_Series_Winner
0,date_int
0,holidayName
0,is_public_holiday
0,last_game_record
0,mean_attendance
0,opening_day
0,previous_home_as_cnt
0,runs
0,runs_allowed
0,streak
2,HomeTeamDefense_Errors
2,HomeTeamOffense_GroundedintoDoublePlay
2,VisitingTeamOffense_HitbyPitch
4,VisitingTeamOffense_SacrificeHits
4,last_game_streak
7,HomeTeamOffense_Homeruns
8,HomeTeamPitchers_TeamEarnedRuns
9,VisitingTeamPitchers_WildPitches
10,HomeTeamOffense_SacrificeFlies
10,w_or_l_int
11,MVP_in_visitingteam
11,VisitingTeamOffense_StolenBases
14,VisitingTeamOffense_IntentionalWalks
15,HomeTeamOffense_IntentionalWalks
15,HomeTeamOffense_StolenBases
16,HomeTeamDefense_DoublePlays
18,HomeTeamPitchers_PitchersUsed
25,VisitingTeamOffense_RBIs
28,VisitingTeamOffense_GroundedintoDoublePlay
28,home_as_cnt
29,VisitingTeamOffense_Doubles
32,VisitingTeamOffense_SacrificeFlies
34,HomeTeamOffense_Strickouts
34,HomeTeamPitchers_IndividualEarnedRuns
36,Month
41,VisitingTeamOffense_Walks
44,VisitingTeamPitchers_IndividualEarnedRuns
47,HomeTeamScore
49,VisitingTeamPitchers_PitchersUsed
49,is_weekend
49,previous_visiting_as_cnt
51,NumberofOuts
51,VisitingTeamDefense_Errors
52,VisitingTeamDefense_DoublePlays
57,VisitingTeamOffense_Hits
57,season_end_runs_mean
62,pitch_avg_age
64,DayNight
75,VistingTeamScore
75,home_pitch10
79,HomeTeamOffense_SacrificeHits
81,div_rank
83,HomeTeamOffense_RBIs
87,VisitingTeamOffense_LeftOnBase
92,home_field10
94,VisitingTeamOffense_AtBats
99,HomeTeamOffense_AtBats
100,VisitingTeamOffense_Homeruns
101,VisitingTeamOffense_Strickouts
101,home_bat10
105,visiting_field10
108,bat_avg_age
114,visiting_as_cnt
122,HomeTeamOffense_Doubles
128,HomeTeamDefense_Assists
131,HomeTeamOffense_Walks
140,opponent_season_end_rank
142,HomeTeamOffense_LeftOnBase
145,last_game_div_rank
145,visiting_bat10
152,season_end_runs_allowed_mean
174,VisitingTeamDefense_Assists
177,visiting_pitch10
180,runs_allowed_ma
194,season_end_w_l_ratio
199,HomeTeamOffense_Hits
205,Attendance_3
223,w_l_ratio
229,opponent_season_end_runs_allowed_mean
253,DayofMonth
257,HomeTeamGameNumber
259,VisitingTeam
261,opponent_season_end_runs_mean
354,Attendance_2
355,Year
359,runs_ma
428,Attendance_5
432,last_game_w_l_ratio
504,opponent_season_end_w_l_ratio
559,Attendance_4
803,DayofWeek
812,Date
859,VisitingTeamGameNumber
942,Attendance_1
