Value,Feature
0,Capacity
0,Cy_Young_in_hometeam
0,Cy_Young_in_visitingteam
0,HomeTeam
0,HomeTeamDefense_PassedBalls
0,HomeTeamDefense_PutOuts
0,HomeTeamDefense_TriplePlays
0,HomeTeamLeague
0,HomeTeamOffense_AwardedFirstonCatcherInterference
0,HomeTeamOffense_CaughtStealing
0,HomeTeamOffense_SacrificeHits
0,HomeTeamPitchers_Balks
0,HomeTeam_ws_winner
0,Month
0,NBA_Team
0,NFL_Team
0,NHL_Team
0,NumberofGames
0,VisitingTeamDefense_PassedBalls
0,VisitingTeamDefense_TriplePlays
0,VisitingTeamOffense_AwardedFirstonCatcherInterference
0,VisitingTeamOffense_CaughtStealing
0,VisitingTeamOffense_HitbyPitch
0,VisitingTeamOffense_IntentionalWalks
0,VisitingTeamOffense_SacrificeFlies
0,VisitingTeamOffense_SacrificeHits
0,VisitingTeamOffense_Triples
0,VisitingTeamPitchers_Balks
0,VisitingTeam_ws_winner
0,date_int
0,holidayName
0,is_public_holiday
0,last_game_record
0,mean_attendance
0,opening_day
1,HomeTeamOffense_Homeruns
1,HomeTeamPitchers_TeamEarnedRuns
1,VisitingTeamDefense_PutOuts
1,last_game_streak
1,runs_allowed
2,HomeTeamOffense_HitbyPitch
2,HomeTeamOffense_IntentionalWalks
2,HomeTeamOffense_SacrificeFlies
2,VistingTeamScore
2,home_as_cnt
2,home_pitch10
2,runs
2,season_end_runs_mean
3,VisitingTeamPitchers_TeamEarnedRuns
4,HomeTeamDefense_Errors
4,HomeTeamOffense_StolenBases
4,NumberofOuts
4,VisitingTeamPitchers_IndividualEarnedRuns
4,streak
5,HomeTeamOffense_GroundedintoDoublePlay
5,HomeTeamPitchers_IndividualEarnedRuns
5,home_bat10
6,HomeTeamScore
6,MVP_in_hometeam
6,VisitingTeamOffense_GroundedintoDoublePlay
6,VisitingTeamOffense_StolenBases
7,HomeTeamOffense_Doubles
7,HomeTeamPitchers_WildPitches
7,VisitingTeamLeague
7,VisitingTeamOffense_RBIs
7,VisitingTeamPitchers_WildPitches
7,home_field10
8,HomeTeamDefense_DoublePlays
9,MVP_in_visitingteam
9,VisitingTeamOffense_Homeruns
10,previous_home_as_cnt
11,HomeTeamOffense_RBIs
11,w_or_l_int
12,VisitingTeamDefense_DoublePlays
12,VisitingTeamOffense_Doubles
12,VisitingTeamOffense_Hits
13,VisitingTeamOffense_AtBats
13,World_Series_Winner
13,previous_visiting_as_cnt
14,HomeTeamOffense_Triples
16,HomeTeamPitchers_PitchersUsed
16,VisitingTeamPitchers_PitchersUsed
16,runs_ma
17,VisitingTeamOffense_Strickouts
17,opponent_season_end_rank
17,visiting_field10
18,VisitingTeamOffense_LeftOnBase
18,div_rank
18,opponent_season_end_runs_allowed_mean
18,pitch_avg_age
19,HomeTeamOffense_Hits
19,HomeTeamOffense_LeftOnBase
19,HomeTeamOffense_Walks
19,runs_allowed_ma
20,HomeTeamOffense_AtBats
21,VisitingTeamDefense_Assists
21,last_game_div_rank
21,visiting_bat10
23,season_end_runs_allowed_mean
24,VisitingTeamDefense_Errors
25,HomeTeamOffense_Strickouts
30,visiting_as_cnt
31,HomeTeamDefense_Assists
36,DayNight
36,visiting_pitch10
37,VisitingTeamOffense_Walks
38,VisitingTeam
42,HomeTeamGameNumber
42,opponent_season_end_w_l_ratio
45,last_game_w_l_ratio
49,bat_avg_age
49,opponent_season_end_runs_mean
51,DayofWeek
62,DayofMonth
62,VisitingTeamGameNumber
66,Attendance_3
67,w_l_ratio
74,season_end_w_l_ratio
76,Attendance_2
95,is_weekend
100,Attendance_4
100,Year
113,Attendance_5
155,Date
284,Attendance_1
