Value,Feature
0,Capacity
0,Cy_Young_in_hometeam
0,Cy_Young_in_visitingteam
0,HomeTeam
0,HomeTeamDefense_PassedBalls
0,HomeTeamDefense_PutOuts
0,HomeTeamDefense_TriplePlays
0,HomeTeamLeague
0,HomeTeamOffense_AwardedFirstonCatcherInterference
0,HomeTeamOffense_HitbyPitch
0,HomeTeamPitchers_Balks
0,HomeTeam_ws_winner
0,NBA_Team
0,NFL_Team
0,NHL_Team
0,NumberofGames
0,VisitingTeamDefense_PassedBalls
0,VisitingTeamDefense_PutOuts
0,VisitingTeamDefense_TriplePlays
0,VisitingTeamLeague
0,VisitingTeamOffense_AwardedFirstonCatcherInterference
0,VisitingTeamOffense_Triples
0,VisitingTeamPitchers_Balks
0,VisitingTeamPitchers_TeamEarnedRuns
0,VisitingTeam_ws_winner
0,date_int
0,holidayName
0,is_public_holiday
0,last_game_record
0,mean_attendance
0,opening_day
1,HomeTeamOffense_CaughtStealing
1,HomeTeamOffense_Triples
1,HomeTeamPitchers_TeamEarnedRuns
1,VisitingTeamPitchers_WildPitches
2,HomeTeamDefense_DoublePlays
2,MVP_in_hometeam
2,VisitingTeamOffense_HitbyPitch
2,World_Series_Winner
3,HomeTeamOffense_IntentionalWalks
3,HomeTeamPitchers_WildPitches
3,Month
3,home_bat10
3,runs
3,streak
4,VisitingTeamOffense_SacrificeFlies
4,VisitingTeamOffense_StolenBases
5,HomeTeamOffense_SacrificeFlies
6,MVP_in_visitingteam
7,VisitingTeamOffense_IntentionalWalks
7,VisitingTeamOffense_SacrificeHits
8,VisitingTeamOffense_RBIs
9,HomeTeamOffense_Homeruns
9,NumberofOuts
11,div_rank
12,HomeTeamOffense_Doubles
12,w_or_l_int
14,HomeTeamPitchers_IndividualEarnedRuns
14,VisitingTeamDefense_DoublePlays
14,runs_allowed
15,HomeTeamOffense_StolenBases
15,home_field10
15,previous_home_as_cnt
16,HomeTeamDefense_Errors
16,HomeTeamOffense_RBIs
16,home_pitch10
16,previous_visiting_as_cnt
17,VisitingTeamOffense_GroundedintoDoublePlay
18,HomeTeamOffense_SacrificeHits
18,HomeTeamPitchers_PitchersUsed
18,VisitingTeamOffense_CaughtStealing
18,VistingTeamScore
20,VisitingTeamPitchers_PitchersUsed
22,VisitingTeamPitchers_IndividualEarnedRuns
22,last_game_streak
24,opponent_season_end_rank
24,visiting_field10
26,VisitingTeamOffense_Homeruns
28,VisitingTeamDefense_Errors
28,last_game_div_rank
29,HomeTeamOffense_Walks
31,VisitingTeamOffense_Strickouts
33,HomeTeamOffense_Hits
33,HomeTeamScore
33,visiting_bat10
35,is_weekend
37,HomeTeamOffense_GroundedintoDoublePlay
39,VisitingTeamOffense_Doubles
40,VisitingTeamOffense_Walks
42,HomeTeamOffense_LeftOnBase
42,visiting_pitch10
47,VisitingTeamOffense_Hits
49,VisitingTeamOffense_AtBats
52,season_end_runs_mean
52,visiting_as_cnt
55,season_end_runs_allowed_mean
57,HomeTeamOffense_AtBats
60,VisitingTeamOffense_LeftOnBase
64,HomeTeamOffense_Strickouts
74,VisitingTeamDefense_Assists
76,HomeTeamDefense_Assists
76,home_as_cnt
84,runs_allowed_ma
85,w_l_ratio
95,pitch_avg_age
99,season_end_w_l_ratio
109,runs_ma
112,DayNight
116,opponent_season_end_w_l_ratio
121,bat_avg_age
156,VisitingTeam
158,HomeTeamGameNumber
164,last_game_w_l_ratio
165,Attendance_3
166,DayofWeek
166,opponent_season_end_runs_mean
204,opponent_season_end_runs_allowed_mean
226,Year
232,VisitingTeamGameNumber
238,Attendance_2
238,DayofMonth
290,Attendance_4
322,Date
395,Attendance_5
543,Attendance_1
