Value,Feature
0,Capacity
0,Cy_Young_in_hometeam
0,Cy_Young_in_visitingteam
0,HomeTeam
0,HomeTeamDefense_PassedBalls
0,HomeTeamDefense_PutOuts
0,HomeTeamDefense_TriplePlays
0,HomeTeamLeague
0,HomeTeamOffense_AwardedFirstonCatcherInterference
0,HomeTeamPitchers_Balks
0,HomeTeam_ws_winner
0,NBA_Team
0,NFL_Team
0,NHL_Team
0,NumberofGames
0,VisitingTeamDefense_PassedBalls
0,VisitingTeamDefense_PutOuts
0,VisitingTeamDefense_TriplePlays
0,VisitingTeamOffense_AwardedFirstonCatcherInterference
0,VisitingTeamPitchers_Balks
0,VisitingTeam_ws_winner
0,date_int
0,holidayName
0,is_public_holiday
0,last_game_record
0,mean_attendance
0,opening_day
1,HomeTeamPitchers_TeamEarnedRuns
2,home_field10
3,VisitingTeamOffense_SacrificeHits
4,VisitingTeamLeague
4,VisitingTeamOffense_Triples
5,VisitingTeamOffense_CaughtStealing
6,HomeTeamOffense_IntentionalWalks
6,VisitingTeamOffense_IntentionalWalks
7,VisitingTeamPitchers_TeamEarnedRuns
8,HomeTeamPitchers_WildPitches
8,home_as_cnt
10,HomeTeamOffense_Triples
11,HomeTeamOffense_HitbyPitch
14,HomeTeamOffense_SacrificeFlies
14,HomeTeamOffense_SacrificeHits
15,HomeTeamDefense_Errors
15,HomeTeamOffense_CaughtStealing
16,DayNight
17,home_pitch10
18,HomeTeamOffense_GroundedintoDoublePlay
18,MVP_in_hometeam
18,VisitingTeamOffense_SacrificeFlies
18,VisitingTeamPitchers_PitchersUsed
19,HomeTeamOffense_RBIs
19,VisitingTeamOffense_HitbyPitch
19,World_Series_Winner
19,previous_home_as_cnt
20,HomeTeamDefense_DoublePlays
20,VisitingTeamOffense_GroundedintoDoublePlay
20,pitch_avg_age
20,season_end_runs_mean
22,HomeTeamOffense_Homeruns
22,NumberofOuts
24,VisitingTeamPitchers_WildPitches
25,HomeTeamScore
25,VisitingTeamDefense_DoublePlays
25,VisitingTeamPitchers_IndividualEarnedRuns
25,home_bat10
25,opponent_season_end_rank
26,VisitingTeamOffense_Doubles
27,VisitingTeamOffense_StolenBases
28,HomeTeamOffense_StolenBases
29,last_game_div_rank
30,MVP_in_visitingteam
31,HomeTeamOffense_Doubles
31,visiting_bat10
32,VisitingTeamDefense_Errors
35,HomeTeamPitchers_PitchersUsed
35,VistingTeamScore
36,VisitingTeamOffense_Homeruns
39,HomeTeamOffense_Walks
39,HomeTeamPitchers_IndividualEarnedRuns
42,HomeTeamOffense_Hits
42,VisitingTeamOffense_RBIs
43,bat_avg_age
43,visiting_field10
46,is_weekend
47,VisitingTeamOffense_Hits
47,VisitingTeamOffense_Walks
48,HomeTeamDefense_Assists
50,Month
50,last_game_streak
50,visiting_pitch10
53,season_end_runs_allowed_mean
55,visiting_as_cnt
56,previous_visiting_as_cnt
57,VisitingTeamOffense_AtBats
58,HomeTeamOffense_AtBats
58,HomeTeamOffense_LeftOnBase
59,HomeTeamOffense_Strickouts
63,Date
63,season_end_w_l_ratio
69,VisitingTeamOffense_LeftOnBase
78,HomeTeamGameNumber
79,VisitingTeamOffense_Strickouts
82,VisitingTeamDefense_Assists
94,opponent_season_end_runs_allowed_mean
99,opponent_season_end_w_l_ratio
117,opponent_season_end_runs_mean
149,last_game_w_l_ratio
169,Attendance_3
175,VisitingTeamGameNumber
183,Attendance_4
188,Attendance_2
199,DayofWeek
230,VisitingTeam
238,Attendance_5
412,Year
428,DayofMonth
576,Attendance_1
