Value,Feature
0,Capacity
0,Cy_Young_in_hometeam
0,Cy_Young_in_visitingteam
0,HomeTeam
0,HomeTeamDefense_PassedBalls
0,HomeTeamDefense_PutOuts
0,HomeTeamDefense_TriplePlays
0,HomeTeamLeague
0,HomeTeamOffense_AwardedFirstonCatcherInterference
0,HomeTeamPitchers_Balks
0,HomeTeam_ws_winner
0,NBA_Team
0,NFL_Team
0,NHL_Team
0,NumberofGames
0,VisitingTeamDefense_PutOuts
0,VisitingTeamDefense_TriplePlays
0,VisitingTeamLeague
0,VisitingTeamOffense_AwardedFirstonCatcherInterference
0,VisitingTeamPitchers_Balks
0,VisitingTeam_ws_winner
0,date_int
0,holidayName
0,is_public_holiday
0,last_game_record
0,mean_attendance
0,opening_day
1,VisitingTeamOffense_Triples
2,MVP_in_hometeam
2,VisitingTeamPitchers_TeamEarnedRuns
5,VisitingTeamOffense_SacrificeFlies
6,HomeTeamPitchers_TeamEarnedRuns
7,HomeTeamOffense_SacrificeFlies
7,home_as_cnt
8,HomeTeamOffense_CaughtStealing
8,VisitingTeamDefense_PassedBalls
8,previous_home_as_cnt
9,VisitingTeamOffense_CaughtStealing
12,Month
12,VisitingTeamOffense_StolenBases
13,HomeTeamOffense_IntentionalWalks
13,HomeTeamPitchers_WildPitches
14,HomeTeamOffense_HitbyPitch
15,HomeTeamOffense_SacrificeHits
17,HomeTeamOffense_Triples
18,VisitingTeamPitchers_WildPitches
20,HomeTeamOffense_GroundedintoDoublePlay
21,VisitingTeamOffense_SacrificeHits
22,World_Series_Winner
22,home_bat10
23,MVP_in_visitingteam
25,DayNight
25,HomeTeamOffense_StolenBases
27,VisitingTeamOffense_Homeruns
27,home_field10
27,last_game_streak
28,HomeTeamOffense_Homeruns
30,home_pitch10
31,VisitingTeamOffense_RBIs
32,HomeTeamDefense_DoublePlays
32,VisitingTeamDefense_DoublePlays
32,last_game_div_rank
33,VisitingTeamDefense_Errors
34,NumberofOuts
34,VisitingTeamOffense_HitbyPitch
38,VisitingTeamOffense_IntentionalWalks
38,season_end_w_l_ratio
39,HomeTeamDefense_Errors
39,VisitingTeamOffense_Doubles
40,opponent_season_end_rank
41,HomeTeamOffense_RBIs
43,VisitingTeamPitchers_IndividualEarnedRuns
45,VisitingTeamOffense_GroundedintoDoublePlay
46,VisitingTeamPitchers_PitchersUsed
47,HomeTeamScore
47,previous_visiting_as_cnt
48,bat_avg_age
48,pitch_avg_age
51,HomeTeamPitchers_IndividualEarnedRuns
51,VistingTeamScore
52,season_end_runs_mean
58,visiting_as_cnt
60,HomeTeamOffense_Walks
62,HomeTeamOffense_Doubles
63,visiting_pitch10
64,VisitingTeamOffense_Hits
68,season_end_runs_allowed_mean
69,VisitingTeamOffense_Walks
76,visiting_bat10
79,VisitingTeamOffense_LeftOnBase
81,HomeTeamDefense_Assists
86,visiting_field10
89,HomeTeamGameNumber
91,HomeTeamOffense_LeftOnBase
102,HomeTeamOffense_Hits
104,HomeTeamOffense_Strickouts
111,HomeTeamOffense_AtBats
118,HomeTeamPitchers_PitchersUsed
124,VisitingTeamOffense_Strickouts
134,VisitingTeamDefense_Assists
136,VisitingTeamOffense_AtBats
142,is_weekend
144,opponent_season_end_w_l_ratio
151,VisitingTeam
164,opponent_season_end_runs_mean
167,DayofWeek
198,opponent_season_end_runs_allowed_mean
209,last_game_w_l_ratio
242,VisitingTeamGameNumber
267,Date
316,Year
390,Attendance_5
409,Attendance_4
414,Attendance_3
418,DayofMonth
438,Attendance_2
1141,Attendance_1
