Value,Feature
0,Capacity
0,Cy_Young_in_hometeam
0,Cy_Young_in_visitingteam
0,HomeTeam
0,HomeTeamDefense_PassedBalls
0,HomeTeamDefense_PutOuts
0,HomeTeamDefense_TriplePlays
0,HomeTeamLeague
0,HomeTeamOffense_AwardedFirstonCatcherInterference
0,HomeTeamPitchers_Balks
0,HomeTeam_ws_winner
0,NBA_Team
0,NFL_Team
0,NHL_Team
0,NumberofGames
0,VisitingTeamDefense_PutOuts
0,VisitingTeamDefense_TriplePlays
0,VisitingTeamLeague
0,VisitingTeamOffense_AwardedFirstonCatcherInterference
0,VisitingTeamPitchers_Balks
0,VisitingTeam_ws_winner
0,date_int
0,holidayName
0,is_public_holiday
0,last_game_record
0,mean_attendance
0,opening_day
1,HomeTeamPitchers_TeamEarnedRuns
1,MVP_in_hometeam
1,VisitingTeamOffense_Triples
2,HomeTeamOffense_CaughtStealing
3,VisitingTeamOffense_IntentionalWalks
4,VisitingTeamDefense_PassedBalls
4,opponent_season_end_rank
5,HomeTeamOffense_Triples
5,home_field10
6,HomeTeamOffense_SacrificeHits
6,HomeTeamOffense_StolenBases
6,VisitingTeamPitchers_TeamEarnedRuns
7,home_bat10
7,home_pitch10
8,HomeTeamOffense_GroundedintoDoublePlay
8,home_as_cnt
9,HomeTeamOffense_IntentionalWalks
9,HomeTeamPitchers_WildPitches
9,NumberofOuts
9,VisitingTeamOffense_CaughtStealing
9,VisitingTeamOffense_SacrificeHits
9,VisitingTeamOffense_StolenBases
10,previous_visiting_as_cnt
11,VisitingTeamDefense_DoublePlays
11,season_end_w_l_ratio
13,bat_avg_age
14,MVP_in_visitingteam
16,VisitingTeamOffense_Doubles
16,VisitingTeamOffense_SacrificeFlies
17,VisitingTeamDefense_Errors
17,VisitingTeamOffense_GroundedintoDoublePlay
17,VisitingTeamOffense_HitbyPitch
18,HomeTeamDefense_Errors
19,HomeTeamOffense_HitbyPitch
20,HomeTeamOffense_RBIs
20,HomeTeamScore
20,previous_home_as_cnt
22,HomeTeamOffense_SacrificeFlies
22,VisitingTeamOffense_RBIs
22,VisitingTeamPitchers_WildPitches
22,season_end_runs_allowed_mean
24,HomeTeamPitchers_IndividualEarnedRuns
25,HomeTeamDefense_DoublePlays
27,DayNight
27,HomeTeamOffense_Doubles
27,visiting_field10
28,HomeTeamOffense_LeftOnBase
28,HomeTeamPitchers_PitchersUsed
28,season_end_runs_mean
29,VisitingTeamOffense_Strickouts
30,HomeTeamOffense_Hits
30,HomeTeamOffense_Walks
32,World_Series_Winner
33,VisitingTeamOffense_Homeruns
33,VisitingTeamPitchers_PitchersUsed
35,visiting_pitch10
39,pitch_avg_age
40,VisitingTeamOffense_Hits
41,visiting_bat10
42,HomeTeamOffense_Homeruns
45,VisitingTeamPitchers_IndividualEarnedRuns
46,VisitingTeamDefense_Assists
48,VisitingTeamOffense_LeftOnBase
54,opponent_season_end_runs_allowed_mean
56,HomeTeamDefense_Assists
56,VistingTeamScore
58,HomeTeamOffense_AtBats
58,is_weekend
59,visiting_as_cnt
61,VisitingTeamOffense_Walks
67,last_game_div_rank
70,opponent_season_end_w_l_ratio
71,Month
73,last_game_streak
80,VisitingTeamOffense_AtBats
81,opponent_season_end_runs_mean
82,HomeTeamOffense_Strickouts
110,HomeTeamGameNumber
125,last_game_w_l_ratio
138,Attendance_3
140,Attendance_4
145,Date
157,VisitingTeamGameNumber
167,Attendance_5
204,Attendance_2
278,DayofWeek
368,VisitingTeam
418,Attendance_1
479,Year
553,DayofMonth
