Value,Feature
0,Capacity
0,Cy_Young_in_hometeam
0,Cy_Young_in_visitingteam
0,HomeTeam
0,HomeTeamDefense_PassedBalls
0,HomeTeamDefense_TriplePlays
0,HomeTeamLeague
0,HomeTeamOffense_AwardedFirstonCatcherInterference
0,HomeTeamPitchers_Balks
0,HomeTeam_ws_winner
0,NBA_Team
0,NFL_Team
0,NHL_Team
0,NumberofGames
0,VisitingTeamDefense_PutOuts
0,VisitingTeamDefense_TriplePlays
0,VisitingTeamOffense_AwardedFirstonCatcherInterference
0,VisitingTeamPitchers_Balks
0,VisitingTeam_ws_winner
0,date_int
0,holidayName
0,is_public_holiday
0,last_game_record
0,mean_attendance
0,opening_day
1,HomeTeamDefense_PutOuts
1,HomeTeamPitchers_TeamEarnedRuns
1,MVP_in_hometeam
1,VisitingTeamDefense_PassedBalls
2,HomeTeamOffense_IntentionalWalks
3,VisitingTeamOffense_Triples
5,HomeTeamOffense_SacrificeHits
5,VisitingTeamLeague
5,VisitingTeamOffense_SacrificeHits
5,VisitingTeamPitchers_TeamEarnedRuns
6,VisitingTeamOffense_CaughtStealing
6,World_Series_Winner
7,HomeTeamOffense_CaughtStealing
7,HomeTeamOffense_Triples
7,VisitingTeamOffense_IntentionalWalks
9,VisitingTeamOffense_SacrificeFlies
9,last_game_streak
10,home_bat10
12,HomeTeamOffense_SacrificeFlies
14,VisitingTeamPitchers_WildPitches
17,previous_home_as_cnt
18,MVP_in_visitingteam
18,VisitingTeamOffense_HitbyPitch
21,HomeTeamPitchers_WildPitches
23,HomeTeamOffense_HitbyPitch
23,home_field10
26,VisitingTeamOffense_GroundedintoDoublePlay
27,HomeTeamDefense_Errors
27,VisitingTeamOffense_StolenBases
28,NumberofOuts
28,home_as_cnt
29,HomeTeamOffense_GroundedintoDoublePlay
31,home_pitch10
35,Month
36,VisitingTeamOffense_Homeruns
36,opponent_season_end_rank
39,HomeTeamOffense_StolenBases
40,VisitingTeamDefense_Errors
40,last_game_div_rank
41,HomeTeamOffense_RBIs
41,VisitingTeamDefense_DoublePlays
45,HomeTeamDefense_DoublePlays
46,VisitingTeamPitchers_IndividualEarnedRuns
47,HomeTeamPitchers_IndividualEarnedRuns
48,VistingTeamScore
50,HomeTeamOffense_Homeruns
51,season_end_w_l_ratio
52,previous_visiting_as_cnt
53,VisitingTeamOffense_RBIs
53,VisitingTeamPitchers_PitchersUsed
54,HomeTeamOffense_Doubles
54,season_end_runs_allowed_mean
59,pitch_avg_age
60,HomeTeamScore
60,VisitingTeamOffense_Doubles
62,HomeTeamPitchers_PitchersUsed
65,VisitingTeamOffense_AtBats
71,visiting_bat10
74,HomeTeamOffense_Walks
75,is_weekend
75,season_end_runs_mean
77,bat_avg_age
78,visiting_field10
79,visiting_as_cnt
81,VisitingTeamOffense_Hits
96,VisitingTeamOffense_Walks
98,visiting_pitch10
101,HomeTeamOffense_AtBats
102,HomeTeamOffense_Hits
102,VisitingTeamOffense_LeftOnBase
104,DayNight
104,VisitingTeamDefense_Assists
105,HomeTeamOffense_LeftOnBase
107,HomeTeamOffense_Strickouts
109,HomeTeamDefense_Assists
117,DayofWeek
132,VisitingTeamOffense_Strickouts
149,HomeTeamGameNumber
166,opponent_season_end_runs_allowed_mean
169,VisitingTeam
175,opponent_season_end_w_l_ratio
195,Year
215,opponent_season_end_runs_mean
233,last_game_w_l_ratio
251,DayofMonth
261,Date
301,VisitingTeamGameNumber
306,Attendance_3
351,Attendance_2
367,Attendance_5
369,Attendance_4
657,Attendance_1
