Value,Feature
0,Capacity
0,Cy_Young_in_hometeam
0,Cy_Young_in_visitingteam
0,HomeTeam
0,HomeTeamDefense_PassedBalls
0,HomeTeamDefense_PutOuts
0,HomeTeamDefense_TriplePlays
0,HomeTeamLeague
0,HomeTeamOffense_AwardedFirstonCatcherInterference
0,HomeTeamPitchers_Balks
0,HomeTeamPitchers_TeamEarnedRuns
0,HomeTeam_ws_winner
0,NBA_Team
0,NFL_Team
0,NHL_Team
0,NumberofGames
0,VisitingTeamDefense_PutOuts
0,VisitingTeamDefense_TriplePlays
0,VisitingTeamOffense_AwardedFirstonCatcherInterference
0,VisitingTeam_ws_winner
0,date_int
0,holidayName
0,is_public_holiday
0,last_game_record
0,mean_attendance
0,opening_day
1,VisitingTeamDefense_PassedBalls
1,VisitingTeamOffense_IntentionalWalks
1,VisitingTeamOffense_Triples
2,VisitingTeamLeague
2,VisitingTeamPitchers_Balks
3,HomeTeamOffense_IntentionalWalks
3,MVP_in_hometeam
6,HomeTeamOffense_SacrificeHits
6,HomeTeamOffense_Triples
6,VisitingTeamPitchers_TeamEarnedRuns
7,HomeTeamOffense_HitbyPitch
8,VisitingTeamOffense_CaughtStealing
9,HomeTeamOffense_SacrificeFlies
9,VisitingTeamOffense_SacrificeFlies
9,VisitingTeamOffense_SacrificeHits
10,VisitingTeamOffense_HitbyPitch
11,MVP_in_visitingteam
15,VisitingTeamOffense_GroundedintoDoublePlay
16,VisitingTeamPitchers_WildPitches
16,World_Series_Winner
17,HomeTeamPitchers_WildPitches
17,home_bat10
18,previous_home_as_cnt
22,home_as_cnt
23,HomeTeamOffense_GroundedintoDoublePlay
25,home_pitch10
29,home_field10
30,HomeTeamOffense_CaughtStealing
31,HomeTeamDefense_Errors
31,VisitingTeamDefense_DoublePlays
31,season_end_runs_allowed_mean
33,HomeTeamDefense_DoublePlays
33,is_weekend
35,previous_visiting_as_cnt
39,VisitingTeamOffense_Homeruns
40,HomeTeamOffense_RBIs
45,VistingTeamScore
46,last_game_div_rank
46,season_end_w_l_ratio
48,VisitingTeamPitchers_IndividualEarnedRuns
48,opponent_season_end_rank
49,HomeTeamPitchers_IndividualEarnedRuns
50,HomeTeamOffense_StolenBases
50,HomeTeamScore
51,VisitingTeamOffense_StolenBases
51,bat_avg_age
52,HomeTeamOffense_Homeruns
52,NumberofOuts
52,VisitingTeamDefense_Errors
52,pitch_avg_age
54,HomeTeamPitchers_PitchersUsed
59,season_end_runs_mean
61,Month
62,VisitingTeamPitchers_PitchersUsed
63,visiting_bat10
66,HomeTeamOffense_Hits
66,HomeTeamOffense_Walks
67,HomeTeamOffense_LeftOnBase
67,VisitingTeamOffense_RBIs
68,visiting_as_cnt
69,HomeTeamOffense_Doubles
76,VisitingTeamOffense_Doubles
86,visiting_pitch10
89,VisitingTeamOffense_Walks
89,visiting_field10
95,VisitingTeamOffense_AtBats
102,HomeTeamOffense_AtBats
102,VisitingTeamOffense_Strickouts
102,last_game_streak
105,DayNight
110,VisitingTeamOffense_LeftOnBase
114,VisitingTeamOffense_Hits
117,VisitingTeamDefense_Assists
125,HomeTeamGameNumber
125,HomeTeamOffense_Strickouts
141,HomeTeamDefense_Assists
173,opponent_season_end_w_l_ratio
188,last_game_w_l_ratio
199,opponent_season_end_runs_allowed_mean
204,DayofWeek
216,opponent_season_end_runs_mean
224,VisitingTeamGameNumber
239,Attendance_3
292,Attendance_2
305,Attendance_4
332,Date
367,VisitingTeam
466,Year
477,Attendance_5
530,Attendance_1
621,DayofMonth
