Value,Feature
0,Capacity
0,Cy_Young_in_hometeam
0,Cy_Young_in_visitingteam
0,HomeTeam
0,HomeTeamDefense_PutOuts
0,HomeTeamDefense_TriplePlays
0,HomeTeamLeague
0,HomeTeamOffense_AwardedFirstonCatcherInterference
0,HomeTeamPitchers_Balks
0,HomeTeam_ws_winner
0,NBA_Team
0,NFL_Team
0,NHL_Team
0,NumberofGames
0,VisitingTeamDefense_PassedBalls
0,VisitingTeamDefense_PutOuts
0,VisitingTeamDefense_TriplePlays
0,VisitingTeamOffense_AwardedFirstonCatcherInterference
0,VisitingTeamPitchers_Balks
0,VisitingTeam_ws_winner
0,date_int
0,holidayName
0,last_game_record
0,mean_attendance
0,opening_day
1,HomeTeamDefense_PassedBalls
5,VisitingTeamLeague
8,VisitingTeamPitchers_TeamEarnedRuns
13,HomeTeamPitchers_TeamEarnedRuns
14,World_Series_Winner
15,VisitingTeamOffense_IntentionalWalks
20,is_public_holiday
21,VisitingTeamOffense_Triples
23,VisitingTeamOffense_CaughtStealing
24,MVP_in_hometeam
26,HomeTeamOffense_Triples
27,HomeTeamOffense_SacrificeFlies
30,VisitingTeamPitchers_WildPitches
31,HomeTeamOffense_IntentionalWalks
32,HomeTeamPitchers_WildPitches
41,HomeTeamOffense_SacrificeHits
42,VisitingTeamOffense_SacrificeFlies
47,MVP_in_visitingteam
47,home_as_cnt
48,HomeTeamOffense_HitbyPitch
49,last_game_streak
50,VisitingTeamOffense_SacrificeHits
55,home_field10
55,previous_home_as_cnt
66,HomeTeamDefense_Errors
68,HomeTeamDefense_DoublePlays
68,last_game_div_rank
71,NumberofOuts
72,HomeTeamOffense_CaughtStealing
76,VisitingTeamDefense_Errors
76,home_bat10
79,VisitingTeamOffense_HitbyPitch
86,HomeTeamOffense_StolenBases
86,VisitingTeamOffense_RBIs
88,VisitingTeamOffense_StolenBases
89,HomeTeamOffense_RBIs
92,Month
97,HomeTeamOffense_GroundedintoDoublePlay
97,VisitingTeamOffense_Homeruns
104,is_weekend
110,VisitingTeamOffense_GroundedintoDoublePlay
112,VisitingTeamPitchers_IndividualEarnedRuns
113,opponent_season_end_rank
114,HomeTeamScore
114,VisitingTeamDefense_DoublePlays
120,previous_visiting_as_cnt
125,season_end_runs_mean
129,VisitingTeamOffense_Doubles
129,home_pitch10
131,pitch_avg_age
133,DayNight
133,HomeTeamOffense_Homeruns
136,HomeTeamPitchers_IndividualEarnedRuns
138,HomeTeamPitchers_PitchersUsed
140,bat_avg_age
140,visiting_as_cnt
150,season_end_w_l_ratio
154,VistingTeamScore
157,VisitingTeamPitchers_PitchersUsed
161,season_end_runs_allowed_mean
195,HomeTeamOffense_Doubles
207,VisitingTeamOffense_LeftOnBase
209,visiting_bat10
212,HomeTeamOffense_Hits
220,VisitingTeamOffense_Walks
221,HomeTeamOffense_AtBats
231,visiting_pitch10
232,visiting_field10
234,HomeTeamOffense_Walks
240,HomeTeamOffense_LeftOnBase
244,VisitingTeamOffense_Hits
252,VisitingTeamOffense_AtBats
255,HomeTeamDefense_Assists
255,VisitingTeamOffense_Strickouts
289,HomeTeamOffense_Strickouts
293,VisitingTeamDefense_Assists
357,DayofWeek
375,HomeTeamGameNumber
375,VisitingTeam
390,opponent_season_end_w_l_ratio
393,Date
490,opponent_season_end_runs_allowed_mean
513,opponent_season_end_runs_mean
514,Year
629,DayofMonth
661,last_game_w_l_ratio
681,VisitingTeamGameNumber
748,Attendance_5
753,Attendance_4
799,Attendance_3
837,Attendance_2
1714,Attendance_1
