Value,Feature
0,Capacity
0,Cy_Young_in_hometeam
0,Cy_Young_in_visitingteam
0,HomeTeam
0,HomeTeamDefense_Assists
0,HomeTeamDefense_DoublePlays
0,HomeTeamDefense_Errors
0,HomeTeamDefense_PassedBalls
0,HomeTeamDefense_PutOuts
0,HomeTeamDefense_TriplePlays
0,HomeTeamLeague
0,HomeTeamOffense_AtBats
0,HomeTeamOffense_AwardedFirstonCatcherInterference
0,HomeTeamOffense_Doubles
0,HomeTeamOffense_GroundedintoDoublePlay
0,HomeTeamOffense_HitbyPitch
0,HomeTeamOffense_Homeruns
0,HomeTeamOffense_IntentionalWalks
0,HomeTeamOffense_SacrificeFlies
0,HomeTeamOffense_SacrificeHits
0,HomeTeamOffense_StolenBases
0,HomeTeamOffense_Triples
0,HomeTeamPitchers_Balks
0,HomeTeamPitchers_PitchersUsed
0,HomeTeamPitchers_TeamEarnedRuns
0,HomeTeamPitchers_WildPitches
0,HomeTeamScore
0,HomeTeam_ws_winner
0,MVP_in_hometeam
0,MVP_in_visitingteam
0,NBA_Team
0,NFL_Team
0,NHL_Team
0,NumberofGames
0,NumberofOuts
0,VisitingTeamDefense_Errors
0,VisitingTeamDefense_PassedBalls
0,VisitingTeamDefense_PutOuts
0,VisitingTeamDefense_TriplePlays
0,VisitingTeamLeague
0,VisitingTeamOffense_AwardedFirstonCatcherInterference
0,VisitingTeamOffense_CaughtStealing
0,VisitingTeamOffense_Doubles
0,VisitingTeamOffense_GroundedintoDoublePlay
0,VisitingTeamOffense_HitbyPitch
0,VisitingTeamOffense_Hits
0,VisitingTeamOffense_Homeruns
0,VisitingTeamOffense_IntentionalWalks
0,VisitingTeamOffense_SacrificeHits
0,VisitingTeamOffense_Triples
0,VisitingTeamOffense_Walks
0,VisitingTeamPitchers_Balks
0,VisitingTeamPitchers_IndividualEarnedRuns
0,VisitingTeamPitchers_PitchersUsed
0,VisitingTeamPitchers_TeamEarnedRuns
0,VisitingTeamPitchers_WildPitches
0,VistingTeamScore
0,date_int
0,holidayName
0,home_bat10
0,home_field10
0,is_public_holiday
0,last_game_record
0,mean_attendance
0,opening_day
0,opponent_season_end_rank
0,previous_home_as_cnt
0,season_end_runs_allowed_mean
1,HomeTeamOffense_LeftOnBase
1,HomeTeamOffense_Strickouts
1,HomeTeamPitchers_IndividualEarnedRuns
1,VisitingTeamDefense_DoublePlays
1,VisitingTeamOffense_LeftOnBase
1,VisitingTeamOffense_RBIs
1,VisitingTeam_ws_winner
1,home_as_cnt
1,visiting_field10
2,HomeTeamOffense_Walks
2,World_Series_Winner
2,season_end_w_l_ratio
3,HomeTeamOffense_RBIs
3,VisitingTeamOffense_SacrificeFlies
3,pitch_avg_age
3,visiting_pitch10
4,HomeTeamOffense_CaughtStealing
4,VisitingTeamOffense_AtBats
4,home_pitch10
5,VisitingTeamOffense_StolenBases
5,bat_avg_age
6,visiting_bat10
8,VisitingTeamOffense_Strickouts
9,Month
9,previous_visiting_as_cnt
11,HomeTeamOffense_Hits
14,last_game_div_rank
16,Attendance_3
17,opponent_season_end_runs_allowed_mean
17,season_end_runs_mean
23,is_weekend
24,opponent_season_end_runs_mean
27,last_game_w_l_ratio
28,VisitingTeamDefense_Assists
29,last_game_streak
31,Attendance_2
31,Date
36,opponent_season_end_w_l_ratio
36,visiting_as_cnt
50,Attendance_4
57,VisitingTeamGameNumber
76,HomeTeamGameNumber
88,DayNight
113,Attendance_5
235,DayofWeek
257,DayofMonth
290,VisitingTeam
397,Attendance_1
416,Year
