Value,Feature
0,Capacity
0,Cy_Young_in_hometeam
0,Cy_Young_in_visitingteam
0,HomeTeam
0,HomeTeamDefense_PutOuts
0,HomeTeamDefense_TriplePlays
0,HomeTeamLeague
0,HomeTeamOffense_AwardedFirstonCatcherInterference
0,HomeTeamPitchers_Balks
0,MVP_in_hometeam
0,NFL_Team
0,NHL_Team
0,NumberofGames
0,VisitingTeamDefense_PutOuts
0,VisitingTeamDefense_TriplePlays
0,VisitingTeamOffense_AwardedFirstonCatcherInterference
0,VisitingTeam_ws_winner
0,date_int
0,holidayName
0,is_public_holiday
0,last_game_record
0,mean_attendance
0,opening_day
1,HomeTeamDefense_PassedBalls
1,NBA_Team
2,HomeTeam_ws_winner
2,VisitingTeamDefense_PassedBalls
2,VisitingTeamLeague
4,HomeTeamPitchers_TeamEarnedRuns
4,VisitingTeamPitchers_Balks
6,VisitingTeamOffense_IntentionalWalks
7,World_Series_Winner
8,VisitingTeamPitchers_TeamEarnedRuns
8,home_as_cnt
9,HomeTeamOffense_CaughtStealing
9,VisitingTeamOffense_CaughtStealing
9,previous_home_as_cnt
11,VisitingTeamOffense_SacrificeFlies
12,HomeTeamOffense_SacrificeFlies
13,HomeTeamOffense_SacrificeHits
13,VisitingTeamOffense_Triples
15,HomeTeamOffense_Triples
16,VisitingTeamOffense_HitbyPitch
17,MVP_in_visitingteam
23,HomeTeamOffense_HitbyPitch
23,HomeTeamOffense_IntentionalWalks
23,HomeTeamPitchers_WildPitches
23,VisitingTeamPitchers_WildPitches
24,VisitingTeamOffense_StolenBases
24,home_bat10
24,home_field10
25,VisitingTeamOffense_GroundedintoDoublePlay
27,VisitingTeamOffense_SacrificeHits
31,HomeTeamOffense_StolenBases
32,NumberofOuts
33,HomeTeamDefense_DoublePlays
34,home_pitch10
35,DayNight
35,VisitingTeamDefense_DoublePlays
38,Month
38,previous_visiting_as_cnt
39,HomeTeamDefense_Errors
39,VisitingTeamDefense_Errors
40,bat_avg_age
41,opponent_season_end_rank
45,season_end_runs_allowed_mean
47,HomeTeamScore
48,HomeTeamOffense_GroundedintoDoublePlay
48,VisitingTeamOffense_Homeruns
48,VisitingTeamPitchers_IndividualEarnedRuns
49,HomeTeamOffense_RBIs
49,HomeTeamPitchers_PitchersUsed
51,HomeTeamOffense_Doubles
51,HomeTeamOffense_Homeruns
51,last_game_div_rank
53,season_end_w_l_ratio
54,VisitingTeamOffense_RBIs
54,VistingTeamScore
54,last_game_streak
57,pitch_avg_age
59,HomeTeamPitchers_IndividualEarnedRuns
59,season_end_runs_mean
61,VisitingTeamPitchers_PitchersUsed
63,is_weekend
66,visiting_as_cnt
67,VisitingTeamOffense_Hits
70,VisitingTeamOffense_Doubles
74,VisitingTeamOffense_Walks
79,HomeTeamOffense_AtBats
79,VisitingTeamOffense_AtBats
79,visiting_bat10
80,HomeTeamOffense_Hits
84,VisitingTeamOffense_LeftOnBase
85,visiting_pitch10
87,HomeTeamOffense_Walks
90,HomeTeamOffense_Strickouts
94,HomeTeamOffense_LeftOnBase
101,HomeTeamGameNumber
101,VisitingTeamDefense_Assists
101,VisitingTeamOffense_Strickouts
106,HomeTeamDefense_Assists
129,visiting_field10
130,opponent_season_end_runs_allowed_mean
168,DayofWeek
169,Date
174,opponent_season_end_w_l_ratio
190,opponent_season_end_runs_mean
202,VisitingTeamGameNumber
206,VisitingTeam
211,last_game_w_l_ratio
236,Attendance_5
237,Attendance_2
245,Attendance_4
253,Attendance_3
384,Year
402,DayofMonth
600,Attendance_1
