Value,Feature
0,Capacity
0,Cy_Young_in_hometeam
0,Cy_Young_in_visitingteam
0,HomeTeam
0,HomeTeamDefense_PutOuts
0,HomeTeamDefense_TriplePlays
0,HomeTeamLeague
0,HomeTeamOffense_AwardedFirstonCatcherInterference
0,HomeTeamPitchers_Balks
0,HomeTeam_ws_winner
0,MVP_in_visitingteam
0,NBA_Team
0,NFL_Team
0,NHL_Team
0,VisitingTeamDefense_PassedBalls
0,VisitingTeamDefense_PutOuts
0,VisitingTeamDefense_TriplePlays
0,VisitingTeamLeague
0,VisitingTeamOffense_AwardedFirstonCatcherInterference
0,VisitingTeamPitchers_Balks
0,VisitingTeam_ws_winner
0,date_int
0,holidayName
0,home_bat10
0,is_public_holiday
0,last_game_record
0,mean_attendance
0,opening_day
1,HomeTeamDefense_PassedBalls
1,HomeTeamOffense_GroundedintoDoublePlay
1,VisitingTeamOffense_IntentionalWalks
2,HomeTeamOffense_IntentionalWalks
2,HomeTeamOffense_Triples
2,HomeTeamPitchers_TeamEarnedRuns
2,MVP_in_hometeam
2,NumberofGames
2,VisitingTeamOffense_SacrificeFlies
2,previous_home_as_cnt
3,HomeTeamPitchers_WildPitches
3,VisitingTeamOffense_HitbyPitch
3,VisitingTeamPitchers_TeamEarnedRuns
3,opponent_season_end_rank
4,home_as_cnt
5,HomeTeamOffense_CaughtStealing
5,HomeTeamOffense_SacrificeHits
5,VisitingTeamOffense_CaughtStealing
5,VisitingTeamPitchers_WildPitches
5,home_field10
6,HomeTeamOffense_SacrificeFlies
7,NumberofOuts
7,home_pitch10
8,HomeTeamDefense_DoublePlays
8,VisitingTeamDefense_DoublePlays
8,VisitingTeamDefense_Errors
8,World_Series_Winner
8,is_weekend
9,VisitingTeamOffense_SacrificeHits
9,VisitingTeamOffense_StolenBases
9,VisitingTeamOffense_Triples
10,HomeTeamOffense_StolenBases
10,previous_visiting_as_cnt
10,season_end_runs_mean
11,HomeTeamPitchers_PitchersUsed
11,VisitingTeamOffense_GroundedintoDoublePlay
12,last_game_div_rank
12,season_end_w_l_ratio
13,HomeTeamOffense_RBIs
13,HomeTeamPitchers_IndividualEarnedRuns
13,pitch_avg_age
14,HomeTeamDefense_Errors
15,HomeTeamOffense_HitbyPitch
15,bat_avg_age
16,VisitingTeamPitchers_PitchersUsed
16,season_end_runs_allowed_mean
17,HomeTeamOffense_Hits
17,VisitingTeamOffense_Homeruns
17,VisitingTeamOffense_RBIs
18,HomeTeamOffense_Homeruns
19,visiting_bat10
19,visiting_field10
20,HomeTeamOffense_Doubles
20,visiting_as_cnt
22,HomeTeamOffense_LeftOnBase
22,VisitingTeamOffense_Doubles
23,VisitingTeamOffense_AtBats
23,VisitingTeamOffense_Hits
23,VistingTeamScore
24,VisitingTeamDefense_Assists
24,VisitingTeamPitchers_IndividualEarnedRuns
25,visiting_pitch10
26,HomeTeamScore
29,HomeTeamOffense_AtBats
29,VisitingTeamOffense_Walks
30,HomeTeamOffense_Walks
30,Month
31,DayNight
32,VisitingTeamOffense_Strickouts
34,HomeTeamOffense_Strickouts
38,VisitingTeamOffense_LeftOnBase
42,last_game_streak
43,opponent_season_end_w_l_ratio
51,HomeTeamDefense_Assists
51,opponent_season_end_runs_allowed_mean
77,opponent_season_end_runs_mean
79,Date
92,Attendance_4
99,HomeTeamGameNumber
108,last_game_w_l_ratio
109,Attendance_5
112,Attendance_3
132,Attendance_2
133,DayofWeek
139,VisitingTeamGameNumber
207,VisitingTeam
322,Year
426,DayofMonth
430,Attendance_1
