Value,Feature
0,Capacity
0,Cy_Young_in_hometeam
0,Cy_Young_in_visitingteam
0,HomeTeam
0,HomeTeamDefense_PutOuts
0,HomeTeamDefense_TriplePlays
0,HomeTeamLeague
0,HomeTeamOffense_AwardedFirstonCatcherInterference
0,HomeTeamPitchers_Balks
0,HomeTeamPitchers_TeamEarnedRuns
0,HomeTeam_ws_winner
0,NBA_Team
0,NFL_Team
0,NHL_Team
0,VisitingTeamDefense_PutOuts
0,VisitingTeamDefense_TriplePlays
0,VisitingTeamOffense_AwardedFirstonCatcherInterference
0,date_int
0,holidayName
0,last_game_record
0,mean_attendance
0,opening_day
1,VisitingTeam_ws_winner
2,HomeTeamDefense_PassedBalls
2,VisitingTeamLeague
3,VisitingTeamDefense_PassedBalls
4,NumberofGames
4,VisitingTeamPitchers_TeamEarnedRuns
6,World_Series_Winner
7,MVP_in_hometeam
7,VisitingTeamOffense_Triples
7,VisitingTeamPitchers_Balks
7,home_as_cnt
10,HomeTeamOffense_SacrificeFlies
10,HomeTeamPitchers_WildPitches
10,VisitingTeamOffense_CaughtStealing
12,HomeTeamOffense_SacrificeHits
12,VisitingTeamOffense_IntentionalWalks
13,VisitingTeamOffense_SacrificeFlies
14,HomeTeamOffense_IntentionalWalks
14,VisitingTeamOffense_HitbyPitch
14,home_field10
14,is_public_holiday
16,DayNight
16,NumberofOuts
17,HomeTeamOffense_Triples
17,home_pitch10
18,HomeTeamOffense_HitbyPitch
18,previous_home_as_cnt
20,VisitingTeamDefense_DoublePlays
21,VisitingTeamPitchers_WildPitches
22,VisitingTeamOffense_SacrificeHits
23,HomeTeamOffense_GroundedintoDoublePlay
23,VisitingTeamOffense_GroundedintoDoublePlay
23,is_weekend
25,HomeTeamOffense_CaughtStealing
26,HomeTeamOffense_StolenBases
26,VisitingTeamOffense_RBIs
26,home_bat10
29,MVP_in_visitingteam
29,last_game_div_rank
32,HomeTeamPitchers_IndividualEarnedRuns
35,HomeTeamDefense_DoublePlays
35,VisitingTeamOffense_Doubles
39,VisitingTeamOffense_StolenBases
42,HomeTeamOffense_RBIs
42,bat_avg_age
42,season_end_w_l_ratio
43,HomeTeamDefense_Errors
44,VisitingTeamDefense_Errors
45,HomeTeamOffense_Homeruns
45,pitch_avg_age
46,VistingTeamScore
48,HomeTeamScore
48,opponent_season_end_rank
49,season_end_runs_allowed_mean
52,HomeTeamPitchers_PitchersUsed
52,VisitingTeamOffense_Homeruns
52,VisitingTeamPitchers_PitchersUsed
55,season_end_runs_mean
56,VisitingTeamPitchers_IndividualEarnedRuns
57,visiting_as_cnt
59,previous_visiting_as_cnt
62,HomeTeamOffense_Doubles
63,Month
70,HomeTeamOffense_Hits
73,visiting_bat10
75,VisitingTeamOffense_Walks
81,last_game_streak
83,HomeTeamOffense_LeftOnBase
87,VisitingTeamOffense_AtBats
87,visiting_field10
98,visiting_pitch10
99,VisitingTeamOffense_LeftOnBase
102,HomeTeamOffense_Walks
102,VisitingTeamOffense_Hits
118,HomeTeamOffense_AtBats
118,VisitingTeamOffense_Strickouts
119,Date
131,HomeTeamDefense_Assists
131,HomeTeamOffense_Strickouts
134,VisitingTeamDefense_Assists
145,opponent_season_end_w_l_ratio
152,opponent_season_end_runs_allowed_mean
173,HomeTeamGameNumber
193,last_game_w_l_ratio
194,opponent_season_end_runs_mean
206,VisitingTeamGameNumber
262,Attendance_4
273,DayofWeek
282,Attendance_3
311,Attendance_2
311,VisitingTeam
356,Attendance_5
452,Year
634,DayofMonth
1037,Attendance_1
