Value,Feature
0,Capacity
0,Cy_Young_in_hometeam
0,Cy_Young_in_visitingteam
0,HomeTeam
0,HomeTeamDefense_PassedBalls
0,HomeTeamDefense_PutOuts
0,HomeTeamDefense_TriplePlays
0,HomeTeamLeague
0,HomeTeamOffense_AwardedFirstonCatcherInterference
0,HomeTeam_ws_winner
0,NBA_Team
0,NHL_Team
0,VisitingTeamDefense_PutOuts
0,VisitingTeamDefense_TriplePlays
0,VisitingTeamOffense_AwardedFirstonCatcherInterference
0,VisitingTeam_ws_winner
0,date_int
0,holidayName
0,is_public_holiday
0,last_game_record
0,mean_attendance
0,opening_day
1,VisitingTeamPitchers_Balks
2,NumberofGames
3,HomeTeamPitchers_Balks
5,NFL_Team
8,HomeTeamPitchers_TeamEarnedRuns
10,VisitingTeamLeague
11,VisitingTeamPitchers_TeamEarnedRuns
16,VisitingTeamDefense_PassedBalls
17,HomeTeamOffense_CaughtStealing
18,VisitingTeamOffense_Triples
20,World_Series_Winner
21,MVP_in_hometeam
24,HomeTeamOffense_SacrificeFlies
26,VisitingTeamOffense_IntentionalWalks
26,VisitingTeamOffense_SacrificeHits
28,HomeTeamOffense_HitbyPitch
28,HomeTeamOffense_SacrificeHits
32,HomeTeamOffense_IntentionalWalks
32,VisitingTeamOffense_CaughtStealing
32,VisitingTeamOffense_SacrificeFlies
34,MVP_in_visitingteam
35,home_as_cnt
40,HomeTeamOffense_Triples
42,previous_home_as_cnt
43,VisitingTeamOffense_HitbyPitch
48,HomeTeamPitchers_WildPitches
48,VisitingTeamPitchers_WildPitches
54,home_bat10
64,HomeTeamOffense_GroundedintoDoublePlay
66,VisitingTeamOffense_StolenBases
70,Month
74,NumberofOuts
81,last_game_div_rank
82,home_pitch10
86,VisitingTeamOffense_GroundedintoDoublePlay
89,home_field10
94,HomeTeamDefense_Errors
95,VisitingTeamDefense_DoublePlays
96,season_end_runs_mean
99,HomeTeamDefense_DoublePlays
101,HomeTeamOffense_StolenBases
103,last_game_streak
113,HomeTeamOffense_Homeruns
117,HomeTeamPitchers_IndividualEarnedRuns
118,opponent_season_end_rank
121,pitch_avg_age
124,season_end_w_l_ratio
126,VisitingTeamOffense_RBIs
126,VisitingTeamPitchers_IndividualEarnedRuns
126,is_weekend
127,HomeTeamPitchers_PitchersUsed
127,VisitingTeamDefense_Errors
132,DayNight
133,previous_visiting_as_cnt
137,VistingTeamScore
140,season_end_runs_allowed_mean
144,HomeTeamOffense_RBIs
151,VisitingTeamOffense_Homeruns
151,bat_avg_age
161,HomeTeamOffense_Doubles
171,HomeTeamScore
175,VisitingTeamOffense_Doubles
178,VisitingTeamPitchers_PitchersUsed
191,visiting_as_cnt
193,visiting_field10
210,VisitingTeamOffense_Walks
228,visiting_bat10
234,VisitingTeamOffense_Hits
235,HomeTeamOffense_Walks
259,HomeTeamOffense_Hits
262,visiting_pitch10
274,VisitingTeamOffense_LeftOnBase
282,DayofWeek
291,HomeTeamOffense_AtBats
293,HomeTeamOffense_LeftOnBase
295,VisitingTeamOffense_AtBats
309,HomeTeamDefense_Assists
334,HomeTeamOffense_Strickouts
346,VisitingTeam
353,VisitingTeamOffense_Strickouts
403,HomeTeamGameNumber
421,opponent_season_end_w_l_ratio
422,VisitingTeamDefense_Assists
477,opponent_season_end_runs_mean
552,Date
584,opponent_season_end_runs_allowed_mean
591,last_game_w_l_ratio
599,Year
772,VisitingTeamGameNumber
778,Attendance_4
791,DayofMonth
846,Attendance_5
877,Attendance_2
1006,Attendance_3
1889,Attendance_1
