Value,Feature
0,Capacity
0,Cy_Young_in_hometeam
0,Cy_Young_in_visitingteam
0,HomeTeam
0,HomeTeamDefense_PassedBalls
0,HomeTeamDefense_PutOuts
0,HomeTeamDefense_TriplePlays
0,HomeTeamLeague
0,HomeTeamOffense_AwardedFirstonCatcherInterference
0,HomeTeamOffense_Triples
0,HomeTeamPitchers_Balks
0,HomeTeam_ws_winner
0,NBA_Team
0,NFL_Team
0,NHL_Team
0,NumberofGames
0,VisitingTeamDefense_PutOuts
0,VisitingTeamDefense_TriplePlays
0,VisitingTeamOffense_AwardedFirstonCatcherInterference
0,VisitingTeamPitchers_Balks
0,VisitingTeam_ws_winner
0,date_int
0,holidayName
0,is_public_holiday
0,last_game_record
0,mean_attendance
0,opening_day
1,HomeTeamOffense_CaughtStealing
1,HomeTeamOffense_IntentionalWalks
1,HomeTeamOffense_SacrificeHits
1,VisitingTeamDefense_PassedBalls
1,VisitingTeamOffense_IntentionalWalks
1,VisitingTeamOffense_SacrificeHits
1,VisitingTeamOffense_Triples
2,VisitingTeamPitchers_TeamEarnedRuns
4,VisitingTeamOffense_CaughtStealing
4,VisitingTeamOffense_SacrificeFlies
5,HomeTeamPitchers_TeamEarnedRuns
5,MVP_in_hometeam
5,home_as_cnt
6,World_Series_Winner
7,HomeTeamOffense_HitbyPitch
7,HomeTeamOffense_SacrificeFlies
7,VisitingTeamLeague
7,VisitingTeamPitchers_WildPitches
11,HomeTeamPitchers_WildPitches
12,previous_home_as_cnt
13,HomeTeamOffense_StolenBases
13,VisitingTeamOffense_HitbyPitch
13,last_game_div_rank
14,VisitingTeamDefense_Errors
16,MVP_in_visitingteam
16,bat_avg_age
16,home_bat10
19,VisitingTeamOffense_GroundedintoDoublePlay
20,HomeTeamOffense_GroundedintoDoublePlay
20,VisitingTeamOffense_StolenBases
21,HomeTeamDefense_DoublePlays
21,last_game_streak
22,Month
22,NumberofOuts
24,HomeTeamDefense_Errors
27,VisitingTeamDefense_DoublePlays
27,VisitingTeamOffense_Homeruns
32,home_pitch10
32,season_end_runs_allowed_mean
34,DayNight
34,opponent_season_end_rank
35,HomeTeamPitchers_PitchersUsed
36,VisitingTeamPitchers_PitchersUsed
36,pitch_avg_age
37,HomeTeamScore
37,VisitingTeamOffense_RBIs
37,VisitingTeamPitchers_IndividualEarnedRuns
38,home_field10
39,VisitingTeamOffense_Walks
39,season_end_w_l_ratio
40,season_end_runs_mean
41,HomeTeamOffense_Homeruns
41,HomeTeamOffense_RBIs
41,VistingTeamScore
41,visiting_field10
42,HomeTeamPitchers_IndividualEarnedRuns
45,is_weekend
48,VisitingTeamOffense_Hits
49,VisitingTeamOffense_Doubles
55,visiting_bat10
56,previous_visiting_as_cnt
60,HomeTeamOffense_Doubles
61,HomeTeamOffense_Hits
61,HomeTeamOffense_Strickouts
62,VisitingTeamOffense_AtBats
64,HomeTeamOffense_Walks
64,visiting_as_cnt
65,HomeTeamOffense_AtBats
67,HomeTeamOffense_LeftOnBase
69,visiting_pitch10
75,VisitingTeamDefense_Assists
78,VisitingTeamOffense_LeftOnBase
79,VisitingTeamOffense_Strickouts
82,HomeTeamDefense_Assists
107,DayofWeek
112,opponent_season_end_w_l_ratio
120,HomeTeamGameNumber
149,opponent_season_end_runs_allowed_mean
150,opponent_season_end_runs_mean
163,VisitingTeam
176,Attendance_3
177,Date
182,VisitingTeamGameNumber
196,last_game_w_l_ratio
197,Attendance_4
220,Attendance_5
244,Year
258,Attendance_2
269,DayofMonth
522,Attendance_1
