Value,Feature
0,Capacity
0,Cy_Young_in_hometeam
0,Cy_Young_in_visitingteam
0,HomeTeam
0,HomeTeamDefense_PassedBalls
0,HomeTeamDefense_PutOuts
0,HomeTeamDefense_TriplePlays
0,HomeTeamLeague
0,HomeTeamOffense_AwardedFirstonCatcherInterference
0,HomeTeamPitchers_Balks
0,HomeTeam_ws_winner
0,NBA_Team
0,NFL_Team
0,NHL_Team
0,NumberofGames
0,VisitingTeamDefense_PassedBalls
0,VisitingTeamDefense_PutOuts
0,VisitingTeamDefense_TriplePlays
0,VisitingTeamOffense_AwardedFirstonCatcherInterference
0,VisitingTeamPitchers_Balks
0,VisitingTeam_ws_winner
0,date_int
0,holidayName
0,is_public_holiday
0,last_game_record
0,mean_attendance
0,opening_day
1,VisitingTeamLeague
4,VisitingTeamPitchers_TeamEarnedRuns
6,HomeTeamOffense_CaughtStealing
6,VisitingTeamOffense_IntentionalWalks
9,HomeTeamOffense_SacrificeHits
10,VisitingTeamOffense_CaughtStealing
10,VisitingTeamOffense_SacrificeHits
11,HomeTeamPitchers_TeamEarnedRuns
15,HomeTeamOffense_Triples
15,MVP_in_visitingteam
16,World_Series_Winner
22,VisitingTeamOffense_SacrificeFlies
25,VisitingTeamOffense_Triples
28,HomeTeamOffense_IntentionalWalks
35,HomeTeamOffense_HitbyPitch
35,VisitingTeamDefense_DoublePlays
35,VisitingTeamPitchers_WildPitches
36,HomeTeamPitchers_WildPitches
36,MVP_in_hometeam
37,home_as_cnt
37,home_pitch10
39,HomeTeamOffense_StolenBases
44,home_bat10
45,HomeTeamOffense_SacrificeFlies
48,previous_home_as_cnt
49,Month
52,VisitingTeamOffense_HitbyPitch
52,is_weekend
54,last_game_div_rank
58,home_field10
60,HomeTeamOffense_GroundedintoDoublePlay
65,VisitingTeamOffense_StolenBases
66,opponent_season_end_rank
71,VisitingTeamOffense_Homeruns
72,HomeTeamOffense_RBIs
75,HomeTeamDefense_DoublePlays
76,NumberofOuts
78,VisitingTeamOffense_GroundedintoDoublePlay
79,VisitingTeamDefense_Errors
80,HomeTeamOffense_Homeruns
82,VisitingTeamPitchers_PitchersUsed
84,HomeTeamDefense_Errors
86,VisitingTeamOffense_RBIs
88,HomeTeamOffense_Doubles
90,VistingTeamScore
91,season_end_runs_allowed_mean
94,HomeTeamPitchers_PitchersUsed
98,pitch_avg_age
100,HomeTeamPitchers_IndividualEarnedRuns
103,visiting_as_cnt
103,visiting_field10
104,VisitingTeamPitchers_IndividualEarnedRuns
107,season_end_runs_mean
108,previous_visiting_as_cnt
112,last_game_streak
113,VisitingTeamOffense_Doubles
114,visiting_bat10
117,HomeTeamScore
121,bat_avg_age
122,visiting_pitch10
124,HomeTeamOffense_LeftOnBase
138,season_end_w_l_ratio
141,VisitingTeamOffense_Walks
144,VisitingTeamOffense_LeftOnBase
146,HomeTeamOffense_Strickouts
148,VisitingTeamOffense_Hits
159,DayNight
171,HomeTeamOffense_Walks
171,VisitingTeamOffense_AtBats
182,HomeTeamOffense_Hits
198,HomeTeamDefense_Assists
199,HomeTeamOffense_AtBats
216,VisitingTeamOffense_Strickouts
228,DayofWeek
230,VisitingTeamDefense_Assists
274,HomeTeamGameNumber
276,opponent_season_end_w_l_ratio
323,VisitingTeam
332,opponent_season_end_runs_mean
376,Date
422,Year
430,opponent_season_end_runs_allowed_mean
473,last_game_w_l_ratio
500,VisitingTeamGameNumber
602,Attendance_3
627,Attendance_2
646,Attendance_4
720,DayofMonth
759,Attendance_5
1349,Attendance_1
