Value,Feature
0,Capacity
0,Cy_Young_in_hometeam
0,Cy_Young_in_visitingteam
0,HomeTeam
0,HomeTeamDefense_PutOuts
0,HomeTeamDefense_TriplePlays
0,HomeTeamLeague
0,HomeTeamOffense_AwardedFirstonCatcherInterference
0,HomeTeamPitchers_Balks
0,HomeTeam_ws_winner
0,NBA_Team
0,NFL_Team
0,NHL_Team
0,NumberofGames
0,VisitingTeamDefense_PutOuts
0,VisitingTeamDefense_TriplePlays
0,VisitingTeamOffense_AwardedFirstonCatcherInterference
0,VisitingTeamPitchers_Balks
0,VisitingTeamPitchers_TeamEarnedRuns
0,VisitingTeam_ws_winner
0,date_int
0,holidayName
0,is_public_holiday
0,last_game_record
0,mean_attendance
0,opening_day
1,HomeTeamPitchers_TeamEarnedRuns
2,HomeTeamDefense_PassedBalls
5,MVP_in_hometeam
5,VisitingTeamDefense_PassedBalls
6,VisitingTeamLeague
7,HomeTeamOffense_IntentionalWalks
8,VisitingTeamOffense_SacrificeHits
9,VisitingTeamOffense_Triples
11,VisitingTeamOffense_CaughtStealing
12,HomeTeamOffense_CaughtStealing
12,VisitingTeamOffense_IntentionalWalks
12,World_Series_Winner
13,HomeTeamOffense_Triples
16,HomeTeamOffense_SacrificeHits
17,HomeTeamOffense_SacrificeFlies
21,VisitingTeamOffense_SacrificeFlies
24,VisitingTeamPitchers_WildPitches
28,HomeTeamOffense_HitbyPitch
28,last_game_streak
37,HomeTeamPitchers_WildPitches
40,VisitingTeamOffense_HitbyPitch
46,Month
50,NumberofOuts
51,home_pitch10
55,HomeTeamOffense_GroundedintoDoublePlay
56,last_game_div_rank
57,HomeTeamDefense_DoublePlays
58,home_bat10
59,HomeTeamOffense_StolenBases
60,is_weekend
64,MVP_in_visitingteam
64,VisitingTeamOffense_Homeruns
65,home_as_cnt
65,previous_home_as_cnt
66,VisitingTeamOffense_StolenBases
68,home_field10
71,HomeTeamDefense_Errors
82,VisitingTeamDefense_DoublePlays
84,HomeTeamOffense_Homeruns
87,VisitingTeamDefense_Errors
89,VisitingTeamOffense_GroundedintoDoublePlay
93,opponent_season_end_rank
96,HomeTeamPitchers_IndividualEarnedRuns
102,VisitingTeamOffense_RBIs
105,HomeTeamPitchers_PitchersUsed
113,VisitingTeamPitchers_IndividualEarnedRuns
115,HomeTeamOffense_RBIs
115,VistingTeamScore
118,VisitingTeamOffense_Doubles
125,season_end_w_l_ratio
128,season_end_runs_mean
130,HomeTeamOffense_Doubles
133,previous_visiting_as_cnt
138,VisitingTeamPitchers_PitchersUsed
139,DayofWeek
141,VisitingTeamOffense_Walks
142,bat_avg_age
142,season_end_runs_allowed_mean
142,visiting_as_cnt
155,HomeTeamScore
155,visiting_field10
160,HomeTeamOffense_Hits
161,visiting_bat10
165,pitch_avg_age
174,VisitingTeamOffense_Hits
190,HomeTeamOffense_Walks
192,visiting_pitch10
200,VisitingTeamOffense_Strickouts
204,HomeTeamOffense_Strickouts
206,VisitingTeamOffense_LeftOnBase
212,HomeTeamGameNumber
214,HomeTeamOffense_LeftOnBase
214,VisitingTeamDefense_Assists
214,VisitingTeamOffense_AtBats
232,HomeTeamOffense_AtBats
237,VisitingTeam
242,HomeTeamDefense_Assists
250,DayNight
259,Year
383,DayofMonth
396,opponent_season_end_w_l_ratio
406,Date
414,opponent_season_end_runs_allowed_mean
418,opponent_season_end_runs_mean
465,last_game_w_l_ratio
526,VisitingTeamGameNumber
574,Attendance_4
610,Attendance_3
617,Attendance_2
648,Attendance_5
1221,Attendance_1
