Value,Feature
0,Cy_Young_in_hometeam
0,Cy_Young_in_visitingteam
0,HomeTeam
0,HomeTeamDefense_PassedBalls
0,HomeTeamDefense_PutOuts
0,HomeTeamDefense_TriplePlays
0,HomeTeamLeague
0,HomeTeamOffense_AwardedFirstonCatcherInterference
0,HomeTeamPitchers_TeamEarnedRuns
0,HomeTeam_ws_winner
0,NBA_Team
0,NFL_Team
0,NHL_Team
0,VisitingTeamDefense_PutOuts
0,VisitingTeamDefense_TriplePlays
0,VisitingTeamLeague
0,VisitingTeamOffense_AwardedFirstonCatcherInterference
0,VisitingTeam_ws_winner
0,date_int
0,holidayName
0,is_public_holiday
0,last_game_record
0,mean_attendance
0,opening_day
1,HomeTeamPitchers_Balks
2,HomeTeamPitchers_WildPitches
2,MVP_in_hometeam
3,NumberofGames
3,VisitingTeamPitchers_Balks
4,VisitingTeamOffense_IntentionalWalks
5,HomeTeamOffense_Triples
5,VisitingTeamDefense_PassedBalls
5,home_as_cnt
7,VisitingTeamPitchers_WildPitches
9,MVP_in_visitingteam
9,bat_avg_age
9,previous_home_as_cnt
10,HomeTeamOffense_CaughtStealing
12,home_pitch10
13,VisitingTeamOffense_SacrificeFlies
13,VisitingTeamPitchers_TeamEarnedRuns
14,home_field10
14,season_end_runs_mean
16,HomeTeamOffense_HitbyPitch
16,HomeTeamOffense_SacrificeFlies
17,VisitingTeamOffense_Triples
18,VisitingTeamOffense_CaughtStealing
19,HomeTeamDefense_DoublePlays
21,VisitingTeamOffense_StolenBases
22,last_game_div_rank
24,HomeTeamOffense_Homeruns
24,HomeTeamOffense_SacrificeHits
25,World_Series_Winner
26,HomeTeamOffense_StolenBases
27,VisitingTeamOffense_HitbyPitch
28,VisitingTeamPitchers_PitchersUsed
28,opponent_season_end_rank
29,HomeTeamOffense_IntentionalWalks
29,NumberofOuts
30,VisitingTeamDefense_DoublePlays
30,VisitingTeamDefense_Errors
30,VistingTeamScore
30,season_end_runs_allowed_mean
33,HomeTeamOffense_RBIs
33,HomeTeamPitchers_IndividualEarnedRuns
34,HomeTeamDefense_Errors
34,HomeTeamScore
34,VisitingTeamOffense_RBIs
39,pitch_avg_age
40,VisitingTeamOffense_Homeruns
40,VisitingTeamOffense_SacrificeHits
41,previous_visiting_as_cnt
41,visiting_as_cnt
42,HomeTeamPitchers_PitchersUsed
43,HomeTeamOffense_GroundedintoDoublePlay
47,VisitingTeamOffense_GroundedintoDoublePlay
47,VisitingTeamPitchers_IndividualEarnedRuns
51,visiting_bat10
54,VisitingTeamOffense_Hits
54,visiting_pitch10
55,DayNight
56,Capacity
57,HomeTeamOffense_Doubles
59,is_weekend
62,HomeTeamOffense_LeftOnBase
64,VisitingTeamOffense_Doubles
64,home_bat10
65,HomeTeamOffense_Hits
66,HomeTeamGameNumber
67,Month
68,visiting_field10
69,VisitingTeamOffense_Walks
73,HomeTeamOffense_AtBats
73,VisitingTeamOffense_AtBats
75,season_end_w_l_ratio
77,HomeTeamOffense_Walks
77,VisitingTeamOffense_LeftOnBase
86,last_game_streak
89,VisitingTeamOffense_Strickouts
97,VisitingTeamDefense_Assists
98,opponent_season_end_runs_mean
101,opponent_season_end_w_l_ratio
103,HomeTeamOffense_Strickouts
108,HomeTeamDefense_Assists
156,opponent_season_end_runs_allowed_mean
162,DayofWeek
173,last_game_w_l_ratio
192,VisitingTeamGameNumber
295,Year
304,VisitingTeam
474,Attendance_4
474,Date
570,Attendance_5
579,Attendance_2
591,Attendance_3
657,DayofMonth
1721,Attendance_1
