Value,Feature
0,Capacity
0,Cy_Young_in_hometeam
0,Cy_Young_in_visitingteam
0,HomeTeam
0,HomeTeamDefense_PassedBalls
0,HomeTeamDefense_PutOuts
0,HomeTeamDefense_TriplePlays
0,HomeTeamLeague
0,HomeTeamOffense_AwardedFirstonCatcherInterference
0,HomeTeamPitchers_Balks
0,HomeTeam_ws_winner
0,NFL_Team
0,NHL_Team
0,NumberofGames
0,VisitingTeamDefense_PassedBalls
0,VisitingTeamDefense_TriplePlays
0,VisitingTeamOffense_AwardedFirstonCatcherInterference
0,VisitingTeamOffense_Triples
0,VisitingTeamPitchers_Balks
0,VisitingTeamPitchers_TeamEarnedRuns
0,VisitingTeam_ws_winner
0,date_int
0,holidayName
0,is_public_holiday
0,last_game_record
0,mean_attendance
0,opening_day
1,HomeTeamOffense_Triples
1,NBA_Team
2,HomeTeamOffense_CaughtStealing
2,VisitingTeamOffense_CaughtStealing
2,VisitingTeamOffense_SacrificeFlies
3,VisitingTeamDefense_PutOuts
4,HomeTeamOffense_SacrificeFlies
4,VisitingTeamOffense_IntentionalWalks
5,HomeTeamPitchers_TeamEarnedRuns
6,HomeTeamOffense_HitbyPitch
7,HomeTeamPitchers_WildPitches
8,VisitingTeamLeague
9,MVP_in_visitingteam
9,VisitingTeamOffense_HitbyPitch
9,previous_home_as_cnt
10,HomeTeamOffense_IntentionalWalks
11,VisitingTeamOffense_SacrificeHits
11,home_pitch10
13,VisitingTeamPitchers_WildPitches
13,home_as_cnt
13,home_bat10
15,World_Series_Winner
16,MVP_in_hometeam
17,is_weekend
18,VisitingTeamDefense_DoublePlays
21,home_field10
24,HomeTeamDefense_DoublePlays
26,VisitingTeamOffense_RBIs
26,previous_visiting_as_cnt
27,HomeTeamOffense_SacrificeHits
27,Month
28,VisitingTeamOffense_Homeruns
29,VisitingTeamDefense_Errors
30,DayNight
30,HomeTeamPitchers_PitchersUsed
31,NumberofOuts
31,opponent_season_end_rank
32,VisitingTeamPitchers_PitchersUsed
33,HomeTeamOffense_StolenBases
33,VisitingTeamOffense_GroundedintoDoublePlay
34,VisitingTeamOffense_StolenBases
34,bat_avg_age
34,last_game_div_rank
35,pitch_avg_age
37,HomeTeamOffense_Homeruns
39,HomeTeamDefense_Errors
41,HomeTeamOffense_GroundedintoDoublePlay
41,season_end_runs_allowed_mean
42,season_end_runs_mean
43,VisitingTeamOffense_Doubles
44,season_end_w_l_ratio
46,HomeTeamScore
50,HomeTeamPitchers_IndividualEarnedRuns
50,VisitingTeamPitchers_IndividualEarnedRuns
51,HomeTeamOffense_RBIs
54,HomeTeamOffense_Walks
57,visiting_as_cnt
59,HomeTeamOffense_Doubles
65,VistingTeamScore
66,VisitingTeamOffense_AtBats
67,last_game_streak
67,visiting_field10
68,HomeTeamOffense_Hits
70,visiting_bat10
70,visiting_pitch10
73,VisitingTeamOffense_LeftOnBase
76,VisitingTeamOffense_Hits
76,VisitingTeamOffense_Walks
81,HomeTeamOffense_AtBats
84,HomeTeamOffense_LeftOnBase
86,HomeTeamDefense_Assists
105,HomeTeamOffense_Strickouts
107,VisitingTeamDefense_Assists
111,VisitingTeamOffense_Strickouts
131,DayofWeek
134,HomeTeamGameNumber
136,opponent_season_end_w_l_ratio
142,Date
149,opponent_season_end_runs_allowed_mean
185,opponent_season_end_runs_mean
193,Attendance_4
193,VisitingTeam
211,last_game_w_l_ratio
213,VisitingTeamGameNumber
233,Attendance_3
234,Attendance_5
246,Attendance_2
351,Year
355,Attendance_1
402,DayofMonth
