Value,Feature
0,Capacity
0,Cy_Young_in_hometeam
0,Cy_Young_in_visitingteam
0,HomeTeam
0,HomeTeamDefense_PassedBalls
0,HomeTeamDefense_PutOuts
0,HomeTeamDefense_TriplePlays
0,HomeTeamOffense_AwardedFirstonCatcherInterference
0,HomeTeamPitchers_Balks
0,NBA_Team
0,NFL_Team
0,NHL_Team
0,NumberofGames
0,VisitingTeamDefense_PassedBalls
0,VisitingTeamDefense_TriplePlays
0,VisitingTeamOffense_AwardedFirstonCatcherInterference
0,VisitingTeamPitchers_Balks
0,VisitingTeam_ws_winner
0,date_int
0,holidayName
0,is_public_holiday
0,last_game_record
0,mean_attendance
0,opening_day
1,HomeTeam_ws_winner
1,VisitingTeamDefense_PutOuts
7,VisitingTeamPitchers_TeamEarnedRuns
12,VisitingTeamLeague
13,VisitingTeamOffense_IntentionalWalks
16,Month
16,VisitingTeamOffense_CaughtStealing
17,HomeTeamPitchers_TeamEarnedRuns
18,HomeTeamLeague
18,HomeTeamOffense_IntentionalWalks
19,previous_home_as_cnt
20,HomeTeamOffense_Triples
21,VisitingTeamOffense_SacrificeFlies
21,VisitingTeamOffense_Triples
22,MVP_in_hometeam
23,HomeTeamOffense_CaughtStealing
24,HomeTeamOffense_SacrificeFlies
25,HomeTeamOffense_SacrificeHits
27,VisitingTeamOffense_HitbyPitch
29,VisitingTeamOffense_SacrificeHits
36,HomeTeamOffense_HitbyPitch
36,World_Series_Winner
37,MVP_in_visitingteam
39,home_as_cnt
48,DayNight
54,last_game_streak
55,HomeTeamOffense_GroundedintoDoublePlay
57,HomeTeamPitchers_WildPitches
62,home_field10
63,VisitingTeamOffense_GroundedintoDoublePlay
63,VisitingTeamPitchers_WildPitches
63,home_bat10
64,HomeTeamDefense_DoublePlays
69,HomeTeamOffense_StolenBases
69,VisitingTeamDefense_DoublePlays
73,NumberofOuts
83,home_pitch10
84,is_weekend
88,HomeTeamOffense_Homeruns
88,VisitingTeamDefense_Errors
88,VisitingTeamOffense_StolenBases
89,HomeTeamOffense_RBIs
92,HomeTeamDefense_Errors
95,bat_avg_age
99,last_game_div_rank
100,VisitingTeamOffense_RBIs
100,previous_visiting_as_cnt
102,opponent_season_end_rank
104,VisitingTeamOffense_Homeruns
110,HomeTeamPitchers_PitchersUsed
113,HomeTeamPitchers_IndividualEarnedRuns
117,VistingTeamScore
120,HomeTeamScore
122,HomeTeamOffense_Doubles
124,visiting_as_cnt
128,VisitingTeamPitchers_IndividualEarnedRuns
130,season_end_w_l_ratio
135,VisitingTeamOffense_Doubles
141,season_end_runs_allowed_mean
142,VisitingTeamPitchers_PitchersUsed
146,season_end_runs_mean
154,VisitingTeamOffense_Hits
167,pitch_avg_age
173,HomeTeamOffense_Walks
173,visiting_bat10
174,DayofWeek
175,visiting_field10
187,VisitingTeamOffense_LeftOnBase
192,HomeTeamOffense_Hits
203,VisitingTeamOffense_Walks
204,HomeTeamGameNumber
208,HomeTeamOffense_AtBats
214,HomeTeamOffense_LeftOnBase
214,visiting_pitch10
217,HomeTeamOffense_Strickouts
225,VisitingTeamOffense_AtBats
236,VisitingTeamOffense_Strickouts
262,VisitingTeamDefense_Assists
277,HomeTeamDefense_Assists
295,opponent_season_end_w_l_ratio
324,Date
324,Year
352,VisitingTeam
408,opponent_season_end_runs_mean
442,opponent_season_end_runs_allowed_mean
445,last_game_w_l_ratio
512,VisitingTeamGameNumber
532,DayofMonth
607,Attendance_3
644,Attendance_4
675,Attendance_2
742,Attendance_5
1416,Attendance_1
