Value,Feature
0,Capacity
0,Cy_Young_in_hometeam
0,Cy_Young_in_visitingteam
0,HomeTeam
0,HomeTeamDefense_PassedBalls
0,HomeTeamDefense_PutOuts
0,HomeTeamDefense_TriplePlays
0,HomeTeamLeague
0,HomeTeamOffense_AwardedFirstonCatcherInterference
0,HomeTeamPitchers_Balks
0,HomeTeam_ws_winner
0,MVP_in_hometeam
0,NBA_Team
0,NFL_Team
0,NHL_Team
0,NumberofGames
0,VisitingTeamDefense_PutOuts
0,VisitingTeamDefense_TriplePlays
0,VisitingTeamOffense_AwardedFirstonCatcherInterference
0,VisitingTeam_ws_winner
0,date_int
0,holidayName
0,is_public_holiday
0,last_game_record
0,mean_attendance
0,opening_day
1,VisitingTeamPitchers_Balks
3,VisitingTeamPitchers_TeamEarnedRuns
7,VisitingTeamDefense_PassedBalls
9,home_as_cnt
11,previous_home_as_cnt
14,HomeTeamOffense_IntentionalWalks
15,VisitingTeamOffense_IntentionalWalks
15,VisitingTeamOffense_SacrificeHits
18,VisitingTeamOffense_CaughtStealing
20,HomeTeamPitchers_TeamEarnedRuns
20,World_Series_Winner
21,HomeTeamOffense_SacrificeHits
22,HomeTeamOffense_CaughtStealing
23,HomeTeamOffense_Triples
23,VisitingTeamLeague
25,VisitingTeamOffense_Triples
43,HomeTeamOffense_SacrificeFlies
46,VisitingTeamOffense_HitbyPitch
48,last_game_streak
53,HomeTeamOffense_HitbyPitch
54,VisitingTeamOffense_SacrificeFlies
57,DayNight
58,VisitingTeamOffense_StolenBases
58,VisitingTeamPitchers_WildPitches
59,MVP_in_visitingteam
60,Month
60,home_bat10
67,home_field10
70,is_weekend
72,HomeTeamPitchers_WildPitches
74,NumberofOuts
80,HomeTeamDefense_DoublePlays
80,VisitingTeamOffense_GroundedintoDoublePlay
81,VisitingTeamDefense_DoublePlays
91,opponent_season_end_rank
92,last_game_div_rank
99,home_pitch10
100,HomeTeamOffense_GroundedintoDoublePlay
102,VisitingTeamOffense_Homeruns
112,HomeTeamDefense_Errors
113,HomeTeamOffense_Homeruns
116,HomeTeamOffense_StolenBases
117,VisitingTeamDefense_Errors
121,HomeTeamOffense_RBIs
124,previous_visiting_as_cnt
126,HomeTeamPitchers_PitchersUsed
128,VisitingTeamOffense_RBIs
131,bat_avg_age
144,season_end_runs_mean
146,pitch_avg_age
148,VisitingTeamOffense_Doubles
148,VistingTeamScore
152,HomeTeamOffense_Doubles
152,VisitingTeamPitchers_PitchersUsed
152,season_end_runs_allowed_mean
153,VisitingTeamPitchers_IndividualEarnedRuns
154,HomeTeamScore
155,HomeTeamPitchers_IndividualEarnedRuns
184,HomeTeamOffense_Walks
191,VisitingTeamOffense_Walks
195,visiting_as_cnt
209,visiting_field10
214,HomeTeamOffense_LeftOnBase
224,VisitingTeamOffense_LeftOnBase
226,visiting_bat10
227,VisitingTeamOffense_AtBats
233,DayofWeek
233,HomeTeamOffense_Hits
233,visiting_pitch10
240,HomeTeamOffense_AtBats
246,VisitingTeamOffense_Hits
267,season_end_w_l_ratio
297,HomeTeamOffense_Strickouts
310,VisitingTeamDefense_Assists
317,VisitingTeamOffense_Strickouts
333,HomeTeamDefense_Assists
342,HomeTeamGameNumber
360,VisitingTeam
415,opponent_season_end_w_l_ratio
527,Date
528,opponent_season_end_runs_mean
539,opponent_season_end_runs_allowed_mean
594,Year
598,VisitingTeamGameNumber
621,last_game_w_l_ratio
716,Attendance_3
747,DayofMonth
800,Attendance_2
850,Attendance_4
854,Attendance_5
1627,Attendance_1
