Value,Feature
0,Capacity
0,Cy_Young_in_hometeam
0,Cy_Young_in_visitingteam
0,HomeTeam
0,HomeTeamDefense_PutOuts
0,HomeTeamDefense_TriplePlays
0,HomeTeamLeague
0,HomeTeamOffense_AwardedFirstonCatcherInterference
0,HomeTeamPitchers_Balks
0,HomeTeam_ws_winner
0,MVP_in_hometeam
0,NBA_Team
0,NFL_Team
0,NHL_Team
0,NumberofGames
0,VisitingTeamDefense_PutOuts
0,VisitingTeamDefense_TriplePlays
0,VisitingTeamOffense_AwardedFirstonCatcherInterference
0,VisitingTeamPitchers_Balks
0,VisitingTeam_ws_winner
0,date_int
0,holidayName
0,is_public_holiday
0,last_game_record
0,mean_attendance
0,opening_day
1,HomeTeamOffense_Triples
2,HomeTeamDefense_PassedBalls
2,VisitingTeamDefense_PassedBalls
5,VisitingTeamOffense_SacrificeHits
6,VisitingTeamLeague
6,VisitingTeamOffense_SacrificeFlies
6,VisitingTeamOffense_Triples
8,VisitingTeamOffense_IntentionalWalks
9,HomeTeamPitchers_TeamEarnedRuns
11,VisitingTeamPitchers_TeamEarnedRuns
12,HomeTeamOffense_SacrificeHits
13,HomeTeamOffense_CaughtStealing
13,HomeTeamOffense_IntentionalWalks
16,home_as_cnt
18,VisitingTeamOffense_HitbyPitch
22,Month
23,previous_home_as_cnt
25,HomeTeamOffense_SacrificeFlies
25,HomeTeamPitchers_WildPitches
28,World_Series_Winner
29,VisitingTeamOffense_CaughtStealing
33,VisitingTeamPitchers_WildPitches
34,is_weekend
36,home_bat10
37,MVP_in_visitingteam
39,VisitingTeamOffense_StolenBases
45,HomeTeamOffense_HitbyPitch
53,home_field10
56,HomeTeamOffense_GroundedintoDoublePlay
56,VisitingTeamOffense_Homeruns
60,HomeTeamPitchers_PitchersUsed
60,last_game_streak
63,HomeTeamOffense_Homeruns
64,home_pitch10
68,opponent_season_end_rank
71,HomeTeamDefense_DoublePlays
75,HomeTeamOffense_StolenBases
75,NumberofOuts
77,VisitingTeamOffense_GroundedintoDoublePlay
77,season_end_w_l_ratio
85,bat_avg_age
85,last_game_div_rank
88,pitch_avg_age
89,HomeTeamOffense_RBIs
90,previous_visiting_as_cnt
92,VisitingTeamOffense_RBIs
94,VisitingTeamPitchers_IndividualEarnedRuns
96,VisitingTeamDefense_DoublePlays
97,HomeTeamScore
97,season_end_runs_allowed_mean
100,HomeTeamPitchers_IndividualEarnedRuns
100,VisitingTeamPitchers_PitchersUsed
102,VisitingTeamDefense_Errors
102,VistingTeamScore
103,HomeTeamDefense_Errors
104,visiting_as_cnt
105,visiting_field10
106,VisitingTeamOffense_Doubles
110,DayNight
110,visiting_bat10
119,HomeTeamOffense_Walks
126,HomeTeamOffense_Doubles
126,season_end_runs_mean
136,VisitingTeamOffense_Walks
145,VisitingTeamOffense_Hits
162,HomeTeamOffense_Strickouts
165,VisitingTeamOffense_LeftOnBase
168,HomeTeamOffense_Hits
169,visiting_pitch10
171,VisitingTeamOffense_AtBats
176,HomeTeamOffense_LeftOnBase
176,VisitingTeamOffense_Strickouts
186,HomeTeamOffense_AtBats
189,DayofWeek
191,VisitingTeamDefense_Assists
228,HomeTeamDefense_Assists
232,opponent_season_end_w_l_ratio
233,VisitingTeam
298,HomeTeamGameNumber
326,opponent_season_end_runs_allowed_mean
327,Date
363,opponent_season_end_runs_mean
431,last_game_w_l_ratio
452,Attendance_3
477,VisitingTeamGameNumber
486,Year
522,Attendance_2
561,Attendance_4
593,DayofMonth
602,Attendance_5
1306,Attendance_1
