Value,Feature
0,Capacity
0,Cy_Young_in_hometeam
0,Cy_Young_in_visitingteam
0,HomeTeam
0,HomeTeamDefense_Errors
0,HomeTeamDefense_PassedBalls
0,HomeTeamDefense_PutOuts
0,HomeTeamDefense_TriplePlays
0,HomeTeamLeague
0,HomeTeamOffense_AwardedFirstonCatcherInterference
0,HomeTeamOffense_Doubles
0,HomeTeamOffense_GroundedintoDoublePlay
0,HomeTeamOffense_IntentionalWalks
0,HomeTeamOffense_SacrificeFlies
0,HomeTeamOffense_SacrificeHits
0,HomeTeamPitchers_PitchersUsed
0,HomeTeamPitchers_TeamEarnedRuns
0,HomeTeam_ws_winner
0,MVP_in_hometeam
0,NBA_Team
0,NFL_Team
0,NHL_Team
0,NumberofGames
0,NumberofOuts
0,VisitingTeamDefense_PassedBalls
0,VisitingTeamDefense_PutOuts
0,VisitingTeamDefense_TriplePlays
0,VisitingTeamOffense_AwardedFirstonCatcherInterference
0,VisitingTeamOffense_Doubles
0,VisitingTeamOffense_HitbyPitch
0,VisitingTeamOffense_IntentionalWalks
0,VisitingTeamOffense_LeftOnBase
0,VisitingTeamOffense_SacrificeFlies
0,VisitingTeamOffense_Triples
0,VisitingTeamPitchers_Balks
0,VisitingTeamPitchers_TeamEarnedRuns
0,VisitingTeamPitchers_WildPitches
0,VisitingTeam_ws_winner
0,VistingTeamScore
0,bat_avg_age
0,date_int
0,holidayName
0,home_as_cnt
0,home_bat10
0,home_pitch10
0,last_game_record
0,mean_attendance
0,opening_day
0,season_end_runs_allowed_mean
1,HomeTeamOffense_CaughtStealing
1,HomeTeamOffense_HitbyPitch
1,HomeTeamOffense_StolenBases
1,HomeTeamOffense_Triples
1,HomeTeamPitchers_WildPitches
1,VisitingTeamLeague
1,VisitingTeamOffense_Homeruns
1,VisitingTeamOffense_RBIs
1,VisitingTeamOffense_StolenBases
1,previous_home_as_cnt
2,HomeTeamOffense_RBIs
2,HomeTeamOffense_Walks
2,MVP_in_visitingteam
2,VisitingTeamOffense_GroundedintoDoublePlay
2,VisitingTeamPitchers_IndividualEarnedRuns
2,previous_visiting_as_cnt
3,HomeTeamOffense_Hits
3,HomeTeamOffense_Homeruns
3,HomeTeamPitchers_IndividualEarnedRuns
3,VisitingTeamOffense_Walks
3,opponent_season_end_runs_mean
3,visiting_field10
4,HomeTeamOffense_LeftOnBase
4,VisitingTeamPitchers_PitchersUsed
4,World_Series_Winner
4,visiting_bat10
4,visiting_pitch10
5,HomeTeamDefense_DoublePlays
5,HomeTeamOffense_AtBats
5,HomeTeamPitchers_Balks
5,VisitingTeamDefense_Assists
5,VisitingTeamOffense_AtBats
5,VisitingTeamOffense_CaughtStealing
5,home_field10
5,visiting_as_cnt
6,HomeTeamOffense_Strickouts
6,HomeTeamScore
6,pitch_avg_age
7,VisitingTeamOffense_SacrificeHits
7,season_end_runs_mean
8,VisitingTeamDefense_DoublePlays
8,VisitingTeamOffense_Strickouts
9,Attendance_4
9,HomeTeamDefense_Assists
9,VisitingTeamOffense_Hits
9,opponent_season_end_rank
10,is_public_holiday
11,Date
12,season_end_w_l_ratio
14,VisitingTeamDefense_Errors
15,last_game_streak
15,opponent_season_end_runs_allowed_mean
18,Attendance_5
19,Attendance_2
22,is_weekend
22,opponent_season_end_w_l_ratio
25,Attendance_3
25,last_game_div_rank
28,Month
31,VisitingTeamGameNumber
33,Attendance_1
36,DayNight
44,HomeTeamGameNumber
57,last_game_w_l_ratio
92,DayofWeek
144,Year
151,VisitingTeam
192,DayofMonth
