Value,Feature
0,Capacity
0,Cy_Young_in_hometeam
0,Cy_Young_in_visitingteam
0,HomeTeam
0,HomeTeamDefense_PassedBalls
0,HomeTeamDefense_PutOuts
0,HomeTeamDefense_TriplePlays
0,HomeTeamLeague
0,HomeTeamOffense_AwardedFirstonCatcherInterference
0,HomeTeamOffense_CaughtStealing
0,HomeTeamPitchers_Balks
0,HomeTeam_ws_winner
0,NBA_Team
0,NFL_Team
0,NHL_Team
0,NumberofGames
0,VisitingTeamDefense_PassedBalls
0,VisitingTeamDefense_TriplePlays
0,VisitingTeamLeague
0,VisitingTeamOffense_AwardedFirstonCatcherInterference
0,VisitingTeamOffense_Triples
0,VisitingTeamPitchers_Balks
0,VisitingTeam_ws_winner
0,date_int
0,holidayName
0,is_public_holiday
0,last_game_record
0,mean_attendance
0,opening_day
1,HomeTeamOffense_Triples
1,VisitingTeamPitchers_WildPitches
1,last_game_streak
2,HomeTeamPitchers_TeamEarnedRuns
2,VisitingTeamDefense_PutOuts
2,VisitingTeamOffense_IntentionalWalks
2,World_Series_Winner
3,VisitingTeamOffense_SacrificeFlies
4,home_as_cnt
5,HomeTeamOffense_SacrificeFlies
7,HomeTeamOffense_SacrificeHits
10,HomeTeamOffense_HitbyPitch
10,VisitingTeamPitchers_TeamEarnedRuns
11,HomeTeamOffense_IntentionalWalks
11,home_field10
12,HomeTeamDefense_DoublePlays
12,HomeTeamOffense_Homeruns
13,HomeTeamOffense_GroundedintoDoublePlay
13,VisitingTeamPitchers_PitchersUsed
15,NumberofOuts
15,VisitingTeamOffense_Walks
16,HomeTeamPitchers_IndividualEarnedRuns
16,MVP_in_visitingteam
16,Month
16,home_bat10
16,home_pitch10
16,season_end_runs_mean
17,HomeTeamOffense_RBIs
19,HomeTeamPitchers_WildPitches
19,previous_home_as_cnt
20,MVP_in_hometeam
20,VisitingTeamOffense_Homeruns
20,VisitingTeamPitchers_IndividualEarnedRuns
20,visiting_as_cnt
21,VistingTeamScore
22,VisitingTeamDefense_DoublePlays
22,VisitingTeamOffense_Doubles
23,VisitingTeamOffense_HitbyPitch
23,VisitingTeamOffense_SacrificeHits
24,VisitingTeamOffense_CaughtStealing
24,previous_visiting_as_cnt
25,HomeTeamOffense_StolenBases
25,VisitingTeamOffense_Strickouts
27,HomeTeamScore
27,season_end_runs_allowed_mean
28,HomeTeamOffense_Doubles
28,VisitingTeamOffense_RBIs
28,VisitingTeamOffense_StolenBases
29,HomeTeamPitchers_PitchersUsed
30,HomeTeamDefense_Errors
30,opponent_season_end_rank
36,HomeTeamOffense_AtBats
38,VisitingTeamDefense_Errors
39,HomeTeamOffense_Walks
43,HomeTeamOffense_Hits
43,VisitingTeamOffense_LeftOnBase
44,VisitingTeamOffense_AtBats
44,pitch_avg_age
45,visiting_field10
47,HomeTeamOffense_Strickouts
47,visiting_pitch10
50,last_game_div_rank
51,VisitingTeamOffense_GroundedintoDoublePlay
53,DayNight
57,bat_avg_age
57,opponent_season_end_runs_mean
57,opponent_season_end_w_l_ratio
62,season_end_w_l_ratio
64,VisitingTeamOffense_Hits
68,HomeTeamDefense_Assists
71,HomeTeamOffense_LeftOnBase
71,visiting_bat10
72,VisitingTeamDefense_Assists
78,HomeTeamGameNumber
83,VisitingTeam
102,is_weekend
123,VisitingTeamGameNumber
127,opponent_season_end_runs_allowed_mean
129,DayofWeek
188,last_game_w_l_ratio
209,DayofMonth
217,Attendance_3
227,Attendance_2
227,Date
270,Year
271,Attendance_5
272,Attendance_4
398,Attendance_1
