Value,Feature
0,Capacity
0,Cy_Young_in_hometeam
0,Cy_Young_in_visitingteam
0,HomeTeam
0,HomeTeamDefense_PutOuts
0,HomeTeamDefense_TriplePlays
0,HomeTeamLeague
0,HomeTeamOffense_AwardedFirstonCatcherInterference
0,HomeTeamPitchers_Balks
0,NBA_Team
0,NFL_Team
0,NHL_Team
0,VisitingTeamDefense_PassedBalls
0,VisitingTeamDefense_PutOuts
0,VisitingTeamDefense_TriplePlays
0,VisitingTeamOffense_AwardedFirstonCatcherInterference
0,VisitingTeamOffense_CaughtStealing
0,VisitingTeamOffense_SacrificeFlies
0,VisitingTeamPitchers_Balks
0,VisitingTeam_ws_winner
0,date_int
0,holidayName
0,is_public_holiday
0,last_game_record
0,mean_attendance
0,opening_day
1,HomeTeamDefense_PassedBalls
1,HomeTeamOffense_IntentionalWalks
1,HomeTeamOffense_Triples
1,HomeTeamPitchers_TeamEarnedRuns
1,MVP_in_hometeam
1,VisitingTeamOffense_SacrificeHits
2,VisitingTeamOffense_Triples
3,NumberofGames
4,HomeTeamOffense_SacrificeFlies
4,HomeTeam_ws_winner
4,VisitingTeamLeague
4,VisitingTeamOffense_IntentionalWalks
5,VisitingTeamPitchers_TeamEarnedRuns
5,home_field10
6,HomeTeamOffense_SacrificeHits
6,HomeTeamPitchers_WildPitches
6,MVP_in_visitingteam
6,VisitingTeamOffense_HitbyPitch
9,HomeTeamOffense_CaughtStealing
9,World_Series_Winner
9,home_as_cnt
9,season_end_runs_mean
11,home_bat10
11,previous_home_as_cnt
12,DayNight
12,HomeTeamOffense_HitbyPitch
12,home_pitch10
13,HomeTeamOffense_GroundedintoDoublePlay
17,HomeTeamOffense_StolenBases
19,HomeTeamDefense_DoublePlays
19,HomeTeamPitchers_PitchersUsed
19,VisitingTeamPitchers_WildPitches
19,season_end_w_l_ratio
20,HomeTeamDefense_Errors
20,VisitingTeamOffense_GroundedintoDoublePlay
21,VisitingTeamDefense_DoublePlays
21,last_game_div_rank
22,VisitingTeamPitchers_IndividualEarnedRuns
22,last_game_streak
23,Month
24,HomeTeamPitchers_IndividualEarnedRuns
24,VisitingTeamOffense_RBIs
25,VistingTeamScore
25,pitch_avg_age
26,NumberofOuts
26,VisitingTeamOffense_Homeruns
26,VisitingTeamOffense_StolenBases
26,VisitingTeamPitchers_PitchersUsed
27,HomeTeamOffense_RBIs
28,HomeTeamScore
28,VisitingTeamDefense_Errors
28,season_end_runs_allowed_mean
29,HomeTeamOffense_Doubles
30,HomeTeamOffense_Homeruns
32,HomeTeamOffense_LeftOnBase
33,bat_avg_age
33,opponent_season_end_rank
35,VisitingTeamOffense_Doubles
39,VisitingTeamOffense_Walks
39,visiting_as_cnt
41,HomeTeamOffense_Walks
41,previous_visiting_as_cnt
41,visiting_bat10
46,HomeTeamOffense_Hits
47,visiting_pitch10
48,VisitingTeamOffense_Hits
50,HomeTeamOffense_AtBats
52,is_weekend
56,HomeTeamOffense_Strickouts
57,visiting_field10
61,VisitingTeamOffense_LeftOnBase
62,VisitingTeamOffense_AtBats
63,HomeTeamDefense_Assists
69,VisitingTeamOffense_Strickouts
77,VisitingTeamDefense_Assists
85,opponent_season_end_w_l_ratio
88,opponent_season_end_runs_mean
93,opponent_season_end_runs_allowed_mean
94,Date
94,DayofWeek
119,last_game_w_l_ratio
140,HomeTeamGameNumber
141,Attendance_4
153,VisitingTeam
170,Attendance_3
182,Attendance_2
190,Attendance_5
206,VisitingTeamGameNumber
237,DayofMonth
270,Year
412,Attendance_1
