Value,Feature
0,Capacity
0,Cy_Young_in_hometeam
0,Cy_Young_in_visitingteam
0,HomeTeam
0,HomeTeamDefense_PutOuts
0,HomeTeamDefense_TriplePlays
0,HomeTeamLeague
0,HomeTeamOffense_AwardedFirstonCatcherInterference
0,HomeTeam_ws_winner
0,NFL_Team
0,NHL_Team
0,VisitingTeamDefense_PutOuts
0,VisitingTeamDefense_TriplePlays
0,VisitingTeamOffense_AwardedFirstonCatcherInterference
0,VisitingTeamPitchers_Balks
0,VisitingTeam_ws_winner
0,date_int
0,holidayName
0,last_game_record
0,mean_attendance
0,opening_day
1,HomeTeamPitchers_Balks
1,NumberofGames
2,HomeTeamPitchers_TeamEarnedRuns
2,NBA_Team
3,VisitingTeamPitchers_TeamEarnedRuns
8,VisitingTeamDefense_PassedBalls
10,is_public_holiday
12,VisitingTeamLeague
13,MVP_in_visitingteam
15,World_Series_Winner
16,HomeTeamDefense_PassedBalls
16,MVP_in_hometeam
17,VisitingTeamOffense_SacrificeFlies
19,HomeTeamOffense_SacrificeFlies
20,home_as_cnt
22,VisitingTeamOffense_Triples
29,NumberofOuts
32,HomeTeamOffense_CaughtStealing
34,HomeTeamOffense_HitbyPitch
34,Month
35,VisitingTeamOffense_SacrificeHits
36,previous_home_as_cnt
37,HomeTeamOffense_IntentionalWalks
37,HomeTeamPitchers_WildPitches
40,home_pitch10
44,VisitingTeamOffense_HitbyPitch
45,home_bat10
48,VisitingTeamOffense_CaughtStealing
51,DayNight
53,HomeTeamOffense_StolenBases
54,last_game_div_rank
55,HomeTeamDefense_DoublePlays
56,VisitingTeamPitchers_WildPitches
60,HomeTeamOffense_Triples
61,VisitingTeamOffense_IntentionalWalks
63,home_field10
73,HomeTeamOffense_SacrificeHits
74,HomeTeamOffense_GroundedintoDoublePlay
75,VisitingTeamOffense_StolenBases
80,VisitingTeamOffense_GroundedintoDoublePlay
83,opponent_season_end_rank
84,VisitingTeamDefense_Errors
87,bat_avg_age
88,HomeTeamOffense_RBIs
91,is_weekend
92,VisitingTeamOffense_RBIs
93,HomeTeamOffense_Homeruns
93,last_game_streak
93,pitch_avg_age
94,previous_visiting_as_cnt
94,season_end_runs_allowed_mean
99,HomeTeamPitchers_IndividualEarnedRuns
100,HomeTeamDefense_Errors
101,VisitingTeamDefense_DoublePlays
102,visiting_as_cnt
110,season_end_runs_mean
114,HomeTeamScore
121,VisitingTeamOffense_Homeruns
127,VisitingTeamPitchers_PitchersUsed
128,HomeTeamPitchers_PitchersUsed
131,VisitingTeamOffense_Doubles
140,VisitingTeamOffense_Hits
141,HomeTeamOffense_Walks
143,VisitingTeamPitchers_IndividualEarnedRuns
143,season_end_w_l_ratio
152,HomeTeamOffense_Doubles
160,VisitingTeamOffense_Walks
165,VistingTeamScore
167,HomeTeamOffense_AtBats
168,visiting_pitch10
171,visiting_bat10
174,HomeTeamOffense_Hits
182,VisitingTeamOffense_AtBats
183,VisitingTeamOffense_LeftOnBase
188,visiting_field10
191,DayofWeek
197,HomeTeamOffense_Strickouts
212,VisitingTeamDefense_Assists
248,HomeTeamDefense_Assists
253,VisitingTeamOffense_Strickouts
254,opponent_season_end_w_l_ratio
256,HomeTeamOffense_LeftOnBase
263,VisitingTeam
295,HomeTeamGameNumber
332,Date
372,opponent_season_end_runs_mean
402,opponent_season_end_runs_allowed_mean
431,Year
479,last_game_w_l_ratio
503,VisitingTeamGameNumber
509,Attendance_3
515,Attendance_4
558,DayofMonth
574,Attendance_5
589,Attendance_2
1182,Attendance_1
