Value,Feature
0,Capacity
0,Cy_Young_in_hometeam
0,Cy_Young_in_visitingteam
0,Date
0,HomeTeam
0,HomeTeamDefense_DoublePlays
0,HomeTeamDefense_Errors
0,HomeTeamDefense_PassedBalls
0,HomeTeamDefense_PutOuts
0,HomeTeamDefense_TriplePlays
0,HomeTeamLeague
0,HomeTeamOffense_AwardedFirstonCatcherInterference
0,HomeTeamOffense_CaughtStealing
0,HomeTeamOffense_HitbyPitch
0,HomeTeamOffense_SacrificeFlies
0,HomeTeamOffense_SacrificeHits
0,HomeTeamOffense_Strickouts
0,HomeTeamOffense_Triples
0,HomeTeamPitchers_Balks
0,HomeTeamPitchers_IndividualEarnedRuns
0,HomeTeamPitchers_PitchersUsed
0,HomeTeamPitchers_TeamEarnedRuns
0,HomeTeamPitchers_WildPitches
0,HomeTeam_ws_winner
0,MVP_in_hometeam
0,NBA_Team
0,NFL_Team
0,NHL_Team
0,NumberofGames
0,NumberofOuts
0,VisitingTeamDefense_PassedBalls
0,VisitingTeamDefense_PutOuts
0,VisitingTeamDefense_TriplePlays
0,VisitingTeamLeague
0,VisitingTeamOffense_AtBats
0,VisitingTeamOffense_AwardedFirstonCatcherInterference
0,VisitingTeamOffense_GroundedintoDoublePlay
0,VisitingTeamOffense_HitbyPitch
0,VisitingTeamOffense_IntentionalWalks
0,VisitingTeamOffense_RBIs
0,VisitingTeamOffense_StolenBases
0,VisitingTeamOffense_Triples
0,VisitingTeamPitchers_Balks
0,VisitingTeamPitchers_IndividualEarnedRuns
0,VisitingTeamPitchers_TeamEarnedRuns
0,VisitingTeamPitchers_WildPitches
0,VisitingTeam_ws_winner
0,VistingTeamScore
0,World_Series_Winner
0,bat_avg_age
0,date_int
0,holidayName
0,home_as_cnt
0,home_bat10
0,home_field10
0,home_pitch10
0,is_public_holiday
0,last_game_record
0,mean_attendance
0,opening_day
0,opponent_season_end_rank
0,opponent_season_end_runs_allowed_mean
0,pitch_avg_age
0,previous_home_as_cnt
0,season_end_runs_mean
0,visiting_bat10
1,HomeTeamDefense_Assists
1,HomeTeamOffense_GroundedintoDoublePlay
1,HomeTeamOffense_IntentionalWalks
1,HomeTeamOffense_LeftOnBase
1,HomeTeamOffense_Walks
1,VisitingTeamDefense_Assists
1,VisitingTeamOffense_Hits
1,VisitingTeamOffense_Homeruns
1,VisitingTeamOffense_LeftOnBase
1,VisitingTeamOffense_SacrificeFlies
1,VisitingTeamOffense_Walks
1,opponent_season_end_runs_mean
1,previous_visiting_as_cnt
1,season_end_runs_allowed_mean
1,visiting_as_cnt
1,visiting_field10
1,visiting_pitch10
2,DayNight
2,HomeTeamOffense_Doubles
2,HomeTeamOffense_RBIs
2,MVP_in_visitingteam
2,VisitingTeamDefense_DoublePlays
2,VisitingTeamDefense_Errors
2,VisitingTeamOffense_CaughtStealing
2,is_weekend
2,season_end_w_l_ratio
3,HomeTeamOffense_AtBats
3,HomeTeamScore
3,VisitingTeamOffense_Doubles
4,HomeTeamOffense_Homeruns
4,HomeTeamOffense_StolenBases
4,VisitingTeamGameNumber
4,VisitingTeamPitchers_PitchersUsed
4,last_game_div_rank
5,HomeTeamOffense_Hits
5,last_game_streak
6,HomeTeamGameNumber
6,opponent_season_end_w_l_ratio
7,Attendance_3
8,Attendance_4
9,Month
10,Attendance_2
10,VisitingTeamOffense_SacrificeHits
10,VisitingTeamOffense_Strickouts
10,last_game_w_l_ratio
24,Attendance_5
27,DayofWeek
34,VisitingTeam
38,Year
55,DayofMonth
72,Attendance_1
