Value,Feature
0,Capacity
0,Cy_Young_in_hometeam
0,Cy_Young_in_visitingteam
0,HomeTeam
0,HomeTeamDefense_PutOuts
0,HomeTeamDefense_TriplePlays
0,HomeTeamLeague
0,HomeTeamOffense_AwardedFirstonCatcherInterference
0,HomeTeamOffense_SacrificeHits
0,HomeTeamPitchers_Balks
0,NFL_Team
0,NHL_Team
0,VisitingTeamDefense_PutOuts
0,VisitingTeamDefense_TriplePlays
0,VisitingTeamLeague
0,VisitingTeamOffense_AwardedFirstonCatcherInterference
0,VisitingTeamPitchers_Balks
0,VisitingTeam_ws_winner
0,date_int
0,holidayName
0,is_public_holiday
0,last_game_record
0,mean_attendance
0,opening_day
1,HomeTeamOffense_Triples
1,HomeTeam_ws_winner
1,NumberofGames
1,VisitingTeamOffense_Triples
2,NBA_Team
2,VisitingTeamDefense_PassedBalls
3,VisitingTeamOffense_IntentionalWalks
4,HomeTeamDefense_PassedBalls
5,HomeTeamPitchers_TeamEarnedRuns
5,MVP_in_visitingteam
7,World_Series_Winner
9,HomeTeamPitchers_WildPitches
10,HomeTeamOffense_HitbyPitch
12,HomeTeamOffense_StolenBases
12,VisitingTeamOffense_SacrificeHits
13,VisitingTeamOffense_CaughtStealing
15,HomeTeamOffense_SacrificeFlies
15,VisitingTeamPitchers_TeamEarnedRuns
16,HomeTeamOffense_CaughtStealing
16,MVP_in_hometeam
17,home_pitch10
18,home_bat10
19,VisitingTeamOffense_SacrificeFlies
19,previous_home_as_cnt
20,HomeTeamOffense_IntentionalWalks
20,Month
20,VisitingTeamOffense_HitbyPitch
20,home_field10
21,HomeTeamDefense_DoublePlays
21,bat_avg_age
21,last_game_div_rank
24,pitch_avg_age
25,VisitingTeamPitchers_WildPitches
25,is_weekend
26,HomeTeamOffense_Homeruns
26,VisitingTeamDefense_DoublePlays
28,HomeTeamOffense_GroundedintoDoublePlay
29,home_as_cnt
31,season_end_w_l_ratio
33,VisitingTeamOffense_RBIs
35,VisitingTeamOffense_Homeruns
36,season_end_runs_allowed_mean
37,HomeTeamDefense_Errors
37,NumberofOuts
37,season_end_runs_mean
38,HomeTeamPitchers_IndividualEarnedRuns
39,last_game_streak
42,previous_visiting_as_cnt
43,opponent_season_end_rank
44,VisitingTeamOffense_GroundedintoDoublePlay
45,VisitingTeamDefense_Errors
46,VisitingTeamOffense_StolenBases
51,visiting_as_cnt
53,HomeTeamPitchers_PitchersUsed
53,VisitingTeamOffense_Doubles
53,visiting_bat10
56,VisitingTeamOffense_AtBats
57,VistingTeamScore
59,VisitingTeamOffense_Walks
60,VisitingTeamPitchers_PitchersUsed
62,HomeTeamOffense_Doubles
63,DayNight
65,HomeTeamOffense_RBIs
66,VisitingTeamPitchers_IndividualEarnedRuns
68,HomeTeamOffense_Hits
68,HomeTeamScore
71,HomeTeamOffense_Walks
78,DayofWeek
81,HomeTeamOffense_AtBats
81,visiting_field10
84,HomeTeamOffense_Strickouts
84,VisitingTeamOffense_Hits
85,HomeTeamOffense_LeftOnBase
87,visiting_pitch10
93,VisitingTeamDefense_Assists
98,VisitingTeamOffense_LeftOnBase
111,HomeTeamDefense_Assists
113,VisitingTeamOffense_Strickouts
136,opponent_season_end_w_l_ratio
137,HomeTeamGameNumber
146,Attendance_2
148,Attendance_4
168,VisitingTeam
170,opponent_season_end_runs_allowed_mean
179,Attendance_3
179,Date
185,opponent_season_end_runs_mean
191,Attendance_5
192,VisitingTeamGameNumber
212,last_game_w_l_ratio
245,Attendance_1
289,Year
346,DayofMonth
