Value,Feature
0,Capacity
0,Cy_Young_in_hometeam
0,Cy_Young_in_visitingteam
0,HomeTeam
0,HomeTeamDefense_PutOuts
0,HomeTeamDefense_TriplePlays
0,HomeTeamLeague
0,HomeTeamOffense_AwardedFirstonCatcherInterference
0,HomeTeamPitchers_Balks
0,HomeTeam_ws_winner
0,MVP_in_hometeam
0,NBA_Team
0,NFL_Team
0,NHL_Team
0,VisitingTeamDefense_PassedBalls
0,VisitingTeamDefense_PutOuts
0,VisitingTeamDefense_TriplePlays
0,VisitingTeamOffense_AwardedFirstonCatcherInterference
0,VisitingTeamPitchers_Balks
0,VisitingTeam_ws_winner
0,date_int
0,holidayName
0,is_public_holiday
0,last_game_record
0,mean_attendance
0,opening_day
1,HomeTeamDefense_PassedBalls
4,VisitingTeamOffense_Triples
5,HomeTeamOffense_CaughtStealing
10,NumberofGames
12,VisitingTeamPitchers_TeamEarnedRuns
13,HomeTeamOffense_Triples
15,HomeTeamOffense_SacrificeFlies
15,VisitingTeamLeague
17,VisitingTeamOffense_SacrificeFlies
19,World_Series_Winner
21,HomeTeamOffense_IntentionalWalks
21,HomeTeamPitchers_WildPitches
22,VisitingTeamOffense_CaughtStealing
23,VisitingTeamOffense_IntentionalWalks
27,VisitingTeamPitchers_WildPitches
33,HomeTeamOffense_SacrificeHits
34,HomeTeamPitchers_TeamEarnedRuns
36,HomeTeamOffense_HitbyPitch
43,home_as_cnt
45,previous_home_as_cnt
48,home_bat10
53,VisitingTeamOffense_HitbyPitch
54,VisitingTeamOffense_SacrificeHits
59,VisitingTeamOffense_StolenBases
64,home_pitch10
66,home_field10
73,NumberofOuts
74,last_game_streak
77,HomeTeamDefense_Errors
79,HomeTeamOffense_RBIs
84,VisitingTeamOffense_RBIs
86,Month
88,HomeTeamOffense_GroundedintoDoublePlay
88,HomeTeamOffense_Homeruns
88,VisitingTeamDefense_DoublePlays
92,HomeTeamOffense_StolenBases
93,HomeTeamDefense_DoublePlays
97,pitch_avg_age
98,VisitingTeamOffense_Homeruns
100,HomeTeamOffense_Doubles
104,opponent_season_end_rank
107,previous_visiting_as_cnt
107,season_end_runs_allowed_mean
112,HomeTeamPitchers_IndividualEarnedRuns
112,last_game_div_rank
114,VisitingTeamOffense_GroundedintoDoublePlay
115,VisitingTeamPitchers_PitchersUsed
116,VistingTeamScore
120,visiting_as_cnt
122,VisitingTeamDefense_Errors
125,is_weekend
127,VisitingTeamPitchers_IndividualEarnedRuns
134,HomeTeamPitchers_PitchersUsed
143,HomeTeamScore
148,MVP_in_visitingteam
153,season_end_runs_mean
154,season_end_w_l_ratio
156,VisitingTeamOffense_Doubles
167,visiting_pitch10
173,HomeTeamOffense_Walks
177,HomeTeamOffense_LeftOnBase
181,VisitingTeamOffense_Walks
190,visiting_bat10
190,visiting_field10
199,bat_avg_age
202,HomeTeamOffense_Strickouts
209,VisitingTeamOffense_Hits
217,HomeTeamOffense_Hits
218,VisitingTeamOffense_Strickouts
231,HomeTeamDefense_Assists
235,DayNight
235,HomeTeamOffense_AtBats
244,VisitingTeamDefense_Assists
255,VisitingTeamOffense_LeftOnBase
259,VisitingTeamOffense_AtBats
329,opponent_season_end_w_l_ratio
335,DayofWeek
349,HomeTeamGameNumber
418,opponent_season_end_runs_allowed_mean
426,Date
475,VisitingTeam
475,opponent_season_end_runs_mean
568,Attendance_3
601,VisitingTeamGameNumber
617,Attendance_4
620,Year
727,last_game_w_l_ratio
758,DayofMonth
760,Attendance_2
785,Attendance_5
1357,Attendance_1
