Value,Feature
0,Capacity
0,Cy_Young_in_hometeam
0,Cy_Young_in_visitingteam
0,HomeTeam
0,HomeTeamDefense_PassedBalls
0,HomeTeamDefense_PutOuts
0,HomeTeamDefense_TriplePlays
0,HomeTeamLeague
0,HomeTeamOffense_AwardedFirstonCatcherInterference
0,HomeTeamPitchers_Balks
0,HomeTeam_ws_winner
0,NBA_Team
0,NFL_Team
0,NHL_Team
0,NumberofGames
0,VisitingTeamDefense_PassedBalls
0,VisitingTeamDefense_TriplePlays
0,VisitingTeamLeague
0,VisitingTeamOffense_AwardedFirstonCatcherInterference
0,VisitingTeamPitchers_Balks
0,VisitingTeam_ws_winner
0,date_int
0,holidayName
0,is_public_holiday
0,last_game_record
0,mean_attendance
0,opening_day
1,VisitingTeamDefense_PutOuts
3,VisitingTeamOffense_Triples
4,HomeTeamOffense_SacrificeFlies
6,HomeTeamPitchers_TeamEarnedRuns
6,MVP_in_hometeam
7,HomeTeamOffense_CaughtStealing
7,VisitingTeamOffense_CaughtStealing
7,VisitingTeamPitchers_TeamEarnedRuns
7,World_Series_Winner
12,VisitingTeamOffense_IntentionalWalks
14,VisitingTeamOffense_HitbyPitch
16,HomeTeamOffense_Triples
17,HomeTeamOffense_SacrificeHits
18,HomeTeamPitchers_WildPitches
18,VisitingTeamOffense_SacrificeHits
19,VisitingTeamPitchers_WildPitches
20,last_game_streak
21,MVP_in_visitingteam
23,HomeTeamOffense_IntentionalWalks
23,VisitingTeamOffense_SacrificeFlies
24,Month
26,HomeTeamOffense_HitbyPitch
26,previous_home_as_cnt
28,NumberofOuts
29,home_as_cnt
33,home_pitch10
40,VisitingTeamDefense_Errors
41,VisitingTeamOffense_RBIs
42,VisitingTeamOffense_Homeruns
45,VisitingTeamOffense_GroundedintoDoublePlay
45,home_bat10
47,home_field10
47,season_end_runs_allowed_mean
48,HomeTeamDefense_Errors
48,HomeTeamOffense_GroundedintoDoublePlay
53,HomeTeamDefense_DoublePlays
53,opponent_season_end_rank
55,VisitingTeamDefense_DoublePlays
55,bat_avg_age
57,HomeTeamPitchers_IndividualEarnedRuns
58,VisitingTeamPitchers_PitchersUsed
58,last_game_div_rank
59,VisitingTeamOffense_StolenBases
59,VistingTeamScore
60,HomeTeamOffense_Homeruns
61,HomeTeamPitchers_PitchersUsed
61,VisitingTeamOffense_Doubles
62,previous_visiting_as_cnt
71,HomeTeamOffense_StolenBases
73,VisitingTeamPitchers_IndividualEarnedRuns
76,HomeTeamOffense_RBIs
77,HomeTeamOffense_Walks
79,pitch_avg_age
84,HomeTeamOffense_Doubles
84,visiting_field10
87,VisitingTeamOffense_Walks
90,season_end_runs_mean
95,VisitingTeamOffense_AtBats
95,visiting_pitch10
97,HomeTeamDefense_Assists
98,visiting_bat10
99,HomeTeamScore
100,VisitingTeamOffense_Hits
108,is_weekend
108,visiting_as_cnt
109,HomeTeamOffense_LeftOnBase
112,HomeTeamOffense_AtBats
112,VisitingTeamOffense_LeftOnBase
115,season_end_w_l_ratio
128,VisitingTeamOffense_Strickouts
131,HomeTeamOffense_Hits
135,DayNight
142,HomeTeamOffense_Strickouts
144,VisitingTeamDefense_Assists
181,opponent_season_end_w_l_ratio
195,HomeTeamGameNumber
213,opponent_season_end_runs_allowed_mean
220,opponent_season_end_runs_mean
234,VisitingTeam
238,DayofWeek
254,Year
269,DayofMonth
329,last_game_w_l_ratio
331,Date
345,Attendance_4
365,Attendance_3
391,Attendance_5
469,VisitingTeamGameNumber
472,Attendance_2
757,Attendance_1
