Value,Feature
0,Capacity
0,Cy_Young_in_hometeam
0,HomeTeam
0,HomeTeamDefense_PassedBalls
0,HomeTeamDefense_PutOuts
0,HomeTeamDefense_TriplePlays
0,HomeTeamLeague
0,HomeTeamOffense_AwardedFirstonCatcherInterference
0,HomeTeamPitchers_Balks
0,HomeTeam_ws_winner
0,NBA_Team
0,NHL_Team
0,VisitingTeamDefense_PutOuts
0,VisitingTeamDefense_TriplePlays
0,VisitingTeamLeague
0,VisitingTeamOffense_AwardedFirstonCatcherInterference
0,VisitingTeamPitchers_Balks
0,VisitingTeam_ws_winner
0,date_int
0,holidayName
0,last_game_record
0,mean_attendance
0,opening_day
1,NFL_Team
2,HomeTeamOffense_SacrificeFlies
2,NumberofGames
3,VisitingTeamPitchers_WildPitches
3,is_public_holiday
4,MVP_in_hometeam
4,previous_home_as_cnt
5,VisitingTeamOffense_CaughtStealing
5,VisitingTeamOffense_IntentionalWalks
5,VisitingTeamPitchers_TeamEarnedRuns
5,World_Series_Winner
6,HomeTeamPitchers_TeamEarnedRuns
6,VisitingTeamOffense_Triples
7,VisitingTeamDefense_PassedBalls
7,home_as_cnt
7,home_field10
8,HomeTeamOffense_Triples
8,MVP_in_visitingteam
8,NumberofOuts
8,home_pitch10
9,HomeTeamOffense_SacrificeHits
9,VisitingTeamOffense_SacrificeFlies
10,Cy_Young_in_visitingteam
10,bat_avg_age
10,pitch_avg_age
11,HomeTeamDefense_DoublePlays
11,HomeTeamOffense_StolenBases
11,home_bat10
12,VisitingTeamOffense_GroundedintoDoublePlay
13,VisitingTeamOffense_HitbyPitch
14,HomeTeamOffense_IntentionalWalks
14,HomeTeamPitchers_WildPitches
14,VisitingTeamOffense_SacrificeHits
15,VisitingTeamDefense_Errors
15,season_end_runs_allowed_mean
16,HomeTeamOffense_HitbyPitch
16,VisitingTeamOffense_Homeruns
16,season_end_runs_mean
17,HomeTeamOffense_GroundedintoDoublePlay
17,VisitingTeamOffense_StolenBases
19,season_end_w_l_ratio
21,VisitingTeamPitchers_IndividualEarnedRuns
22,HomeTeamDefense_Errors
22,HomeTeamPitchers_IndividualEarnedRuns
22,last_game_div_rank
22,opponent_season_end_rank
23,VisitingTeamOffense_RBIs
23,VisitingTeamPitchers_PitchersUsed
23,visiting_bat10
24,VisitingTeamDefense_DoublePlays
26,DayNight
26,visiting_as_cnt
27,HomeTeamOffense_Doubles
27,Month
29,HomeTeamPitchers_PitchersUsed
30,HomeTeamOffense_Homeruns
30,VistingTeamScore
31,HomeTeamOffense_CaughtStealing
31,HomeTeamOffense_RBIs
35,HomeTeamOffense_AtBats
35,HomeTeamScore
36,VisitingTeamOffense_Doubles
36,previous_visiting_as_cnt
39,HomeTeamOffense_Hits
41,visiting_pitch10
45,visiting_field10
47,is_weekend
54,HomeTeamOffense_Walks
58,HomeTeamOffense_LeftOnBase
59,VisitingTeamOffense_AtBats
61,VisitingTeamOffense_Hits
63,VisitingTeamOffense_LeftOnBase
65,VisitingTeamOffense_Strickouts
68,opponent_season_end_runs_allowed_mean
69,HomeTeamDefense_Assists
70,HomeTeamGameNumber
71,VisitingTeamOffense_Walks
71,opponent_season_end_w_l_ratio
86,last_game_streak
93,Date
98,HomeTeamOffense_Strickouts
99,opponent_season_end_runs_mean
109,VisitingTeamDefense_Assists
111,last_game_w_l_ratio
133,Attendance_3
133,VisitingTeamGameNumber
139,Attendance_2
147,Attendance_4
159,DayofWeek
185,VisitingTeam
194,Attendance_5
384,Attendance_1
409,Year
606,DayofMonth
