Value,Feature
0,Capacity
0,Cy_Young_in_hometeam
0,Cy_Young_in_visitingteam
0,HomeTeam
0,HomeTeamDefense_PutOuts
0,HomeTeamDefense_TriplePlays
0,HomeTeamLeague
0,HomeTeamOffense_AwardedFirstonCatcherInterference
0,HomeTeamOffense_SacrificeFlies
0,HomeTeamPitchers_Balks
0,HomeTeamPitchers_TeamEarnedRuns
0,HomeTeam_ws_winner
0,MVP_in_hometeam
0,NBA_Team
0,NFL_Team
0,NHL_Team
0,NumberofGames
0,VisitingTeamDefense_PutOuts
0,VisitingTeamDefense_TriplePlays
0,VisitingTeamLeague
0,VisitingTeamOffense_AwardedFirstonCatcherInterference
0,VisitingTeamOffense_SacrificeFlies
0,VisitingTeamPitchers_Balks
0,VisitingTeamPitchers_TeamEarnedRuns
0,VisitingTeam_ws_winner
0,date_int
0,holidayName
0,home_as_cnt
0,is_public_holiday
0,last_game_record
0,mean_attendance
0,opening_day
1,HomeTeamPitchers_WildPitches
1,VisitingTeamDefense_PassedBalls
1,VisitingTeamOffense_IntentionalWalks
2,HomeTeamOffense_IntentionalWalks
2,previous_home_as_cnt
3,DayNight
5,VisitingTeamOffense_Triples
5,home_bat10
5,home_field10
6,VisitingTeamOffense_CaughtStealing
6,VisitingTeamOffense_SacrificeHits
6,VisitingTeamOffense_StolenBases
6,home_pitch10
7,HomeTeamOffense_CaughtStealing
7,VisitingTeamPitchers_WildPitches
7,season_end_w_l_ratio
8,HomeTeamOffense_Doubles
8,HomeTeamOffense_GroundedintoDoublePlay
8,HomeTeamOffense_HitbyPitch
8,HomeTeamOffense_Triples
8,season_end_runs_allowed_mean
9,HomeTeamDefense_Errors
9,VisitingTeamOffense_RBIs
9,previous_visiting_as_cnt
10,HomeTeamDefense_PassedBalls
10,HomeTeamPitchers_IndividualEarnedRuns
11,HomeTeamDefense_DoublePlays
11,VisitingTeamDefense_DoublePlays
11,VisitingTeamOffense_Walks
11,VisitingTeamPitchers_PitchersUsed
12,HomeTeamOffense_StolenBases
12,MVP_in_visitingteam
12,World_Series_Winner
13,NumberofOuts
13,VisitingTeamOffense_GroundedintoDoublePlay
13,is_weekend
13,season_end_runs_mean
14,VisitingTeamPitchers_IndividualEarnedRuns
15,HomeTeamOffense_SacrificeHits
15,visiting_bat10
16,HomeTeamOffense_RBIs
16,HomeTeamPitchers_PitchersUsed
16,HomeTeamScore
16,VisitingTeamOffense_Homeruns
17,last_game_div_rank
18,VisitingTeamOffense_Doubles
18,last_game_streak
19,VisitingTeamOffense_Hits
19,VistingTeamScore
21,HomeTeamOffense_AtBats
21,HomeTeamOffense_Homeruns
21,VisitingTeamDefense_Assists
21,VisitingTeamOffense_HitbyPitch
21,bat_avg_age
21,opponent_season_end_rank
22,HomeTeamOffense_Walks
22,pitch_avg_age
23,VisitingTeamOffense_LeftOnBase
24,HomeTeamOffense_Strickouts
25,HomeTeamOffense_Hits
26,HomeTeamOffense_LeftOnBase
27,visiting_pitch10
28,visiting_as_cnt
28,visiting_field10
31,VisitingTeamDefense_Errors
35,VisitingTeamOffense_AtBats
38,Month
39,opponent_season_end_runs_mean
41,HomeTeamDefense_Assists
52,opponent_season_end_runs_allowed_mean
53,Date
56,VisitingTeamOffense_Strickouts
56,opponent_season_end_w_l_ratio
80,Attendance_5
83,HomeTeamGameNumber
89,last_game_w_l_ratio
90,VisitingTeamGameNumber
95,Attendance_3
103,Attendance_2
132,Attendance_4
191,DayofWeek
253,VisitingTeam
364,Year
421,Attendance_1
459,DayofMonth
