Teams,Year,pitch_avg_age,W,L,W-L%,ERA,G,GS,GF,CG,SHO,SV,IP,H,R,ER,HR,BB,IBB,SO,HBP,BK,WP,BF,ERA+,FIP,WHIP,H9,HR9,BB9,SO9,SO/W
ANA,2000,28.7,82,80,0.506,5,162,162,157,5,2,46,1448,1534,869,805,228,662,44,846,36,10,47,6401,101,5.46,1.517,9.5,1.4,4.1,5.3,1.28
ANA,2001,28.6,75,87,0.463,4.2,162,162,156,6,0,43,1437.2,1452,730,671,168,525,47,947,64,2,46,6195,107,4.48,1.375,9.1,1.1,3.3,5.9,1.8
ANA,2002,29.8,99,63,0.611,3.69,162,162,155,7,2,54,1452.1,1345,644,595,169,509,24,999,49,7,52,6097,120,4.25,1.277,8.3,1,3.2,6.2,1.96
ANA,2003,28.5,77,85,0.475,4.28,162,162,157,5,2,39,1431.1,1444,743,680,190,486,38,980,76,3,53,6161,103,4.57,1.348,9.1,1.2,3.1,6.2,2.02
ANA,2004,28.8,92,70,0.568,4.28,162,162,160,2,2,50,1454.1,1476,734,692,170,502,27,1164,44,7,61,6246,104,4.09,1.36,9.1,1.1,3.1,7.2,2.32
ANA,2005,28.9,95,67,0.586,3.68,162,162,155,7,3,54,1464.1,1419,643,598,158,443,24,1126,48,1,70,6158,116,3.89,1.272,8.7,1,2.7,6.9,2.54
ANA,2006,27.9,89,73,0.549,4.04,162,162,157,5,3,50,1452.2,1410,732,652,158,471,27,1164,50,3,85,6149,112,4.03,1.295,8.7,1,2.9,7.2,2.47
ANA,2007,28.4,94,68,0.58,4.23,162,162,157,5,3,43,1435,1480,731,674,151,477,22,1156,51,5,69,6161,107,4.1,1.364,9.3,0.9,3,7.3,2.42
ANA,2008,27.6,100,62,0.617,3.99,162,162,155,7,1,66,1451.1,1455,697,644,160,457,32,1106,63,2,50,6161,112,4.12,1.317,9,1,2.8,6.9,2.42
ANA,2009,28.1,97,65,0.599,4.45,162,162,153,9,6,51,1445,1513,761,715,180,523,35,1062,58,2,67,6252,99,4.45,1.409,9.4,1.1,3.3,6.6,2.03
ANA,2010,28,80,82,0.494,4.04,162,162,152,10,3,39,1449.1,1422,702,651,148,565,33,1130,46,6,80,6252,99,4.11,1.371,8.8,0.9,3.5,7,2
ANA,2011,28.4,86,76,0.531,3.57,162,162,150,12,6,39,1465,1388,633,581,142,476,34,1058,36,4,55,6124,106,3.89,1.272,8.5,0.9,2.9,6.5,2.22
ANA,2012,29.9,89,73,0.549,4.02,162,162,156,6,5,38,1433.1,1339,699,640,186,483,20,1157,40,2,38,6034,95,4.26,1.271,8.4,1.2,3,7.3,2.4
ANA,2013,29.4,78,84,0.481,4.23,162,162,158,4,2,41,1457.2,1475,737,685,167,533,36,1200,45,4,74,6298,89,4.08,1.378,9.1,1,3.3,7.4,2.25
ANA,2014,28.2,98,64,0.605,3.58,162,162,159,3,2,46,1482.2,1307,630,590,126,504,41,1342,63,4,74,6179,101,3.57,1.221,7.9,0.8,3.1,8.1,2.66
ANA,2015,28.3,85,77,0.525,3.94,162,162,160,2,2,46,1440.2,1355,675,630,166,466,45,1221,71,4,61,6096,96,4.06,1.264,8.5,1,2.9,7.6,2.62
ANA,2016,28.6,74,88,0.457,4.28,162,162,158,4,3,29,1421.1,1480,727,676,208,498,27,1136,56,10,47,6120,94,4.62,1.392,9.4,1.3,3.2,7.2,2.28
ANA,2017,29.2,80,82,0.494,4.2,162,162,161,1,1,43,1440.2,1373,709,672,224,470,25,1312,44,6,57,6030,102,4.43,1.279,8.6,1.4,2.9,8.2,2.79
ANA,2018,27.3,80,82,0.494,4.15,162,162,161,1,1,35,1437.1,1353,722,662,205,546,17,1386,65,3,87,6108,102,4.36,1.321,8.5,1.3,3.4,8.7,2.54
ANA,2019,26.9,72,90,0.444,5.12,162,162,162,0,0,32,1442.2,1417,868,820,267,576,11,1404,82,9,98,6289,91,5.04,1.381,8.8,1.7,3.6,8.8,2.44
ANA,2020,27.3,26,34,0.433,5.09,60,60,59,1,0,12,525.1,492,321,297,82,199,8,523,21,1,25,2256,90,4.49,1.315,8.4,1.4,3.4,9,2.63
ANA,2021,28.2,77,85,0.475,4.69,162,162,161,1,0,39,1421.2,1373,804,741,188,592,18,1453,76,11,56,6196,96,4.25,1.382,8.7,1.2,3.7,9.2,2.45
ANA,2022,27,73,89,0.451,3.77,162,162,160,2,2,38,1435.2,1241,668,601,168,540,23,1383,60,3,64,6038,107,3.96,1.241,7.8,1.1,3.4,8.7,2.56
ARI,2000,31.9,85,77,0.525,4.35,162,162,146,16,4,38,1443.2,1441,754,698,190,500,53,1220,42,10,30,6158,110,4.28,1.344,9,1.2,3.1,7.6,2.44
ARI,2001,31.6,92,70,0.568,3.87,162,162,150,12,5,34,1459.2,1352,677,627,195,461,30,1297,59,6,45,6090,121,4.08,1.242,8.3,1.2,2.8,8,2.81
ARI,2002,32.5,98,64,0.605,3.92,162,162,148,14,5,40,1446.2,1361,674,630,170,421,30,1303,54,11,48,6067,116,3.67,1.232,8.5,1.1,2.6,8.1,3.1
ARI,2003,29.4,84,78,0.519,3.84,162,162,155,7,5,42,1455,1379,685,621,150,526,53,1291,72,9,52,6230,122,3.83,1.309,8.5,0.9,3.3,8,2.45
ARI,2004,29.8,51,111,0.315,4.98,162,162,157,5,2,33,1436,1480,899,794,197,668,79,1153,75,8,71,6418,92,4.78,1.496,9.3,1.2,4.2,7.2,1.73
ARI,2005,27.4,77,85,0.475,4.84,162,162,156,6,1,45,1456.1,1580,856,783,193,537,43,1038,62,5,58,6402,91,4.55,1.454,9.8,1.2,3.3,6.4,1.93
ARI,2006,28.9,76,86,0.469,4.48,162,162,154,8,4,34,1459.2,1503,788,727,168,536,44,1115,61,4,53,6341,106,4.34,1.397,9.3,1,3.3,6.9,2.08
ARI,2007,28.3,90,72,0.556,4.13,162,162,155,7,4,51,1441,1446,732,662,169,546,38,1088,61,9,48,6216,115,4.52,1.382,9,1.1,3.4,6.8,1.99
ARI,2008,29.7,82,80,0.506,3.98,162,162,156,6,2,39,1434.2,1403,706,635,147,451,41,1229,68,3,59,6119,116,3.84,1.292,8.8,0.9,2.8,7.7,2.73
ARI,2009,27.6,70,92,0.432,4.42,162,162,158,4,1,36,1447.2,1470,782,711,168,525,27,1158,53,2,79,6267,101,4.2,1.378,9.1,1,3.3,7.2,2.21
ARI,2010,27.9,65,97,0.401,4.81,162,162,159,3,1,35,1432,1503,836,765,210,548,38,1070,58,4,82,6260,89,4.76,1.432,9.4,1.3,3.4,6.7,1.95
ARI,2011,27,94,68,0.58,3.8,162,162,157,5,1,58,1443.1,1414,662,609,159,442,16,1058,53,7,39,6102,104,4.02,1.286,8.8,1,2.8,6.6,2.39
ARI,2012,26.7,81,81,0.5,3.93,162,162,158,4,2,39,1433.2,1432,688,626,155,417,18,1200,51,10,52,6063,104,3.8,1.29,9,1,2.6,7.5,2.88
ARI,2013,26.8,81,81,0.5,3.92,162,162,156,6,2,38,1495,1460,695,651,176,485,42,1218,60,3,84,6338,99,4.04,1.301,8.8,1.1,2.9,7.3,2.51
ARI,2014,27.9,64,98,0.395,4.26,162,162,160,2,1,35,1444.1,1467,742,683,154,469,43,1278,51,5,50,6162,88,3.83,1.34,9.1,1,2.9,8,2.72
ARI,2015,26.7,79,83,0.488,4.04,162,162,161,1,1,44,1466.2,1450,713,659,182,500,45,1215,48,3,51,6257,102,4.21,1.33,8.9,1.1,3.1,7.5,2.43
ARI,2016,26.3,69,93,0.426,5.09,162,162,160,2,2,31,1451.1,1563,890,821,202,603,57,1318,57,7,69,6437,88,4.5,1.492,9.7,1.3,3.7,8.2,2.19
ARI,2017,28,93,69,0.574,3.66,162,162,160,2,1,43,1441,1309,659,586,171,516,45,1482,38,5,82,6072,128,3.8,1.266,8.2,1.1,3.2,9.3,2.87
ARI,2018,29.6,82,80,0.506,3.72,162,162,160,2,1,39,1463,1313,644,605,174,522,43,1448,57,5,69,6139,113,3.91,1.254,8.1,1.1,3.2,8.9,2.77
ARI,2019,28.6,85,77,0.525,4.25,162,162,162,0,0,45,1465,1400,743,691,220,516,38,1427,62,4,49,6230,105,4.4,1.308,8.6,1.4,3.2,8.8,2.77
ARI,2020,27.4,25,35,0.417,4.84,60,60,60,0,0,13,518.1,506,295,279,93,235,20,524,23,1,23,2279,94,4.99,1.43,8.8,1.6,4.1,9.1,2.23
ARI,2021,28.4,52,110,0.321,5.11,162,162,159,3,3,22,1417.1,1480,893,804,232,555,45,1238,75,7,43,6270,83,4.88,1.436,9.4,1.5,3.5,7.9,2.23
ARI,2022,29.6,74,88,0.457,4.25,162,162,162,0,0,33,1430,1345,740,676,191,504,18,1216,59,3,51,6065,95,4.33,1.293,8.5,1.2,3.2,7.7,2.41
ATL,2000,31.7,95,67,0.586,4.05,162,162,149,13,6,53,1440.1,1428,714,648,165,484,52,1093,37,6,23,6165,114,4.19,1.327,8.9,1,3,6.8,2.26
ATL,2001,31.3,88,74,0.543,3.59,162,162,157,5,5,41,1447.1,1363,643,578,153,499,77,1133,33,8,41,6089,124,3.96,1.287,8.5,1,3.1,7,2.27
ATL,2002,30.8,101,59,0.631,3.13,161,161,158,3,2,57,1467.1,1302,565,511,123,554,63,1058,42,4,40,6131,133,3.83,1.265,8,0.8,3.4,6.5,1.91
ATL,2003,30.7,101,61,0.623,4.1,162,162,158,4,1,51,1456.1,1425,740,663,147,555,69,992,42,4,53,6247,105,4.21,1.36,8.8,0.9,3.4,6.1,1.79
ATL,2004,29.8,96,66,0.593,3.74,162,162,158,4,1,48,1450,1475,668,603,154,523,50,1025,27,6,36,6218,115,4.15,1.378,9.2,1,3.2,6.4,1.96
ATL,2005,29,90,72,0.556,3.98,162,162,154,8,3,38,1443.2,1487,674,639,145,520,52,929,32,5,42,6186,107,4.19,1.39,9.3,0.9,3.2,5.8,1.79
ATL,2006,29.5,79,83,0.488,4.6,162,162,156,6,2,38,1441.1,1529,805,736,183,572,69,1049,55,2,39,6350,97,4.65,1.458,9.5,1.1,3.6,6.6,1.83
ATL,2007,29.6,84,78,0.519,4.11,162,162,161,1,1,36,1456.1,1442,733,665,172,537,89,1106,42,5,48,6263,107,4.45,1.359,8.9,1.1,3.3,6.8,2.06
ATL,2008,28.6,72,90,0.444,4.46,162,162,160,2,1,26,1440.2,1439,778,714,156,586,80,1076,42,5,42,6244,94,4.35,1.406,9,1,3.7,6.7,1.84
ATL,2009,29,86,76,0.531,3.57,162,162,159,3,0,38,1462.2,1399,641,581,119,530,59,1232,49,6,40,6208,116,3.66,1.319,8.6,0.7,3.3,7.6,2.32
ATL,2010,29.8,91,71,0.562,3.56,162,162,160,2,0,41,1439.1,1326,629,569,126,505,64,1241,49,3,42,6052,110,3.65,1.272,8.3,0.8,3.2,7.8,2.46
ATL,2011,28.6,89,73,0.549,3.48,162,162,159,3,2,52,1479.2,1332,605,572,125,521,73,1332,53,5,61,6220,110,3.49,1.252,8.1,0.8,3.2,8.1,2.56
ATL,2012,27.7,94,68,0.58,3.42,162,162,157,5,4,47,1445.1,1310,600,549,145,464,40,1232,41,3,54,5991,117,3.74,1.227,8.2,0.9,2.9,7.7,2.66
ATL,2013,27.3,96,66,0.593,3.18,162,162,161,1,0,53,1450.1,1326,548,512,127,409,35,1232,51,3,50,5989,118,3.44,1.196,8.2,0.8,2.5,7.6,3.01
ATL,2014,27.6,79,83,0.488,3.38,162,162,157,5,2,54,1455,1369,597,547,121,472,36,1301,37,1,75,6087,106,3.47,1.265,8.5,0.7,2.9,8,2.76
ATL,2015,25.7,67,95,0.414,4.41,162,162,159,3,2,44,1425.1,1462,760,698,170,550,45,1148,53,9,53,6156,88,4.34,1.412,9.2,1.1,3.5,7.2,2.09
ATL,2016,26.1,68,93,0.422,4.51,161,161,160,1,1,39,1447.2,1414,779,725,177,547,55,1227,70,4,83,6250,92,4.32,1.355,8.8,1.1,3.4,7.6,2.24
ATL,2017,29.5,72,90,0.444,4.72,162,162,162,0,0,36,1441.1,1463,821,756,192,584,39,1258,70,5,58,6306,93,4.51,1.42,9.1,1.2,3.6,7.9,2.15
ATL,2018,27.5,90,72,0.556,3.75,162,162,160,2,1,40,1456.2,1236,657,607,153,635,43,1423,52,8,61,6155,110,3.98,1.284,7.6,0.9,3.9,8.8,2.24
ATL,2019,27.1,97,65,0.599,4.19,162,162,161,1,0,44,1450.2,1421,743,675,203,548,33,1393,69,3,70,6243,110,4.39,1.357,8.8,1.3,3.4,8.6,2.54
ATL,2020,28.2,35,25,0.583,4.41,60,60,60,0,0,13,524.1,494,288,257,69,220,13,506,33,2,23,2276,106,4.42,1.362,8.5,1.2,3.8,8.7,2.3
ATL,2021,29.4,88,73,0.547,3.88,161,161,159,2,2,40,1410.2,1237,656,608,183,516,34,1417,66,8,73,5944,112,4.09,1.243,7.9,1.2,3.3,9,2.75
ATL,2022,29.5,101,61,0.623,3.46,162,162,161,1,1,55,1448,1224,609,556,148,500,21,1554,62,4,55,6031,118,3.46,1.191,7.6,0.9,3.1,9.7,3.11
BAL,2000,28.8,74,88,0.457,5.37,162,162,148,14,2,33,1433.1,1547,913,855,202,665,32,1017,36,1,51,6433,88,5.01,1.543,9.7,1.3,4.2,6.4,1.53
BAL,2001,27.3,63,98,0.391,4.67,162,162,152,10,2,31,1432.1,1504,829,744,194,528,28,938,74,5,37,6273,92,4.76,1.419,9.5,1.2,3.3,5.9,1.78
BAL,2002,27.7,67,95,0.414,4.46,162,162,154,8,1,31,1450.2,1491,773,719,208,549,34,967,54,1,54,6258,97,4.74,1.406,9.3,1.3,3.4,6,1.76
BAL,2003,29.2,71,91,0.438,4.76,163,163,154,9,1,41,1449.2,1579,820,767,198,526,43,981,80,4,42,6366,95,4.71,1.452,9.8,1.2,3.3,6.1,1.87
BAL,2004,27.1,78,84,0.481,4.7,162,162,154,8,4,27,1455.1,1488,830,760,159,687,43,1090,62,9,68,6459,97,4.52,1.495,9.2,1,4.2,6.7,1.59
BAL,2005,28.1,74,88,0.457,4.56,162,162,160,2,0,38,1427.2,1458,800,724,180,580,32,1052,52,11,70,6242,95,4.51,1.428,9.2,1.1,3.7,6.6,1.81
BAL,2006,28,70,92,0.432,5.35,162,162,157,5,1,35,1419,1579,899,843,216,613,26,1016,48,4,59,6327,85,5.09,1.545,10,1.4,3.9,6.4,1.66
BAL,2007,28.7,69,93,0.426,5.17,162,162,158,4,1,30,1438.2,1491,868,827,161,696,37,1087,72,8,55,6418,89,4.79,1.52,9.3,1,4.4,6.8,1.56
BAL,2008,27.4,68,93,0.422,5.13,161,161,157,4,1,35,1422,1538,869,810,184,687,44,922,80,7,72,6414,87,5.14,1.565,9.7,1.2,4.3,5.8,1.34
BAL,2009,27.7,64,98,0.395,5.15,162,162,160,2,0,31,1429,1633,876,817,218,546,45,933,51,7,31,6359,89,5.03,1.525,10.3,1.4,3.4,5.9,1.71
BAL,2010,28.2,66,96,0.407,4.59,162,162,159,3,0,35,1436.1,1508,785,733,186,520,45,1007,59,5,45,6262,91,4.57,1.412,9.4,1.2,3.3,6.3,1.94
BAL,2011,28,69,93,0.426,4.89,162,162,159,3,1,32,1446.2,1568,860,786,210,535,42,1044,45,4,32,6332,86,4.67,1.454,9.8,1.3,3.3,6.5,1.95
BAL,2012,27.4,93,69,0.574,3.9,162,162,161,1,1,55,1483,1433,705,642,184,481,36,1177,53,6,34,6278,109,4.2,1.291,8.7,1.1,2.9,7.1,2.45
BAL,2013,27.6,85,77,0.525,4.2,162,162,160,2,1,57,1453,1438,709,678,202,473,32,1169,50,3,38,6144,98,4.33,1.315,8.9,1.3,2.9,7.2,2.47
BAL,2014,27.7,96,66,0.593,3.43,162,162,159,3,2,53,1461.1,1342,593,557,151,472,25,1174,59,2,42,6104,115,3.96,1.241,8.3,0.9,2.9,7.2,2.49
BAL,2015,28.2,81,81,0.5,4.05,162,162,162,0,0,43,1434.2,1406,693,646,174,483,27,1233,54,0,46,6085,102,4.11,1.317,8.8,1.1,3,7.7,2.55
BAL,2016,27.8,89,73,0.549,4.22,162,162,161,1,0,54,1432,1408,715,671,183,545,23,1248,51,3,59,6122,102,4.31,1.364,8.8,1.2,3.4,7.8,2.29
BAL,2017,27.9,75,87,0.463,4.97,162,162,161,1,1,35,1441,1505,841,795,242,579,21,1233,60,6,53,6293,88,4.96,1.446,9.4,1.5,3.6,7.7,2.13
BAL,2018,27.1,47,115,0.29,5.18,162,162,160,2,0,28,1431,1552,892,824,234,589,29,1203,67,8,81,6340,83,4.98,1.496,9.8,1.5,3.7,7.6,2.04
BAL,2019,27.2,54,108,0.333,5.59,162,162,162,0,0,27,1443,1544,981,897,305,561,11,1248,80,6,75,6396,84,5.56,1.459,9.6,1.9,3.5,7.8,2.22
BAL,2020,28.4,25,35,0.417,4.51,60,60,60,0,0,11,518.2,489,294,260,79,192,2,487,34,4,35,2246,105,4.6,1.313,8.5,1.4,3.3,8.5,2.54
BAL,2021,28,52,110,0.321,5.84,162,162,161,1,1,26,1402,1518,956,910,258,563,12,1234,68,7,88,6252,77,5.15,1.484,9.7,1.7,3.6,7.9,2.19
BAL,2022,27.7,83,79,0.512,3.97,162,162,160,2,1,46,1433.1,1406,688,632,171,443,8,1214,64,4,47,6058,102,4.03,1.29,8.8,1.1,2.8,7.6,2.74
BOS,2000,30.2,85,77,0.525,4.23,162,162,155,7,4,46,1452.2,1433,745,683,173,498,40,1121,58,2,33,6225,120,4.29,1.329,8.9,1.1,3.1,6.9,2.25
BOS,2001,31.2,82,79,0.509,4.15,161,161,158,3,2,48,1448,1412,745,667,146,544,50,1259,93,7,54,6272,108,3.94,1.351,8.8,0.9,3.4,7.8,2.31
BOS,2002,31.4,93,69,0.574,3.75,162,162,157,5,3,51,1446,1339,665,603,146,430,29,1157,84,6,31,6049,122,3.74,1.223,8.3,0.9,2.7,7.2,2.69
BOS,2003,31.5,95,67,0.586,4.48,162,162,157,5,0,36,1464.2,1503,809,729,153,488,41,1141,76,0,44,6355,104,3.99,1.359,9.2,0.9,3,7,2.34
BOS,2004,32.6,98,64,0.605,4.18,162,162,158,4,1,36,1451.1,1430,768,674,159,447,28,1132,92,1,39,6222,116,4.03,1.293,8.9,1,2.8,7,2.53
BOS,2005,33.6,95,67,0.586,4.74,162,162,156,6,0,38,1429,1550,805,752,164,440,28,959,89,4,56,6227,96,4.28,1.393,9.8,1,2.8,6,2.18
BOS,2006,31.5,86,76,0.531,4.83,162,162,159,3,1,46,1441.1,1570,825,773,181,509,25,1070,68,3,52,6292,99,4.5,1.442,9.8,1.1,3.2,6.7,2.1
BOS,2007,31.3,96,66,0.593,3.87,162,162,157,5,3,45,1438.2,1350,657,618,151,482,20,1149,62,0,33,6071,123,4.14,1.273,8.4,0.9,3,7.2,2.38
BOS,2008,29.3,95,67,0.586,4.01,162,162,157,5,2,47,1446.1,1369,694,645,147,548,17,1185,68,2,43,6180,116,4.09,1.325,8.5,0.9,3.4,7.4,2.16
BOS,2009,29.8,95,67,0.586,4.35,162,162,154,8,2,41,1436.2,1494,736,695,167,530,24,1230,68,5,42,6283,107,4.14,1.409,9.4,1,3.3,7.7,2.32
BOS,2010,29.8,89,73,0.549,4.2,162,162,159,3,1,44,1456.2,1402,744,679,152,580,30,1207,53,3,58,6267,104,4.08,1.361,8.7,0.9,3.6,7.5,2.08
BOS,2011,30.6,90,72,0.556,4.2,162,162,160,2,1,36,1457.1,1366,737,680,156,540,11,1213,90,7,58,6242,103,4.05,1.308,8.4,1,3.3,7.5,2.25
BOS,2012,28.5,69,93,0.426,4.7,162,162,156,6,2,35,1443,1449,806,754,190,529,33,1176,66,11,42,6209,90,4.41,1.371,9,1.2,3.3,7.3,2.22
BOS,2013,30.1,97,65,0.599,3.79,162,162,157,5,2,33,1454,1366,656,613,156,524,10,1294,47,5,47,6143,109,3.84,1.3,8.5,1,3.2,8,2.47
BOS,2014,29.6,71,91,0.438,4.01,162,162,159,3,2,36,1465.2,1458,715,653,154,482,19,1213,47,5,51,6231,100,3.93,1.324,9,0.9,3,7.4,2.52
BOS,2015,28.1,78,84,0.481,4.31,162,162,159,3,1,40,1448.1,1486,753,694,178,478,17,1218,62,10,79,6225,100,4.17,1.356,9.2,1.1,3,7.6,2.55
BOS,2016,28.8,93,69,0.574,4,162,162,153,9,1,43,1439.2,1342,694,640,176,490,16,1362,65,0,52,6073,112,4,1.273,8.4,1.1,3.1,8.5,2.78
BOS,2017,28.4,93,69,0.574,3.7,162,162,157,5,1,39,1482.1,1384,668,610,195,465,18,1580,49,3,43,6217,123,3.78,1.247,8.4,1.2,2.8,9.6,3.4
BOS,2018,28.9,108,54,0.667,3.75,162,162,160,2,0,46,1458.2,1305,647,608,176,512,8,1558,84,3,51,6166,118,3.82,1.246,8.1,1.1,3.2,9.6,3.04
BOS,2019,29,84,78,0.519,4.7,162,162,161,1,1,33,1471,1423,828,768,215,605,22,1633,76,6,81,6400,104,4.28,1.379,8.7,1.3,3.7,10,2.7
BOS,2020,28.9,24,36,0.4,5.58,60,60,60,0,0,14,524,587,351,325,98,252,4,537,31,3,28,2389,87,5.19,1.601,10.1,1.7,4.3,9.2,2.13
BOS,2021,29.6,92,70,0.568,4.26,162,162,162,0,0,49,1419,1409,749,671,176,546,31,1527,79,6,63,6147,110,3.95,1.378,8.9,1.1,3.5,9.7,2.8
BOS,2022,30.1,78,84,0.481,4.53,162,162,157,5,2,39,1431,1411,787,721,185,526,17,1346,72,8,60,6167,93,4.17,1.354,8.9,1.2,3.3,8.5,2.56
CHA,2000,26.5,95,67,0.586,4.66,162,162,157,5,2,43,1450.1,1509,839,751,195,614,27,1037,54,8,43,6337,108,4.83,1.464,9.4,1.2,3.8,6.4,1.69
CHA,2001,26,83,79,0.512,4.55,162,162,154,8,3,51,1433.1,1465,795,725,181,500,38,921,88,5,57,6200,102,4.64,1.371,9.2,1.1,3.1,5.8,1.84
CHA,2002,25.4,81,81,0.5,4.53,162,162,155,7,4,35,1423,1422,798,716,190,528,31,945,60,6,54,6131,99,4.61,1.37,9,1.2,3.3,6,1.79
CHA,2003,27.7,86,76,0.531,4.17,162,162,150,12,0,36,1431,1364,715,663,162,518,30,1056,53,4,39,6067,111,4.22,1.315,8.6,1,3.3,6.6,2.04
CHA,2004,27.8,83,79,0.512,4.91,162,162,154,8,2,34,1432.1,1505,831,782,224,527,36,1013,48,3,43,6189,96,4.87,1.419,9.5,1.4,3.3,6.4,1.92
CHA,2005,28.9,99,63,0.611,3.61,162,162,153,9,4,54,1475.2,1392,645,592,167,459,42,1040,52,9,65,6176,125,4.12,1.254,8.5,1,2.8,6.3,2.27
CHA,2006,28.1,90,72,0.556,4.61,162,162,157,5,2,46,1449,1534,794,743,200,433,59,1012,58,1,51,6232,103,4.56,1.357,9.5,1.2,2.7,6.3,2.34
CHA,2007,27.9,72,90,0.444,4.77,162,162,153,9,4,42,1440.2,1556,839,763,174,499,50,1015,59,0,45,6293,99,4.56,1.426,9.7,1.1,3.1,6.3,2.03
CHA,2008,28.3,89,74,0.546,4.06,163,163,159,4,0,34,1457.2,1471,729,658,156,460,42,1147,48,3,54,6218,112,4,1.325,9.1,1,2.8,7.1,2.49
CHA,2009,29.2,79,83,0.488,4.14,162,162,158,4,1,36,1439.2,1438,732,663,169,507,41,1119,41,5,55,6155,113,4.21,1.351,9,1.1,3.2,7,2.21
CHA,2010,28.8,88,74,0.543,4.09,162,162,156,6,2,43,1446.1,1471,704,658,136,490,41,1149,34,9,59,6180,105,3.8,1.356,9.2,0.8,3,7.1,2.34
CHA,2011,28.4,79,83,0.488,4.1,162,162,156,6,4,42,1460,1463,706,665,147,439,50,1220,44,4,55,6188,106,3.66,1.303,9,0.9,2.7,7.5,2.78
CHA,2012,27.4,85,77,0.525,4.02,162,162,156,6,2,37,1445.2,1365,676,646,186,503,29,1246,68,9,66,6098,106,4.23,1.292,8.5,1.2,3.1,7.8,2.48
CHA,2013,26.6,63,99,0.389,3.98,162,162,157,5,1,40,1455,1424,723,643,182,509,24,1249,60,4,62,6214,106,4.13,1.329,8.8,1.1,3.1,7.7,2.45
CHA,2014,27.1,73,89,0.451,4.29,162,162,159,3,0,36,1441,1468,758,687,140,557,42,1152,69,3,75,6255,88,4.09,1.405,9.2,0.9,3.5,7.2,2.07
CHA,2015,27.5,76,86,0.469,3.98,162,162,155,7,4,37,1452.2,1443,701,643,162,474,34,1359,62,2,61,6181,98,3.82,1.32,8.9,1,2.9,8.4,2.87
CHA,2016,28.2,78,84,0.481,4.1,162,162,155,7,1,43,1446.2,1422,715,659,185,521,30,1270,68,2,72,6196,99,4.27,1.343,8.8,1.2,3.2,7.9,2.44
CHA,2017,28.8,67,95,0.414,4.78,162,162,162,0,0,25,1421.2,1384,820,755,242,632,36,1193,68,5,67,6200,90,5.17,1.418,8.8,1.5,4,7.6,1.89
CHA,2018,27.6,62,100,0.383,4.83,162,162,162,0,0,34,1437,1404,848,771,196,653,25,1259,89,9,94,6339,88,4.73,1.431,8.8,1.2,4.1,7.9,1.93
CHA,2019,27.5,72,89,0.447,4.9,161,161,155,6,2,33,1412.2,1438,832,769,238,582,30,1312,51,5,71,6159,94,4.89,1.43,9.2,1.5,3.7,8.4,2.25
CHA,2020,27.6,35,25,0.583,3.81,60,60,59,1,1,13,527,448,246,223,71,217,6,523,23,0,24,2235,118,4.32,1.262,7.7,1.2,3.7,8.9,2.41
CHA,2021,28.3,93,69,0.574,3.73,162,162,158,4,3,43,1403.1,1205,636,581,182,485,16,1588,51,6,84,5861,118,3.74,1.204,7.7,1.2,3.1,10.2,3.27
CHA,2022,29.6,81,81,0.5,3.92,162,162,160,2,1,48,1447.2,1330,717,631,166,533,15,1450,51,6,64,6145,101,3.81,1.287,8.3,1,3.3,9,2.72
CHN,2000,28.3,65,97,0.401,5.25,162,162,152,10,1,39,1454.2,1505,904,849,231,658,45,1143,62,4,45,6451,87,5.11,1.487,9.3,1.4,4.1,7.1,1.74
CHN,2001,29.6,88,74,0.543,4.03,162,162,154,8,2,41,1437,1357,701,643,164,550,43,1344,50,5,48,6159,103,3.91,1.327,8.5,1,3.4,8.4,2.44
CHN,2002,27.3,67,95,0.414,4.29,162,162,151,11,3,23,1441.1,1373,759,687,167,606,53,1333,58,2,44,6236,94,4,1.373,8.6,1,3.8,8.3,2.2
CHN,2003,27,88,74,0.543,3.83,162,162,149,13,6,36,1456.1,1304,683,619,143,617,36,1404,71,3,63,6227,114,3.8,1.319,8.1,0.9,3.8,8.7,2.28
CHN,2004,28.7,89,73,0.549,3.81,162,162,159,3,2,42,1465.1,1363,665,621,169,545,33,1346,76,9,50,6262,116,3.98,1.302,8.4,1,3.3,8.3,2.47
CHN,2005,28.3,79,83,0.488,4.19,162,162,154,8,2,39,1440,1357,714,671,186,576,48,1256,50,7,57,6185,105,4.26,1.342,8.5,1.2,3.6,7.9,2.18
CHN,2006,27.8,66,96,0.407,4.74,162,162,160,2,1,29,1439,1396,834,758,210,687,44,1250,67,4,68,6366,98,4.88,1.448,8.7,1.3,4.3,7.8,1.82
CHN,2007,28.1,85,77,0.525,4.04,162,162,160,2,1,39,1446.2,1340,690,650,165,573,46,1211,59,3,42,6186,115,4.36,1.322,8.3,1,3.6,7.5,2.11
CHN,2008,28.9,97,64,0.602,3.87,161,161,159,2,1,44,1450.2,1329,671,624,160,548,45,1264,65,7,48,6194,118,4.09,1.294,8.2,1,3.4,7.8,2.31
CHN,2009,28.5,83,78,0.516,3.84,161,161,158,3,2,40,1445.1,1329,672,616,160,586,46,1272,59,6,60,6177,116,4.11,1.325,8.3,1,3.6,7.9,2.17
CHN,2010,28.6,75,87,0.463,4.18,162,162,161,1,0,40,1436.2,1409,767,668,154,605,42,1268,65,6,46,6298,100,4.11,1.402,8.8,1,3.8,7.9,2.1
CHN,2011,29.6,71,91,0.438,4.33,162,162,158,4,1,40,1434.1,1439,756,690,162,580,45,1224,53,5,51,6262,90,4.11,1.408,9,1,3.6,7.7,2.11
CHN,2012,27.9,61,101,0.377,4.51,162,162,161,1,0,28,1413.2,1399,759,708,175,573,36,1128,65,5,44,6140,91,4.46,1.395,8.9,1.1,3.6,7.2,1.97
CHN,2013,28.3,66,96,0.407,4,162,162,159,3,1,39,1448,1332,689,643,160,540,43,1184,62,4,59,6149,97,4.1,1.293,8.3,1,3.4,7.4,2.19
CHN,2014,28.1,73,89,0.451,3.91,162,162,161,1,1,37,1463.1,1398,707,636,115,504,37,1311,55,3,64,6208,97,3.51,1.3,8.6,0.7,3.1,8.1,2.6
CHN,2015,29.4,97,65,0.599,3.36,162,162,156,6,4,48,1461.1,1276,608,546,134,407,38,1431,46,3,66,5997,114,3.3,1.152,7.9,0.8,2.5,8.8,3.52
CHN,2016,30.3,103,58,0.64,3.15,162,162,157,5,2,38,1459.2,1125,556,511,163,495,24,1441,63,0,80,5933,133,3.77,1.11,6.9,1,3.1,8.9,2.91
CHN,2017,30.7,92,70,0.568,3.95,162,162,160,2,1,38,1447.1,1294,695,636,194,554,29,1439,66,4,73,6108,112,4.2,1.277,8,1.2,3.4,8.9,2.6
CHN,2018,30.1,95,68,0.583,3.65,163,163,162,1,0,46,1476.1,1319,645,598,157,622,33,1333,66,3,46,6264,115,4.13,1.315,8,1,3.8,8.1,2.14
CHN,2019,31.1,84,78,0.519,4.1,162,162,161,1,1,38,1442,1376,717,657,195,534,16,1444,80,1,60,6190,108,4.25,1.325,8.6,1.2,3.3,9,2.7
CHN,2020,30.4,34,26,0.567,3.99,60,60,58,2,2,16,518.1,451,240,230,74,182,7,523,17,4,22,2153,114,4.18,1.221,7.8,1.3,3.2,9.1,2.87
CHN,2021,29.2,71,91,0.438,4.87,162,162,161,1,0,40,1412.2,1386,839,765,235,596,25,1358,98,4,60,6202,87,4.88,1.403,8.8,1.5,3.8,8.7,2.28
CHN,2022,29.3,74,88,0.457,4,162,162,162,0,0,44,1443.2,1342,731,642,207,540,19,1383,73,8,53,6162,103,4.33,1.304,8.4,1.3,3.4,8.6,2.56
CIN,2000,28.8,85,77,0.525,4.33,163,163,155,8,1,42,1456.1,1446,765,700,190,659,53,1015,43,5,96,6362,110,4.88,1.445,8.9,1.2,4.1,6.3,1.54
CIN,2001,27.4,66,96,0.407,4.77,162,162,160,2,1,35,1442.2,1572,850,765,198,515,46,943,48,4,53,6324,96,4.7,1.447,9.8,1.2,3.2,5.9,1.83
CIN,2002,28.7,78,84,0.481,4.27,162,162,160,2,1,42,1453.2,1502,774,690,173,550,63,980,56,2,52,6296,100,4.41,1.412,9.3,1.1,3.4,6.1,1.78
CIN,2003,28,69,93,0.426,5.09,162,162,158,4,1,38,1446.1,1578,886,818,209,590,61,932,48,3,46,6423,81,4.94,1.499,9.8,1.3,3.7,5.8,1.58
CIN,2004,28.6,76,86,0.469,5.19,162,162,157,5,2,47,1443.2,1595,907,832,236,572,55,992,54,3,74,6451,82,5.1,1.501,9.9,1.5,3.6,6.2,1.73
CIN,2005,28.6,73,89,0.451,5.15,163,163,161,2,0,31,1433,1657,889,820,219,492,47,955,80,3,53,6397,83,4.87,1.5,10.4,1.4,3.1,6,1.94
CIN,2006,29.1,80,82,0.494,4.51,162,162,153,9,3,36,1445.2,1576,801,725,213,464,55,1053,60,9,40,6319,104,4.69,1.411,9.8,1.3,2.9,6.6,2.27
CIN,2007,28.8,72,90,0.444,4.94,162,162,156,6,2,34,1449.2,1605,853,796,198,482,47,1068,73,5,54,6354,94,4.69,1.44,10,1.2,3,6.6,2.22
CIN,2008,28.2,74,88,0.457,4.55,162,162,160,2,1,34,1442.1,1542,800,729,201,557,40,1227,67,7,52,6352,97,4.54,1.455,9.6,1.3,3.5,7.7,2.2
CIN,2009,28.6,78,84,0.481,4.18,162,162,156,6,4,41,1458.1,1420,723,677,188,577,36,1069,65,1,45,6253,101,4.63,1.369,8.8,1.2,3.6,6.6,1.85
CIN,2010,27.6,91,71,0.562,4.01,162,162,158,4,2,43,1453,1404,685,648,158,524,32,1130,50,6,48,6182,102,4.12,1.327,8.7,1,3.2,7,2.16
CIN,2011,27.3,79,83,0.488,4.16,162,162,158,4,2,39,1467.2,1414,720,678,185,539,47,1112,59,13,51,6259,95,4.37,1.331,8.7,1.1,3.3,6.8,2.06
CIN,2012,27.1,97,65,0.599,3.34,162,162,153,9,2,56,1453,1356,588,540,152,427,33,1248,51,7,34,6056,123,3.72,1.227,8.4,0.9,2.6,7.7,2.92
CIN,2013,27.8,90,72,0.556,3.38,162,162,157,5,2,43,1473.2,1294,589,554,170,435,28,1296,66,5,44,6077,112,3.81,1.173,7.9,1,2.7,7.9,2.98
CIN,2014,27.9,76,86,0.469,3.59,162,162,157,5,3,44,1446,1282,612,576,163,507,33,1290,69,5,45,6067,103,4.01,1.237,8,1,3.2,8,2.54
CIN,2015,27.1,64,98,0.395,4.33,162,162,160,2,1,35,1453.1,1436,754,700,177,544,42,1252,58,11,54,6271,92,4.24,1.362,8.9,1.1,3.4,7.8,2.3
CIN,2016,26.9,68,94,0.42,4.91,162,162,160,2,1,28,1442,1457,854,786,258,636,31,1241,78,12,61,6348,87,5.24,1.451,9.1,1.6,4,7.7,1.95
CIN,2017,27.6,68,94,0.42,5.17,162,162,160,2,1,33,1430,1442,869,821,248,631,37,1300,77,7,62,6286,87,5.08,1.45,9.1,1.6,4,8.2,2.06
CIN,2018,27,67,95,0.414,4.63,162,162,161,1,0,38,1441,1491,819,741,228,532,60,1258,50,8,48,6279,90,4.66,1.404,9.3,1.4,3.3,7.9,2.36
CIN,2019,28,75,87,0.463,4.18,162,162,162,0,0,46,1438,1270,711,668,214,536,31,1552,58,8,35,6057,112,4.23,1.256,7.9,1.3,3.4,9.7,2.9
CIN,2020,28.3,31,29,0.517,3.84,60,60,57,3,2,9,504,401,243,215,67,213,6,615,29,5,23,2125,127,3.92,1.218,7.2,1.2,3.8,11,2.89
CIN,2021,28.8,83,79,0.512,4.4,162,162,161,1,1,41,1434.1,1330,760,702,206,617,30,1524,64,8,62,6199,107,4.34,1.357,8.3,1.3,3.9,9.6,2.47
CIN,2022,27.6,62,100,0.383,4.86,162,162,161,1,1,31,1423.1,1366,815,768,213,612,21,1414,110,5,58,6220,93,4.59,1.39,8.6,1.3,3.9,8.9,2.31
CLE,2000,30.4,90,72,0.556,4.84,162,162,156,6,2,34,1442.1,1511,816,775,173,666,45,1213,42,3,50,6380,102,4.48,1.509,9.4,1.1,4.2,7.6,1.82
CLE,2001,28.5,91,71,0.562,4.64,162,162,159,3,0,42,1446.2,1512,821,746,148,573,44,1218,49,11,58,6312,97,3.98,1.441,9.4,0.9,3.6,7.6,2.13
CLE,2002,27.8,74,88,0.457,4.91,162,162,153,9,2,34,1424.2,1508,837,777,142,603,38,1058,57,8,52,6271,90,4.16,1.482,9.5,0.9,3.8,6.7,1.75
CLE,2003,26.5,68,94,0.42,4.21,162,162,157,5,2,34,1459.1,1477,778,682,179,501,37,943,64,7,49,6254,105,4.49,1.355,9.1,1.1,3.1,5.8,1.88
CLE,2004,26.8,80,82,0.494,4.81,162,162,154,8,3,32,1466.2,1553,857,784,201,579,47,1115,62,6,43,6450,91,4.62,1.454,9.5,1.2,3.6,6.8,1.93
CLE,2005,28.2,93,69,0.574,3.61,162,162,156,6,0,51,1452.2,1363,642,582,157,413,20,1050,41,4,26,6048,117,3.92,1.223,8.4,1,2.6,6.5,2.54
CLE,2006,28.2,78,84,0.481,4.41,162,162,149,13,6,24,1423.1,1583,782,698,166,429,35,948,51,2,46,6190,101,4.34,1.414,10,1,2.7,6,2.21
CLE,2007,28.7,96,66,0.593,4.05,162,162,153,9,4,49,1462.2,1519,704,658,146,410,42,1047,56,2,42,6206,112,4.06,1.319,9.3,0.9,2.5,6.4,2.55
CLE,2008,28.4,81,81,0.5,4.45,162,162,152,10,5,31,1437,1530,761,711,170,444,28,986,51,5,44,6164,95,4.33,1.374,9.6,1.1,2.8,6.2,2.22
CLE,2009,27.8,65,97,0.401,5.06,162,162,157,5,2,25,1434,1570,865,806,183,598,31,986,45,7,49,6354,84,4.73,1.512,9.9,1.1,3.8,6.2,1.65
CLE,2010,26.7,69,93,0.426,4.3,162,162,152,10,2,34,1433,1477,752,684,147,572,36,967,66,3,54,6224,92,4.4,1.43,9.3,0.9,3.6,6.1,1.69
CLE,2011,26.8,80,82,0.494,4.23,162,162,160,2,0,38,1453.1,1482,760,683,153,463,34,1024,60,3,42,6235,93,4.06,1.338,9.2,0.9,2.9,6.3,2.21
CLE,2012,27.8,68,94,0.42,4.78,162,162,160,2,1,43,1442,1503,845,766,174,543,27,1086,55,6,67,6283,82,4.4,1.419,9.4,1.1,3.4,6.8,2
CLE,2013,27.4,92,70,0.568,3.82,162,162,159,3,3,38,1441.1,1359,662,611,147,554,26,1379,58,3,71,6154,100,3.73,1.327,8.5,0.9,3.5,8.6,2.49
CLE,2014,27.1,85,77,0.525,3.56,162,162,156,6,4,40,1468.1,1398,653,581,135,464,51,1450,58,2,56,6193,110,3.42,1.268,8.6,0.8,2.8,8.9,3.13
CLE,2015,27.3,81,80,0.503,3.67,161,161,150,11,1,38,1432.2,1274,640,584,161,425,27,1407,48,5,48,5904,117,3.62,1.186,8,1,2.7,8.8,3.31
CLE,2016,28.1,94,67,0.584,3.84,161,161,156,5,3,37,1445,1330,676,617,186,461,34,1398,34,7,49,6033,118,3.91,1.239,8.3,1.2,2.9,8.7,3.03
CLE,2017,29,102,60,0.63,3.3,162,162,155,7,3,37,1440.2,1267,564,529,163,406,15,1614,45,1,48,5866,138,3.33,1.161,7.9,1,2.5,10.1,3.98
CLE,2018,29.2,91,71,0.562,3.77,162,162,157,5,2,41,1457.1,1349,648,611,200,407,29,1544,59,2,54,6071,115,3.78,1.205,8.3,1.2,2.5,9.5,3.79
CLE,2019,27.7,93,69,0.574,3.76,162,162,156,6,5,42,1437.2,1308,657,601,207,450,19,1508,62,2,42,6008,125,4.06,1.223,8.2,1.3,2.8,9.4,3.35
CLE,2020,27.1,35,25,0.583,3.29,60,60,59,1,0,20,536,440,209,196,68,157,8,621,27,1,20,2176,136,3.55,1.114,7.4,1.1,2.6,10.4,3.96
CLE,2021,26.1,80,82,0.494,4.34,162,162,162,0,0,39,1408,1281,727,679,216,522,12,1391,59,8,52,5968,99,4.43,1.281,8.2,1.4,3.3,8.9,2.66
CLE,2022,26.3,92,70,0.568,3.46,162,162,161,1,0,51,1456,1252,634,560,172,435,14,1390,57,2,49,5989,110,3.75,1.159,7.7,1.1,2.7,8.6,3.2
COL,2000,30.1,82,80,0.506,5.26,162,162,155,7,1,33,1430,1568,897,835,221,588,72,1001,72,5,40,6340,110,5.13,1.508,9.9,1.4,3.7,6.3,1.7
COL,2001,28.5,73,89,0.451,5.29,162,162,154,8,4,26,1430,1522,906,841,239,598,71,1058,64,1,38,6306,101,5.13,1.483,9.6,1.5,3.8,6.7,1.77
COL,2002,28.2,73,89,0.451,5.2,162,162,161,1,0,43,1426.2,1554,898,825,225,582,49,920,64,6,42,6345,92,5.08,1.497,9.8,1.4,3.7,5.8,1.58
COL,2003,27.8,74,88,0.457,5.2,162,162,159,3,0,34,1420,1629,892,821,200,552,51,866,84,8,48,6364,95,4.99,1.536,10.3,1.3,3.5,5.5,1.57
COL,2004,28.9,68,94,0.42,5.54,162,162,159,3,0,36,1435.1,1634,923,883,198,697,84,947,71,6,66,6535,89,5.13,1.624,10.2,1.2,4.4,5.9,1.36
COL,2005,27,67,95,0.414,5.13,162,162,158,4,1,37,1418.2,1600,862,808,175,604,54,981,84,6,65,6385,94,4.7,1.554,10.2,1.1,3.8,6.2,1.62
COL,2006,28.2,76,86,0.469,4.66,162,162,157,5,4,34,1447.1,1549,812,749,155,553,81,952,66,2,43,6318,106,4.51,1.452,9.6,1,3.4,5.9,1.72
COL,2007,27.9,90,73,0.552,4.32,163,163,159,4,1,39,1472,1497,758,706,164,504,61,967,59,8,35,6293,112,4.52,1.359,9.2,1,3.1,5.9,1.92
COL,2008,28.3,74,88,0.457,4.77,162,162,159,3,1,36,1446,1547,822,766,148,562,49,1041,53,7,61,6338,99,4.3,1.459,9.6,0.9,3.5,6.5,1.85
COL,2009,28.4,92,70,0.568,4.22,162,162,157,5,2,45,1438.1,1427,715,675,141,528,51,1154,46,5,48,6171,112,3.96,1.359,8.9,0.9,3.3,7.2,2.19
COL,2010,27.6,83,79,0.512,4.14,162,162,156,6,2,35,1442,1405,717,663,139,525,54,1234,56,12,77,6143,112,3.83,1.338,8.8,0.9,3.3,7.7,2.35
COL,2011,27.5,73,89,0.451,4.43,162,162,157,5,2,41,1447.2,1471,774,713,176,522,47,1118,48,7,65,6215,103,4.24,1.377,9.1,1.1,3.2,7,2.14
COL,2012,28.1,64,98,0.395,5.22,162,162,162,0,0,36,1422,1637,890,824,198,566,61,1144,47,6,94,6384,89,4.59,1.549,10.4,1.3,3.6,7.2,2.02
COL,2013,28.1,74,88,0.457,4.44,162,162,161,1,0,35,1436,1545,760,708,136,517,52,1064,40,15,62,6248,101,3.96,1.436,9.7,0.9,3.2,6.7,2.06
COL,2014,27.9,66,96,0.407,4.84,162,162,161,1,1,24,1431,1528,818,770,173,531,32,1074,54,8,72,6248,88,4.43,1.439,9.6,1.1,3.3,6.8,2.02
COL,2015,28.5,68,94,0.42,5.04,162,162,158,4,1,36,1426.1,1579,844,799,183,579,42,1112,48,6,66,6308,92,4.56,1.513,10,1.2,3.7,7,1.92
COL,2016,27.4,75,87,0.463,4.91,162,162,160,2,2,37,1429.1,1532,860,779,181,547,38,1223,70,5,72,6289,99,4.38,1.455,9.6,1.1,3.4,7.7,2.24
COL,2017,26.3,87,75,0.537,4.51,162,162,161,1,1,47,1437.2,1453,757,721,190,532,20,1270,50,10,69,6177,112,4.32,1.381,9.1,1.2,3.3,8,2.39
COL,2018,27.2,91,72,0.558,4.33,163,163,163,0,0,51,1452.1,1377,745,699,184,525,24,1409,52,8,70,6154,109,4.06,1.31,8.5,1.1,3.3,8.7,2.68
COL,2019,26.8,71,91,0.438,5.56,162,162,161,1,1,28,1448.2,1576,958,895,270,589,33,1264,57,7,63,6423,93,5.23,1.494,9.8,1.7,3.7,7.9,2.15
COL,2020,26.8,26,34,0.433,5.59,60,60,59,1,0,16,526.1,579,353,327,83,205,5,393,40,1,29,2335,93,5.14,1.49,9.9,1.4,3.5,6.7,1.92
COL,2021,28.1,74,87,0.46,4.82,161,161,158,3,1,33,1397,1397,796,748,196,539,19,1269,63,3,67,6044,100,4.47,1.386,9,1.3,3.5,8.2,2.35
COL,2022,28.7,68,94,0.42,5.06,162,162,161,1,1,43,1425.1,1516,873,802,184,539,12,1187,59,3,65,6240,92,4.38,1.442,9.6,1.2,3.4,7.5,2.2
DET,2000,29,79,83,0.488,4.71,162,162,156,6,1,44,1443.1,1583,827,755,177,496,22,978,47,5,51,6295,99,4.5,1.44,9.9,1.1,3.1,6.1,1.97
DET,2001,28.3,66,96,0.407,5.01,162,162,146,16,1,34,1429.1,1624,876,795,180,553,56,859,73,4,40,6361,86,4.8,1.523,10.2,1.1,3.5,5.4,1.55
DET,2002,28,55,106,0.342,4.92,161,161,150,11,4,33,1414,1593,864,773,163,463,34,794,62,8,59,6215,87,4.44,1.454,10.1,1,2.9,5.1,1.71
DET,2003,25.2,43,119,0.265,5.3,162,162,159,3,0,27,1438.2,1616,928,847,195,557,35,764,56,5,52,6376,81,5.01,1.51,10.1,1.2,3.5,4.8,1.37
DET,2004,27.1,72,90,0.444,4.93,162,162,155,7,4,35,1439.2,1542,844,788,190,530,33,995,54,6,71,6296,91,4.6,1.439,9.6,1.2,3.3,6.2,1.88
DET,2005,27.5,71,91,0.438,4.51,162,162,155,7,0,37,1435.2,1504,787,719,193,461,33,907,51,5,53,6139,94,4.57,1.369,9.4,1.2,2.9,5.7,1.97
DET,2006,28.3,95,67,0.586,3.84,162,162,159,3,1,46,1448,1420,675,618,160,489,35,1003,53,2,44,6145,118,4.32,1.318,8.8,1,3,6.2,2.05
DET,2007,27.9,88,74,0.543,4.57,162,162,161,1,1,44,1447.1,1498,797,735,174,566,41,1047,68,8,75,6345,100,4.67,1.426,9.3,1.1,3.5,6.5,1.85
DET,2008,29.7,74,88,0.457,4.9,162,162,161,1,0,34,1445,1541,857,786,172,644,63,991,68,7,65,6411,91,4.79,1.512,9.6,1.1,4,6.2,1.54
DET,2009,26.2,86,77,0.528,4.29,163,163,159,4,1,42,1447,1449,745,690,182,594,42,1102,41,6,48,6240,104,4.53,1.412,9,1.1,3.7,6.9,1.86
DET,2010,26.3,81,81,0.5,4.3,162,162,156,6,1,32,1444.1,1445,743,690,142,537,29,1056,65,9,75,6198,98,4.15,1.372,9,0.9,3.3,6.6,1.97
DET,2011,27.4,95,67,0.586,4.04,162,162,158,4,2,52,1440,1406,711,647,149,492,34,1115,52,5,69,6108,103,3.95,1.318,8.8,0.9,3.1,7,2.27
DET,2012,27.6,88,74,0.543,3.75,162,162,153,9,3,40,1430.2,1409,670,596,151,438,35,1318,42,6,46,6045,113,3.63,1.291,8.9,0.9,2.8,8.3,3.01
DET,2013,28.1,93,69,0.574,3.61,162,162,159,3,1,39,1462.2,1369,624,587,128,462,29,1428,42,7,63,6119,116,3.27,1.252,8.4,0.8,2.8,8.8,3.09
DET,2014,28.1,90,72,0.556,4.01,162,162,157,5,4,41,1454,1475,705,648,127,462,34,1244,42,9,43,6191,97,3.6,1.332,9.1,0.8,2.9,7.7,2.69
DET,2015,28.8,74,87,0.46,4.64,161,161,154,7,4,35,1447,1491,803,746,193,489,32,1100,46,8,60,6188,86,4.46,1.368,9.3,1.2,3,6.8,2.25
DET,2016,28.8,86,75,0.534,4.24,161,161,158,3,1,47,1428,1417,721,672,182,462,25,1232,51,4,44,6048,101,4.16,1.316,8.9,1.1,2.9,7.8,2.67
DET,2017,28.4,64,98,0.395,5.36,162,162,160,2,1,32,1420.1,1587,894,846,218,538,42,1202,61,4,53,6298,84,4.73,1.496,10.1,1.4,3.4,7.6,2.23
DET,2018,28.7,64,98,0.395,4.58,162,162,162,0,0,37,1425.1,1423,796,726,216,491,20,1215,60,4,54,6130,98,4.58,1.343,9,1.4,3.1,7.7,2.47
DET,2019,27.9,47,114,0.292,5.24,161,161,161,0,0,31,1433,1555,915,835,250,536,24,1368,69,7,66,6341,91,4.84,1.459,9.8,1.6,3.4,8.6,2.55
DET,2020,26.7,23,35,0.397,5.63,58,58,57,1,0,11,492.1,511,318,308,91,192,2,444,34,0,18,2174,81,5.17,1.428,9.3,1.7,3.5,8.1,2.31
DET,2021,27.3,77,85,0.475,4.32,162,162,160,2,1,42,1419.2,1370,756,681,199,571,10,1259,82,3,80,6164,99,4.6,1.367,8.7,1.3,3.6,8,2.2
DET,2022,27.3,66,96,0.407,4.04,162,162,162,0,0,38,1419.2,1336,713,637,167,511,9,1195,57,2,59,6047,94,4.16,1.301,8.5,1.1,3.2,7.6,2.34
HOU,2000,27.8,72,90,0.444,5.42,162,162,154,8,1,30,1437.2,1596,944,865,234,598,25,1064,60,3,55,6455,92,5.14,1.526,10,1.5,3.7,6.7,1.78
HOU,2001,28.1,93,69,0.574,4.37,162,162,155,7,1,48,1454.2,1453,769,707,221,486,22,1228,70,3,42,6236,106,4.48,1.333,9,1.4,3,7.6,2.53
HOU,2002,26.9,84,78,0.519,4,162,162,160,2,2,43,1445,1423,695,642,151,546,78,1219,55,3,38,6205,108,3.88,1.363,8.9,0.9,3.4,7.6,2.23
HOU,2003,27.4,87,75,0.537,3.86,162,162,161,1,0,50,1450,1350,677,622,161,565,53,1139,74,4,40,6176,114,4.23,1.321,8.4,1,3.5,7.1,2.02
HOU,2004,30,92,70,0.568,4.05,162,162,160,2,2,47,1443,1416,698,650,174,525,61,1282,68,3,45,6201,107,4.07,1.345,8.8,1.1,3.3,8,2.44
HOU,2005,30.5,89,73,0.549,3.51,163,163,157,6,2,45,1443,1336,609,563,155,440,29,1164,59,8,38,6023,121,3.84,1.231,8.3,1,2.7,7.3,2.65
HOU,2006,29.7,82,80,0.506,4.08,162,162,157,5,2,42,1468.2,1425,719,666,182,480,65,1160,54,2,44,6219,109,4.27,1.297,8.7,1.1,2.9,7.1,2.42
HOU,2007,30.2,73,89,0.451,4.68,162,162,160,2,1,38,1464.2,1566,813,761,206,510,62,1109,63,3,40,6417,95,4.73,1.417,9.6,1.3,3.1,6.8,2.17
HOU,2008,30.9,86,75,0.534,4.36,161,161,157,4,3,48,1425.1,1453,743,691,197,492,53,1095,50,9,22,6125,96,4.53,1.365,9.2,1.2,3.1,6.9,2.23
HOU,2009,31.1,74,88,0.457,4.54,162,162,157,5,1,39,1430,1521,770,722,176,546,56,1144,50,4,43,6237,91,4.35,1.445,9.6,1.1,3.4,7.2,2.1
HOU,2010,29.5,76,86,0.469,4.09,162,162,158,4,2,45,1439.1,1446,729,654,140,548,39,1210,40,9,57,6221,97,3.89,1.385,9,0.9,3.4,7.6,2.21
HOU,2011,27.4,56,106,0.346,4.51,162,162,160,2,0,25,1435,1477,796,719,188,560,59,1191,53,9,39,6268,84,4.35,1.42,9.3,1.2,3.5,7.5,2.13
HOU,2012,27.1,55,107,0.34,4.56,162,162,159,3,2,31,1423.1,1493,794,721,173,540,40,1170,48,6,75,6238,89,4.27,1.428,9.4,1.1,3.4,7.4,2.17
HOU,2013,26.9,51,111,0.315,4.79,162,162,160,2,1,32,1440,1530,848,766,191,616,32,1084,56,6,61,6370,85,4.67,1.49,9.6,1.2,3.9,6.8,1.76
HOU,2014,27.4,70,92,0.432,4.11,162,162,155,7,2,31,1438.2,1437,723,657,139,484,32,1137,52,7,57,6154,94,3.93,1.335,9,0.9,3,7.1,2.35
HOU,2015,28.8,86,76,0.531,3.57,162,162,157,5,3,39,1441,1308,618,572,148,423,17,1280,43,2,61,5965,110,3.66,1.201,8.2,0.9,2.6,8,3.03
HOU,2016,28.6,84,78,0.519,4.06,162,162,160,2,1,44,1468,1441,701,663,181,453,19,1396,39,2,98,6180,97,3.85,1.29,8.8,1.1,2.8,8.6,3.08
HOU,2017,28.5,101,61,0.623,4.12,162,162,161,1,0,45,1446,1314,700,662,192,522,17,1593,70,4,86,6111,99,3.91,1.27,8.2,1.2,3.2,9.9,3.05
HOU,2018,30,103,59,0.636,3.11,162,162,159,3,2,46,1455,1164,534,503,152,435,4,1687,66,4,67,5913,134,3.23,1.099,7.2,0.9,2.7,10.4,3.88
HOU,2019,30.2,107,55,0.66,3.66,162,162,160,2,1,47,1462.1,1205,640,595,230,448,0,1671,41,8,41,5995,127,3.98,1.13,7.4,1.4,2.8,10.3,3.73
HOU,2020,27,29,31,0.483,4.31,60,60,60,0,0,16,524,472,275,251,70,217,7,526,29,4,25,2239,104,4.33,1.315,8.1,1.2,3.7,9,2.42
HOU,2021,28.4,95,67,0.586,3.78,162,162,160,2,0,34,1445,1231,658,607,187,549,12,1456,70,4,72,6060,114,4.12,1.232,7.7,1.2,3.4,9.1,2.65
HOU,2022,29.2,106,56,0.654,2.9,162,162,159,3,1,53,1445.1,1121,518,465,134,458,6,1524,60,6,56,5856,134,3.28,1.092,7,0.8,2.9,9.5,3.33
KCA,2000,25.7,77,85,0.475,5.48,162,162,152,10,3,29,1439.1,1585,930,876,239,693,35,927,42,5,77,6443,93,5.54,1.583,9.9,1.5,4.3,5.8,1.34
KCA,2001,26.9,65,97,0.401,4.87,162,162,157,5,0,30,1440,1537,858,779,209,576,26,911,61,2,73,6289,99,5,1.467,9.6,1.3,3.6,5.7,1.58
KCA,2002,27.5,62,100,0.383,5.21,162,162,150,12,4,30,1441,1587,891,834,212,572,48,909,52,6,68,6386,96,4.91,1.498,9.9,1.3,3.6,5.7,1.59
KCA,2003,27.9,83,79,0.512,5.05,162,162,155,7,3,36,1438.2,1569,867,808,190,566,33,865,66,9,60,6366,97,4.86,1.484,9.8,1.2,3.5,5.4,1.53
KCA,2004,27.2,58,104,0.358,5.15,162,162,156,6,2,25,1420.1,1638,905,813,208,518,49,887,56,10,60,6320,93,4.92,1.518,10.4,1.3,3.3,5.6,1.71
KCA,2005,25.8,56,106,0.346,5.49,162,162,158,4,0,25,1413.1,1640,935,862,178,580,33,924,74,9,69,6370,80,4.74,1.571,10.4,1.1,3.7,5.9,1.59
KCA,2006,28,62,100,0.383,5.65,162,162,159,3,2,35,1426.1,1648,971,896,213,637,45,904,60,9,85,6434,83,5.29,1.602,10.4,1.3,4,5.7,1.42
KCA,2007,27.1,69,93,0.426,4.48,162,162,160,2,0,36,1437.1,1547,778,716,168,520,54,993,41,4,56,6253,102,4.55,1.438,9.7,1.1,3.3,6.2,1.91
KCA,2008,27.6,75,87,0.463,4.48,162,162,160,2,0,44,1445.2,1473,781,720,159,515,15,1085,41,5,68,6214,96,4.21,1.375,9.2,1,3.2,6.8,2.11
KCA,2009,28.4,65,97,0.401,4.83,162,162,152,10,5,34,1426,1486,842,765,166,600,28,1153,51,6,89,6265,92,4.36,1.463,9.4,1,3.8,7.3,1.92
KCA,2010,27.5,67,95,0.414,4.97,162,162,155,7,1,44,1436.2,1553,845,794,176,551,28,1035,47,7,55,6333,85,4.48,1.465,9.7,1.1,3.5,6.5,1.88
KCA,2011,26.7,71,91,0.438,4.44,162,162,160,2,0,37,1451.1,1487,762,716,163,557,42,1080,58,7,69,6280,92,4.27,1.408,9.2,1,3.5,6.7,1.94
KCA,2012,27.7,72,90,0.444,4.3,162,162,160,2,1,44,1451.1,1504,746,693,163,542,44,1177,60,8,49,6251,98,4.18,1.41,9.3,1,3.4,7.3,2.17
KCA,2013,29.6,86,76,0.531,3.45,162,162,157,5,2,52,1448.1,1366,601,555,155,469,21,1208,41,4,60,6049,120,3.83,1.267,8.5,1,2.9,7.5,2.58
KCA,2014,29.2,89,73,0.549,3.51,162,162,159,3,2,53,1450.2,1386,624,565,128,440,14,1168,56,6,58,6101,113,3.69,1.259,8.6,0.8,2.7,7.2,2.65
KCA,2015,30,95,67,0.586,3.73,162,162,160,2,1,56,1452,1372,641,601,155,489,10,1160,52,2,62,6112,112,4.04,1.282,8.5,1,3,7.2,2.37
KCA,2016,29.8,81,81,0.5,4.21,162,162,159,3,0,41,1440,1433,712,674,206,517,8,1287,60,7,55,6182,102,4.42,1.354,9,1.3,3.2,8,2.49
KCA,2017,30.3,80,82,0.494,4.61,162,162,161,1,1,39,1437.2,1480,791,737,196,519,24,1216,52,6,48,6218,97,4.43,1.39,9.3,1.2,3.2,7.6,2.34
KCA,2018,27.5,58,104,0.358,4.94,162,162,160,2,0,33,1432,1542,833,786,205,549,28,1157,51,4,68,6284,88,4.66,1.46,9.7,1.3,3.5,7.3,2.11
KCA,2019,27.6,59,103,0.364,5.2,162,162,161,1,1,37,1425,1525,869,824,221,582,25,1230,81,5,59,6307,92,4.9,1.479,9.6,1.4,3.7,7.8,2.11
KCA,2020,26.6,26,34,0.433,4.3,60,60,59,1,1,19,517,500,272,247,76,211,7,517,29,3,28,2233,110,4.49,1.375,8.7,1.3,3.7,9,2.45
KCA,2021,27.8,74,88,0.457,4.64,162,162,161,1,0,37,1417.1,1375,788,731,189,591,16,1344,62,9,86,6127,99,4.39,1.387,8.7,1.2,3.8,8.5,2.27
KCA,2022,27.2,65,97,0.401,4.7,162,162,162,0,0,33,1416,1493,810,740,173,589,15,1191,71,6,88,6249,87,4.42,1.47,9.5,1.1,3.7,7.6,2.02
LAN,2000,29.4,86,76,0.531,4.1,162,162,153,9,3,36,1445,1379,729,659,176,600,22,1154,75,6,60,6249,106,4.52,1.37,8.6,1.1,3.7,7.2,1.92
LAN,2001,29.7,86,76,0.531,4.25,162,162,159,3,1,46,1450.2,1387,744,685,184,524,37,1212,72,11,44,6201,94,4.26,1.317,8.6,1.1,3.3,7.5,2.31
LAN,2002,30.7,92,70,0.568,3.69,162,162,158,4,2,56,1457.2,1311,643,598,165,555,45,1132,46,3,33,6139,103,4.12,1.28,8.1,1,3.4,7,2.04
LAN,2003,31.5,85,77,0.525,3.16,162,162,159,3,3,58,1457.2,1254,556,511,127,526,35,1289,40,5,50,6001,128,3.56,1.221,7.7,0.8,3.2,8,2.45
LAN,2004,29.3,93,69,0.574,4.01,162,162,160,2,2,51,1453.1,1386,684,647,178,521,47,1066,54,2,43,6155,103,4.36,1.312,8.6,1.1,3.2,6.6,2.05
LAN,2005,28.6,71,91,0.438,4.38,162,162,156,6,4,40,1427.1,1434,755,695,182,471,34,1004,64,6,36,6113,94,4.4,1.335,9,1.1,3,6.3,2.13
LAN,2006,30.4,88,74,0.543,4.23,162,162,161,1,0,40,1460.1,1524,751,686,152,492,40,1068,41,8,54,6289,107,4.13,1.381,9.4,0.9,3,6.6,2.17
LAN,2007,30.8,82,80,0.506,4.2,162,162,158,4,0,43,1450,1443,727,677,146,518,34,1184,38,5,44,6196,106,4.07,1.352,9,0.9,3.2,7.3,2.29
LAN,2008,29.6,84,78,0.519,3.68,162,162,157,5,4,35,1447.1,1381,648,591,123,480,58,1205,48,4,47,6127,114,3.67,1.286,8.6,0.8,3,7.5,2.51
LAN,2009,27.9,95,67,0.586,3.41,162,162,161,1,1,44,1473.1,1265,611,558,127,584,68,1272,57,2,76,6182,118,3.8,1.255,7.7,0.8,3.6,7.8,2.18
LAN,2010,28,80,82,0.494,4.01,162,162,158,4,4,41,1441.2,1323,692,643,134,539,75,1274,58,8,58,6141,97,3.76,1.292,8.3,0.8,3.4,8,2.36
LAN,2011,28.7,82,79,0.509,3.54,161,161,154,7,2,40,1432,1287,612,563,132,507,48,1265,43,7,50,5997,104,3.61,1.253,8.1,0.8,3.2,8,2.5
LAN,2012,29.1,86,76,0.531,3.34,162,162,160,2,2,40,1449.2,1277,597,538,122,539,62,1276,45,2,46,6068,114,3.64,1.253,7.9,0.8,3.3,7.9,2.37
LAN,2013,28,92,70,0.568,3.25,162,162,155,7,4,46,1450.1,1321,582,524,127,460,44,1292,43,3,66,6032,110,3.44,1.228,8.2,0.8,2.9,8,2.81
LAN,2014,30,94,68,0.58,3.4,162,162,155,7,3,47,1464.2,1338,617,554,142,429,35,1373,41,4,64,6075,103,3.48,1.206,8.2,0.9,2.6,8.4,3.2
LAN,2015,28,92,70,0.568,3.44,162,162,156,6,3,47,1445.2,1317,595,553,145,395,32,1396,38,10,52,5932,107,3.41,1.184,8.2,0.9,2.5,8.7,3.53
LAN,2016,28.8,91,71,0.562,3.7,162,162,159,3,3,47,1453,1266,638,598,165,464,51,1510,53,5,58,6014,109,3.61,1.191,7.8,1,2.9,9.4,3.25
LAN,2017,29.7,104,58,0.642,3.38,162,162,160,2,0,51,1444.2,1226,580,543,184,442,33,1549,40,10,40,5925,123,3.67,1.155,7.6,1.1,2.8,9.6,3.5
LAN,2018,29.1,92,71,0.564,3.38,163,163,163,0,0,48,1476,1279,610,554,179,422,39,1565,61,10,39,6096,115,3.6,1.152,7.8,1.1,2.6,9.5,3.71
LAN,2019,28.8,106,56,0.654,3.37,162,162,159,3,1,44,1445.2,1201,613,541,185,392,24,1519,66,7,40,5913,123,3.73,1.102,7.5,1.2,2.4,9.5,3.88
LAN,2020,27.2,43,17,0.717,3.02,60,60,60,0,0,15,538.2,424,213,181,66,145,4,517,21,0,24,2172,146,3.79,1.056,7.1,1.1,2.4,8.6,3.57
LAN,2021,28.5,106,56,0.654,3.01,162,162,161,1,0,56,1452,1107,561,486,161,486,43,1599,63,9,52,5948,140,3.54,1.097,6.9,1,3,9.9,3.29
LAN,2022,28.8,111,51,0.685,2.8,162,162,161,1,1,43,1451.1,1114,513,451,152,407,13,1465,75,3,38,5865,150,3.45,1.048,6.9,0.9,2.5,9.1,3.6
MIA,2000,26.5,79,82,0.491,4.59,161,161,156,5,3,48,1429.2,1477,797,729,169,650,56,1051,43,10,49,6307,96,4.65,1.488,9.3,1.1,4.1,6.6,1.62
MIA,2001,26,76,86,0.469,4.32,162,162,157,5,3,32,1438,1397,744,691,151,617,53,1119,70,3,40,6227,98,4.29,1.401,8.7,0.9,3.9,7,1.81
MIA,2002,26,79,83,0.488,4.36,162,162,151,11,6,36,1456.1,1449,763,706,151,631,46,1104,58,7,55,6340,92,4.21,1.428,9,0.9,3.9,6.8,1.75
MIA,2003,26.1,91,71,0.562,4.04,162,162,155,7,2,36,1445.1,1415,692,648,128,530,40,1132,40,11,51,6165,105,3.8,1.346,8.8,0.8,3.3,7,2.14
MIA,2004,27.3,83,79,0.512,4.1,162,162,156,6,3,53,1439,1395,700,655,166,513,61,1116,51,3,35,6110,101,4.17,1.326,8.7,1,3.2,7,2.18
MIA,2005,28.6,83,79,0.512,4.16,162,162,148,14,8,42,1442.1,1459,732,666,116,563,57,1125,65,3,45,6236,96,3.81,1.402,9.1,0.7,3.5,7,2
MIA,2006,25.1,78,84,0.481,4.37,162,162,156,6,2,41,1433.1,1465,772,696,166,622,58,1088,74,4,47,6294,99,4.59,1.456,9.2,1,3.9,6.8,1.75
MIA,2007,26,71,91,0.438,4.94,162,162,162,0,0,40,1443.2,1617,891,793,176,661,60,1142,76,9,67,6544,88,4.77,1.578,10.1,1.1,4.1,7.1,1.73
MIA,2008,26.2,84,77,0.522,4.43,161,161,159,2,1,36,1435.1,1421,767,707,161,586,66,1127,58,4,59,6271,98,4.37,1.398,8.9,1,3.7,7.1,1.92
MIA,2009,25.8,87,75,0.537,4.29,162,162,157,5,1,45,1446.1,1425,766,690,160,601,60,1248,45,5,59,6299,100,4.15,1.401,8.9,1,3.7,7.8,2.08
MIA,2010,26.8,80,82,0.494,4.08,162,162,157,5,2,39,1438.1,1433,717,652,134,549,42,1168,51,4,49,6217,102,3.92,1.378,9,0.8,3.4,7.3,2.13
MIA,2011,27.9,72,90,0.444,3.95,162,162,155,7,4,40,1459.2,1403,702,640,149,500,72,1218,37,10,43,6200,99,3.79,1.304,8.7,0.9,3.1,7.5,2.44
MIA,2012,28.7,69,93,0.426,4.09,162,162,157,5,3,38,1440.2,1448,724,655,133,495,61,1113,55,4,36,6186,100,3.89,1.349,9,0.8,3.1,7,2.25
MIA,2013,25.7,62,100,0.383,3.71,162,162,160,2,1,36,1460,1376,646,602,121,526,58,1177,47,2,53,6166,104,3.69,1.303,8.5,0.7,3.2,7.3,2.24
MIA,2014,26,77,85,0.475,3.78,162,162,159,3,3,42,1457.2,1481,674,613,114,458,35,1190,49,4,56,6217,98,3.56,1.33,9.1,0.7,2.8,7.3,2.6
MIA,2015,27.2,71,91,0.438,4.02,162,162,162,0,0,35,1427,1374,678,638,141,508,25,1152,52,3,53,6050,95,3.98,1.319,8.7,0.9,3.2,7.3,2.27
MIA,2016,27.7,79,82,0.491,4.05,161,161,161,0,0,55,1435,1358,682,646,152,595,62,1379,61,3,66,6164,98,3.97,1.361,8.5,1,3.7,8.6,2.32
MIA,2017,28.6,77,85,0.475,4.82,162,162,161,1,1,34,1442.2,1450,822,772,193,627,59,1202,75,3,57,6318,83,4.69,1.44,9,1.2,3.9,7.5,1.92
MIA,2018,27.3,63,98,0.391,4.76,161,161,160,1,0,30,1442,1388,809,762,192,605,73,1249,71,6,47,6236,81,4.56,1.382,8.7,1.2,3.8,7.8,2.06
MIA,2019,26.2,57,105,0.352,4.74,162,162,160,2,2,27,1444.1,1340,808,760,236,615,52,1378,90,6,71,6247,91,4.89,1.354,8.3,1.5,3.8,8.6,2.24
MIA,2020,26.7,31,29,0.517,4.86,60,60,59,1,0,18,504,506,304,272,82,226,14,451,26,4,11,2214,96,5.02,1.452,9,1.5,4,8.1,2
MIA,2021,26.6,67,95,0.414,3.96,162,162,161,1,0,33,1415,1282,701,622,162,529,43,1381,88,2,58,6027,107,4.01,1.28,8.2,1,3.4,8.8,2.61
MIA,2022,27.1,69,93,0.426,3.86,162,162,156,6,1,41,1437.1,1311,676,617,173,511,19,1437,76,3,54,6056,106,3.9,1.268,8.2,1.1,3.2,9,2.81
MIL,2000,27,73,89,0.451,4.63,163,163,161,2,1,29,1466.1,1501,826,755,174,728,87,967,65,6,60,6497,99,4.98,1.52,9.2,1.1,4.5,5.9,1.33
MIL,2001,26.8,68,94,0.42,4.64,162,162,159,3,2,28,1436.1,1452,806,740,197,667,107,1057,72,3,58,6338,92,4.9,1.475,9.1,1.2,4.2,6.6,1.58
MIL,2002,26.5,56,106,0.346,4.73,162,162,155,7,3,32,1432.1,1468,821,752,199,666,82,1026,62,8,64,6339,86,4.86,1.49,9.2,1.3,4.2,6.4,1.54
MIL,2003,27.5,68,94,0.42,5.02,162,162,157,5,1,44,1452,1590,873,810,219,575,43,1034,61,8,57,6459,86,4.88,1.491,9.9,1.4,3.6,6.4,1.8
MIL,2004,27.1,67,94,0.416,4.24,161,161,155,6,1,42,1442,1440,757,679,164,476,27,1098,51,5,59,6204,103,4.1,1.329,9,1,3,6.9,2.31
MIL,2005,28,81,81,0.5,3.97,162,162,155,7,2,46,1438,1382,697,635,169,569,52,1173,45,8,66,6208,108,4.2,1.357,8.6,1.1,3.6,7.3,2.06
MIL,2006,27.9,75,87,0.463,4.82,162,162,155,7,5,43,1425.2,1454,833,763,177,514,34,1145,74,2,57,6210,95,4.39,1.38,9.2,1.1,3.2,7.2,2.23
MIL,2007,28.4,83,79,0.512,4.41,162,162,159,3,0,49,1444.1,1513,776,708,161,507,37,1174,52,2,57,6285,100,4.22,1.399,9.4,1,3.2,7.3,2.32
MIL,2008,29.1,90,72,0.556,3.85,162,162,150,12,6,45,1455.2,1415,689,623,175,528,32,1110,42,5,53,6209,109,4.34,1.335,8.7,1.1,3.3,6.9,2.1
MIL,2009,29.4,80,82,0.494,4.83,162,162,161,1,0,44,1435,1498,818,770,207,607,60,1104,65,1,61,6352,85,4.84,1.467,9.4,1.3,3.8,6.9,1.82
MIL,2010,29.2,77,85,0.475,4.58,162,162,159,3,3,35,1439,1487,804,733,173,582,42,1258,48,3,71,6324,88,4.21,1.438,9.3,1.1,3.6,7.9,2.16
MIL,2011,29.1,96,66,0.593,3.63,162,162,161,1,1,47,1441.2,1348,638,582,147,440,16,1257,33,5,70,6048,109,3.59,1.24,8.4,0.9,2.7,7.8,2.86
MIL,2012,28.9,83,79,0.512,4.22,162,162,162,0,0,44,1453.2,1458,733,682,169,525,20,1402,31,5,57,6245,98,3.82,1.364,9,1,3.3,8.7,2.67
MIL,2013,28.5,74,88,0.457,3.84,162,162,158,4,2,40,1442.2,1401,687,615,175,466,29,1125,43,2,51,6100,101,4.12,1.294,8.7,1.1,2.9,7,2.41
MIL,2014,29,82,80,0.506,3.67,162,162,159,3,3,45,1457.2,1386,657,594,167,431,20,1246,42,2,44,6106,103,3.89,1.247,8.6,1,2.7,7.7,2.89
MIL,2015,28.3,68,94,0.42,4.28,162,162,161,1,0,40,1435,1432,737,682,176,517,36,1260,55,5,71,6148,93,4.17,1.358,9,1.1,3.2,7.9,2.44
MIL,2016,28.1,73,89,0.451,4.08,162,162,162,0,0,46,1434.1,1450,733,650,178,532,33,1175,66,2,48,6188,105,4.37,1.382,9.1,1.1,3.3,7.4,2.21
MIL,2017,28.3,86,76,0.531,4,162,162,161,1,0,54,1445.2,1381,697,642,185,553,45,1346,64,2,50,6164,110,4.24,1.338,8.6,1.2,3.4,8.4,2.43
MIL,2018,28.7,96,67,0.589,3.73,163,163,163,0,0,49,1461,1259,659,606,173,553,34,1428,61,5,50,6114,110,4.01,1.24,7.8,1.1,3.4,8.8,2.58
MIL,2019,28.6,89,73,0.549,4.4,162,162,162,0,0,50,1459.1,1364,766,713,225,570,28,1497,60,3,41,6251,102,4.46,1.325,8.4,1.4,3.5,9.2,2.63
MIL,2020,27.9,29,31,0.483,4.16,60,60,59,1,0,14,517.1,446,264,239,67,189,1,614,35,2,21,2186,110,3.8,1.227,7.8,1.2,3.3,10.7,3.25
MIL,2021,27.9,95,67,0.586,3.5,162,162,160,2,1,44,1436,1156,623,558,168,537,19,1618,77,9,60,5990,119,3.72,1.179,7.2,1.1,3.4,10.1,3.01
MIL,2022,28.4,86,76,0.531,3.83,162,162,162,0,0,52,1446,1238,688,615,190,521,12,1530,67,4,47,6057,104,3.92,1.216,7.7,1.2,3.2,9.5,2.94
MIN,2000,26.2,69,93,0.426,5.14,162,162,156,6,2,35,1432.2,1634,880,819,212,516,12,1042,35,4,68,6336,101,4.76,1.501,10.3,1.3,3.2,6.5,2.02
MIN,2001,27,85,77,0.525,4.51,162,162,150,12,5,45,1441.1,1494,766,722,192,445,16,965,56,2,58,6187,101,4.48,1.345,9.3,1.2,2.8,6,2.17
MIN,2002,28.5,94,67,0.584,4.12,161,161,153,8,5,47,1444.2,1454,712,662,184,439,24,1026,45,3,62,6133,109,4.2,1.31,9.1,1.1,2.7,6.4,2.34
MIN,2003,29.6,90,72,0.556,4.41,162,162,155,7,3,45,1462,1526,758,716,187,402,35,997,50,9,62,6246,103,4.26,1.319,9.4,1.2,2.5,6.1,2.48
MIN,2004,28.2,92,70,0.568,4.03,162,162,158,4,4,48,1476,1523,715,661,167,431,27,1123,54,1,45,6269,117,3.98,1.324,9.3,1,2.6,6.8,2.61
MIN,2005,27.7,83,79,0.512,3.71,162,162,153,9,4,44,1464.1,1458,662,604,169,348,38,965,43,4,35,6072,120,4,1.233,9,1,2.1,5.9,2.77
MIN,2006,26.7,96,66,0.593,3.95,162,162,161,1,0,40,1439.1,1490,683,632,182,356,25,1164,36,3,40,6066,114,3.99,1.283,9.3,1.1,2.2,7.3,3.27
MIN,2007,27.2,79,83,0.488,4.15,162,162,157,5,3,38,1436.2,1505,725,663,185,420,33,1094,51,5,46,6133,103,4.37,1.34,9.4,1.2,2.6,6.9,2.6
MIN,2008,27,88,75,0.54,4.16,163,163,158,5,2,42,1459,1568,745,675,183,406,38,995,31,4,45,6221,101,4.3,1.353,9.7,1.1,2.5,6.1,2.45
MIN,2009,27.5,87,76,0.534,4.5,163,163,159,4,1,48,1453,1542,765,726,185,466,20,1052,58,3,43,6274,98,4.39,1.382,9.6,1.1,2.9,6.5,2.26
MIN,2010,28.5,94,68,0.58,3.95,162,162,153,9,3,40,1452.2,1493,671,638,155,383,19,1048,47,4,41,6106,103,3.91,1.291,9.2,1,2.4,6.5,2.74
MIN,2011,28.7,63,99,0.389,4.58,162,162,155,7,3,32,1421.2,1564,804,724,161,480,37,940,54,5,47,6210,89,4.3,1.438,9.9,1,3,6,1.96
MIN,2012,27.7,66,96,0.407,4.77,162,162,159,3,1,35,1438.2,1536,832,762,198,465,43,943,57,2,60,6214,86,4.66,1.391,9.6,1.2,2.9,5.9,2.03
MIN,2013,28.1,66,96,0.407,4.55,162,162,161,1,1,40,1450.1,1591,788,733,168,458,31,985,44,4,50,6257,90,4.23,1.413,9.9,1,2.8,6.1,2.15
MIN,2014,29.1,70,92,0.432,4.57,162,162,160,2,0,38,1435,1588,777,728,147,408,24,1031,45,6,50,6212,86,3.97,1.391,10,0.9,2.6,6.5,2.53
MIN,2015,28.9,83,79,0.512,4.07,162,162,160,2,0,45,1443,1506,700,653,163,413,34,1046,41,2,54,6139,100,4.1,1.33,9.4,1,2.6,6.5,2.53
MIN,2016,28.5,59,103,0.364,5.08,162,162,158,4,1,26,1443,1617,889,814,221,479,26,1191,41,7,83,6314,83,4.57,1.453,10.1,1.4,3,7.4,2.49
MIN,2017,29.6,85,77,0.525,4.59,162,162,156,6,3,42,1436,1487,788,732,224,483,37,1166,69,8,52,6205,97,4.72,1.372,9.3,1.4,3,7.3,2.41
MIN,2018,28.1,78,84,0.481,4.5,162,162,160,2,1,37,1443.1,1425,775,721,198,573,34,1377,80,0,59,6287,96,4.39,1.384,8.9,1.2,3.6,8.6,2.4
MIN,2019,27.9,101,61,0.623,4.18,162,162,161,1,0,50,1463.1,1456,754,680,198,452,10,1463,61,5,71,6246,109,4.02,1.304,9,1.2,2.8,9,3.24
MIN,2020,29.7,36,24,0.6,3.58,60,60,60,0,0,17,513.1,448,215,204,62,170,0,535,21,1,20,2130,122,3.79,1.204,7.9,1.1,3,9.4,3.15
MIN,2021,29.8,73,89,0.451,4.83,162,162,161,1,0,42,1419.1,1392,834,762,239,484,13,1317,62,3,48,6080,89,4.66,1.322,8.8,1.5,3.1,8.4,2.72
MIN,2022,28.6,78,84,0.481,3.98,162,162,162,0,0,28,1437,1320,684,636,184,468,19,1336,66,4,50,6042,98,4.03,1.244,8.3,1.2,2.9,8.4,2.85
NYA,2000,32.3,87,74,0.54,4.76,161,161,152,9,2,40,1424.1,1458,814,753,177,577,23,1040,52,6,49,6256,102,4.61,1.429,9.2,1.1,3.6,6.6,1.8
NYA,2001,31,95,65,0.594,4.02,161,161,154,7,3,57,1451.1,1429,713,649,158,465,29,1266,55,6,54,6174,112,3.79,1.305,8.9,1,2.9,7.9,2.72
NYA,2002,33.2,103,58,0.64,3.87,161,161,152,9,5,53,1452,1441,697,625,144,403,44,1135,48,2,59,6159,114,3.62,1.27,8.9,0.9,2.5,7,2.82
NYA,2003,33.8,101,61,0.623,4.02,163,163,155,8,3,49,1462,1512,716,653,145,375,36,1119,49,0,33,6209,110,3.66,1.291,9.3,0.9,2.3,6.9,2.98
NYA,2004,33,101,61,0.623,4.69,162,162,161,1,0,59,1443.2,1532,808,752,182,445,32,1058,60,4,57,6240,96,4.27,1.369,9.6,1.1,2.8,6.6,2.38
NYA,2005,34.1,95,67,0.586,4.52,162,162,154,8,4,46,1430.2,1495,789,718,164,463,25,985,84,6,37,6182,94,4.28,1.369,9.4,1,2.9,6.2,2.13
NYA,2006,32.5,97,65,0.599,4.41,162,162,157,5,1,43,1443.2,1463,767,708,170,496,41,1019,59,7,46,6215,103,4.42,1.357,9.1,1.1,3.1,6.4,2.05
NYA,2007,31.4,94,68,0.58,4.49,162,162,161,1,0,34,1450.2,1498,777,724,150,578,33,1009,60,6,59,6308,101,4.51,1.431,9.3,0.9,3.6,6.3,1.75
NYA,2008,30.6,89,73,0.549,4.28,162,162,161,1,0,42,1441.2,1478,727,685,143,489,37,1141,51,5,55,6175,103,3.96,1.364,9.2,0.9,3.1,7.1,2.33
NYA,2009,29.1,103,59,0.636,4.26,162,162,159,3,1,51,1450,1386,753,687,181,574,28,1260,71,5,66,6247,108,4.32,1.352,8.6,1.1,3.6,7.8,2.2
NYA,2010,30.1,95,67,0.586,4.06,162,162,159,3,0,39,1442.1,1349,693,651,179,540,37,1154,62,6,69,6102,107,4.34,1.31,8.4,1.1,3.4,7.2,2.14
NYA,2011,30.8,97,65,0.599,3.73,162,162,157,5,3,47,1458.1,1423,657,605,152,507,43,1222,58,3,67,6216,116,3.87,1.323,8.8,0.9,3.1,7.5,2.41
NYA,2012,30.5,95,67,0.586,3.84,162,162,156,6,2,51,1445.1,1401,668,617,190,431,32,1318,49,9,53,6085,110,3.98,1.268,8.7,1.2,2.7,8.2,3.06
NYA,2013,31.5,85,77,0.525,3.94,162,162,155,7,3,49,1447.1,1452,671,633,171,437,34,1233,51,1,57,6128,102,3.89,1.305,9,1.1,2.7,7.7,2.82
NYA,2014,29.2,84,78,0.519,3.75,162,162,157,5,2,48,1453,1392,664,605,164,398,23,1370,65,6,49,6114,103,3.67,1.232,8.6,1,2.5,8.5,3.44
NYA,2015,27.4,87,75,0.537,4.03,162,162,159,3,0,48,1457.2,1416,698,652,182,474,16,1370,56,4,78,6191,101,3.97,1.297,8.7,1.1,2.9,8.5,2.89
NYA,2016,27.9,84,78,0.519,4.16,162,162,162,0,0,48,1428.1,1358,702,660,214,444,15,1393,57,2,52,6023,104,4.2,1.262,8.6,1.3,2.8,8.8,3.14
NYA,2017,27.5,91,71,0.562,3.72,162,162,160,2,1,36,1448.2,1248,660,599,192,504,18,1560,53,4,83,6078,121,3.88,1.209,7.8,1.2,3.1,9.7,3.1
NYA,2018,28.7,100,62,0.617,3.78,162,162,160,2,2,49,1456.1,1311,669,611,177,494,9,1634,58,4,73,6141,112,3.63,1.239,8.1,1.1,3.1,10.1,3.31
NYA,2019,30,103,59,0.636,4.31,162,162,161,1,1,50,1443,1374,739,691,248,507,12,1534,44,5,55,6133,104,4.47,1.304,8.6,1.5,3.2,9.6,3.03
NYA,2020,28.9,33,27,0.55,4.35,60,60,58,2,1,14,500.2,455,270,242,83,168,5,528,25,2,22,2133,99,4.39,1.244,8.2,1.5,3,9.5,3.14
NYA,2021,29.1,92,70,0.568,3.74,162,162,159,3,2,47,1435.1,1243,669,596,196,492,10,1569,56,8,85,5999,115,3.9,1.209,7.8,1.2,3.1,9.8,3.19
NYA,2022,29.1,99,63,0.611,3.3,162,162,161,1,1,47,1451.2,1177,567,532,157,444,10,1459,65,5,40,5938,119,3.56,1.117,7.3,1,2.8,9,3.29
NYN,2000,30.8,94,68,0.58,4.16,162,162,154,8,2,49,1450,1398,738,670,164,574,42,1164,60,7,34,6276,107,4.31,1.36,8.7,1,3.6,7.2,2.03
NYN,2001,31.1,82,80,0.506,4.07,162,162,156,6,3,48,1445.2,1418,713,654,186,438,60,1191,43,7,53,6107,102,4.07,1.284,8.8,1.2,2.7,7.4,2.72
NYN,2002,30.4,75,86,0.466,3.89,161,161,152,9,6,36,1442.2,1408,703,624,163,543,75,1107,55,7,22,6212,103,4.14,1.352,8.8,1,3.4,6.9,2.04
NYN,2003,31.4,66,95,0.41,4.48,161,161,158,3,3,38,1413.1,1497,754,704,168,576,71,907,45,7,45,6204,94,4.61,1.467,9.5,1.1,3.7,5.8,1.57
NYN,2004,32.6,71,91,0.438,4.09,162,162,160,2,2,31,1449,1452,731,658,156,592,70,977,49,8,30,6333,105,4.43,1.411,9,1,3.7,6.1,1.65
NYN,2005,31.9,83,79,0.512,3.76,162,162,154,8,3,38,1435.2,1390,648,599,135,491,43,1012,56,4,32,6121,109,3.98,1.31,8.7,0.8,3.1,6.3,2.06
NYN,2006,32.4,97,65,0.599,4.14,162,162,157,5,3,43,1461.1,1402,731,673,180,527,39,1161,62,5,37,6240,106,4.37,1.32,8.6,1.1,3.2,7.2,2.2
NYN,2007,31.4,88,74,0.543,4.26,162,162,160,2,2,39,1452.1,1415,750,687,165,570,40,1134,61,3,36,6293,101,4.46,1.367,8.8,1,3.5,7,1.99
NYN,2008,28.6,89,73,0.549,4.07,162,162,157,5,2,43,1464.1,1415,715,662,163,590,53,1181,70,4,55,6338,104,4.32,1.369,8.7,1,3.6,7.3,2
NYN,2009,29.3,70,92,0.432,4.45,162,162,159,3,2,39,1426,1452,757,705,158,616,60,1031,55,10,41,6284,92,4.5,1.45,9.2,1,3.9,6.5,1.67
NYN,2010,29.4,79,83,0.488,3.7,162,162,154,8,4,36,1453,1438,652,597,135,545,55,1106,52,5,48,6245,105,4,1.365,8.9,0.8,3.4,6.9,2.03
NYN,2011,29.7,77,85,0.475,4.19,162,162,156,6,2,43,1448,1482,742,674,147,514,48,1126,70,7,46,6316,88,4,1.378,9.2,0.9,3.2,7,2.19
NYN,2012,30.2,74,88,0.457,4.09,162,162,155,7,5,36,1434,1368,709,651,161,488,29,1240,40,3,40,6086,93,3.93,1.294,8.6,1,3.1,7.8,2.54
NYN,2013,28.2,74,88,0.457,3.77,162,162,158,4,2,40,1476.2,1442,684,618,152,458,38,1209,54,3,47,6249,95,3.79,1.287,8.8,0.9,2.8,7.4,2.64
NYN,2014,29.2,79,83,0.488,3.49,162,162,161,1,1,42,1463.2,1370,618,568,141,509,38,1303,50,1,56,6170,99,3.75,1.284,8.4,0.9,3.1,8,2.56
NYN,2015,28.4,90,72,0.556,3.43,162,162,161,1,1,50,1462.2,1341,613,557,152,383,43,1337,44,2,46,6046,111,3.53,1.179,8.3,0.9,2.4,8.2,3.49
NYN,2016,28.5,87,75,0.537,3.57,162,162,161,1,1,55,1447,1397,617,574,152,439,39,1396,35,7,50,6067,113,3.56,1.269,8.7,0.9,2.7,8.7,3.18
NYN,2017,27.2,70,92,0.432,5.01,162,162,160,2,0,34,1434.2,1538,863,799,220,593,51,1374,55,5,55,6378,83,4.59,1.485,9.6,1.4,3.7,8.6,2.32
NYN,2018,27.9,77,85,0.475,4.07,162,162,159,3,1,41,1460.2,1364,707,661,185,484,32,1446,71,2,26,6178,92,3.97,1.265,8.4,1.1,3,8.9,2.99
NYN,2019,28.7,86,76,0.531,4.24,162,162,159,3,3,38,1461,1405,737,688,204,500,40,1520,60,2,47,6232,97,4.1,1.304,8.7,1.3,3.1,9.4,3.04
NYN,2020,29.2,26,34,0.433,4.98,60,60,60,0,0,11,513.1,511,308,284,81,219,7,574,29,0,24,2262,86,4.46,1.422,9,1.4,3.8,10.1,2.62
NYN,2021,29.5,77,85,0.475,3.9,162,162,160,2,1,41,1379.1,1221,668,597,190,475,21,1453,70,1,53,5785,104,4.03,1.23,8,1.2,3.1,9.5,3.06
NYN,2022,31.4,101,61,0.623,3.57,162,162,162,0,0,41,1438.2,1274,606,570,169,428,13,1565,71,2,35,5950,108,3.5,1.183,8,1.1,2.7,9.8,3.66
OAK,2000,29.4,91,70,0.565,4.58,161,161,154,7,4,43,1435.1,1535,813,730,158,615,57,963,48,1,46,6355,103,4.61,1.498,9.6,1,3.9,6,1.57
OAK,2001,27.4,102,60,0.63,3.59,162,162,149,13,6,44,1463.1,1384,645,583,153,440,49,1117,46,3,42,6115,122,3.88,1.246,8.5,0.9,2.7,6.9,2.54
OAK,2002,27,103,59,0.636,3.68,162,162,153,9,5,48,1452,1391,654,593,135,474,45,1021,62,9,40,6158,118,3.87,1.284,8.6,0.8,2.9,6.3,2.15
OAK,2003,27,96,66,0.593,3.63,162,162,146,16,5,48,1441.2,1336,643,582,140,499,42,1018,54,10,41,6078,123,4.03,1.273,8.3,0.9,3.1,6.4,2.04
OAK,2004,27.6,91,71,0.562,4.17,162,162,152,10,3,35,1471.1,1466,742,682,164,544,49,1034,68,5,39,6313,109,4.34,1.366,9,1,3.3,6.3,1.9
OAK,2005,26.2,88,74,0.543,3.69,162,162,153,9,2,38,1450.1,1315,658,594,154,504,42,1075,60,3,41,6080,118,4.08,1.254,8.2,1,3.1,6.7,2.13
OAK,2006,27,93,69,0.574,4.21,162,162,157,5,2,54,1451.2,1525,727,679,162,529,47,1003,55,4,43,6279,106,4.42,1.415,9.5,1,3.3,6.2,1.9
OAK,2007,26.6,76,86,0.469,4.28,162,162,158,4,1,36,1448,1468,758,689,138,530,60,1036,43,4,52,6247,99,4.24,1.38,9.1,0.9,3.3,6.4,1.95
OAK,2008,26.3,75,86,0.466,4.01,161,161,157,4,1,33,1435,1364,690,640,135,576,45,1061,54,4,30,6112,103,4.19,1.352,8.6,0.8,3.6,6.7,1.84
OAK,2009,25.3,75,87,0.463,4.26,162,162,160,2,2,38,1447.1,1486,761,685,156,523,30,1124,36,2,43,6243,103,4.1,1.388,9.2,1,3.3,7,2.15
OAK,2010,25.7,81,81,0.5,3.56,162,162,155,7,3,38,1431.2,1315,626,566,153,512,29,1070,38,8,42,6011,115,4.13,1.276,8.3,1,3.2,6.7,2.09
OAK,2011,26.8,74,88,0.457,3.71,162,162,156,6,1,39,1447.2,1380,679,597,136,519,24,1160,41,3,53,6159,109,3.8,1.312,8.6,0.8,3.2,7.2,2.24
OAK,2012,27.7,94,68,0.58,3.48,162,162,161,1,0,47,1470,1360,614,569,147,462,34,1136,46,5,40,6131,112,3.89,1.239,8.3,0.9,2.8,7,2.46
OAK,2013,28,96,66,0.593,3.56,162,162,156,6,4,46,1452,1339,625,574,163,428,23,1183,35,1,56,6069,109,3.83,1.217,8.3,1,2.7,7.3,2.76
OAK,2014,28.1,88,74,0.543,3.22,162,162,155,7,3,31,1463.1,1269,572,524,147,406,28,1244,48,1,59,5972,116,3.67,1.145,7.8,0.9,2.5,7.7,3.06
OAK,2015,27.5,68,94,0.42,4.14,162,162,157,5,3,28,1444.2,1402,729,664,172,474,19,1179,47,4,62,6128,94,4.13,1.299,8.7,1.1,3,7.3,2.49
OAK,2016,27.5,69,93,0.426,4.51,162,162,160,2,1,42,1433.1,1459,761,718,185,464,28,1188,50,3,70,6144,91,4.24,1.342,9.2,1.2,2.9,7.5,2.56
OAK,2017,27.5,75,87,0.463,4.67,162,162,161,1,1,35,1431,1444,826,743,210,502,17,1202,61,3,84,6167,90,4.57,1.36,9.1,1.3,3.2,7.6,2.39
OAK,2018,29.1,97,65,0.599,3.81,162,162,160,2,2,44,1465.2,1303,674,621,184,474,19,1237,53,2,86,6099,109,4.18,1.212,8,1.1,2.9,7.6,2.61
OAK,2019,30.7,97,65,0.599,3.97,162,162,161,1,1,45,1465,1342,680,646,201,477,19,1299,66,4,74,6153,109,4.34,1.242,8.2,1.2,2.9,8,2.72
OAK,2020,29.6,36,24,0.6,3.77,60,60,59,1,1,17,515.1,471,232,216,69,165,6,506,15,1,16,2164,112,4.02,1.234,8.2,1.2,2.9,8.8,3.07
OAK,2021,29.8,86,76,0.531,4.02,162,162,159,3,3,39,1433,1362,687,640,191,439,11,1332,64,2,63,6060,103,4.1,1.257,8.6,1.2,2.8,8.4,3.03
OAK,2022,27.9,60,102,0.37,4.52,162,162,162,0,0,34,1426.1,1394,770,717,195,503,37,1203,72,5,62,6121,83,4.41,1.33,8.8,1.2,3.2,7.6,2.39
PHI,2000,28.3,65,97,0.401,4.77,162,162,154,8,3,34,1438.2,1458,830,763,201,640,32,1123,42,3,54,6314,98,4.81,1.458,9.1,1.3,4,7,1.75
PHI,2001,28.1,86,76,0.531,4.15,162,162,154,8,3,47,1445.1,1417,719,667,170,527,60,1086,70,6,40,6198,102,4.31,1.345,8.8,1.1,3.3,6.8,2.06
PHI,2002,27.5,80,81,0.497,4.17,161,161,156,5,3,47,1449.2,1381,724,671,153,570,54,1075,70,5,68,6222,93,4.18,1.346,8.6,0.9,3.5,6.7,1.89
PHI,2003,27.9,86,76,0.531,4.04,162,162,153,9,7,33,1443.2,1386,697,648,142,536,51,1060,77,4,53,6195,99,4.12,1.331,8.6,0.9,3.3,6.6,1.98
PHI,2004,29,86,76,0.531,4.45,162,162,158,4,4,43,1462.2,1488,781,724,214,502,60,1070,66,3,40,6308,101,4.65,1.361,9.2,1.3,3.1,6.6,2.13
PHI,2005,29.3,88,74,0.543,4.21,162,162,158,4,0,40,1435,1379,726,672,189,487,51,1159,72,9,36,6119,105,4.29,1.3,8.6,1.2,3.1,7.3,2.38
PHI,2006,29.9,85,77,0.525,4.6,162,162,158,4,2,42,1460.1,1561,812,747,211,512,63,1138,62,4,58,6366,102,4.65,1.42,9.6,1.3,3.2,7,2.22
PHI,2007,30.4,89,73,0.549,4.73,162,162,157,5,2,42,1458.1,1555,821,767,198,558,62,1050,72,3,46,6385,97,4.86,1.449,9.6,1.2,3.4,6.5,1.88
PHI,2008,30.3,92,70,0.568,3.88,162,162,158,4,3,47,1449.2,1444,680,625,160,533,64,1081,57,3,34,6229,112,4.3,1.364,9,1,3.3,6.7,2.03
PHI,2009,31,93,69,0.574,4.16,162,162,154,8,5,44,1455.2,1479,709,673,189,489,31,1153,75,2,28,6263,101,4.36,1.352,9.1,1.2,3,7.1,2.36
PHI,2010,30.9,97,65,0.599,3.67,162,162,148,14,6,40,1456.1,1402,640,594,168,416,42,1183,57,5,26,6095,111,3.93,1.248,8.7,1,2.6,7.3,2.84
PHI,2011,29.4,102,60,0.63,3.02,162,162,144,18,7,47,1477,1320,529,495,120,404,41,1299,47,6,23,6069,127,3.24,1.167,8,0.7,2.5,7.9,3.22
PHI,2012,29.3,81,81,0.5,3.83,162,162,157,5,4,42,1451.1,1387,680,618,178,409,33,1385,44,3,30,6072,105,3.72,1.237,8.6,1.1,2.5,8.6,3.39
PHI,2013,29,73,89,0.451,4.32,162,162,156,6,2,32,1436.1,1465,749,689,152,506,33,1199,62,6,48,6213,87,3.94,1.372,9.2,1,3.2,7.5,2.37
PHI,2014,30.4,73,89,0.451,3.79,162,162,160,2,0,40,1468.1,1396,687,619,134,521,43,1255,69,1,49,6261,99,3.81,1.306,8.6,0.8,3.2,7.7,2.41
PHI,2015,28.7,63,99,0.389,4.69,162,162,161,1,1,35,1436.1,1592,809,749,191,488,37,1153,61,7,60,6332,82,4.4,1.448,10,1.2,3.1,7.2,2.36
PHI,2016,26,71,91,0.438,4.63,162,162,158,4,3,43,1437,1468,796,739,213,466,30,1299,51,9,57,6164,91,4.34,1.346,9.2,1.3,2.9,8.1,2.79
PHI,2017,26.4,66,96,0.407,4.55,162,162,161,1,0,33,1441,1471,782,729,221,527,39,1309,63,11,50,6235,95,4.56,1.387,9.2,1.4,3.3,8.2,2.48
PHI,2018,26.6,80,82,0.494,4.14,162,162,162,0,0,44,1445.2,1366,728,665,171,500,35,1465,60,7,81,6138,100,3.83,1.291,8.5,1.1,3.1,9.1,2.93
PHI,2019,28.1,81,81,0.5,4.53,162,162,159,3,1,36,1453.2,1452,794,731,258,546,38,1392,71,7,45,6274,99,4.88,1.374,9,1.6,3.4,8.6,2.55
PHI,2020,28.9,28,32,0.467,5.14,60,60,57,3,2,11,497,550,311,284,80,185,12,532,28,3,14,2197,88,4.43,1.479,10,1.4,3.4,9.6,2.88
PHI,2021,28.9,82,80,0.506,4.39,162,162,157,5,4,36,1418.2,1321,745,692,200,509,37,1480,75,5,49,6055,96,4.15,1.29,8.4,1.3,3.2,9.4,2.91
PHI,2022,29.1,87,75,0.537,3.97,162,162,159,3,1,42,1428.1,1330,685,630,150,463,16,1423,68,3,47,6006,103,3.6,1.255,8.4,0.9,2.9,9,3.07
PIT,2000,26.9,69,93,0.426,4.94,162,162,157,5,2,27,1449,1554,888,795,163,711,61,1070,60,6,67,6514,94,4.72,1.563,9.7,1,4.4,6.6,1.5
PIT,2001,27.6,62,100,0.383,5.05,162,162,154,8,2,36,1416.1,1493,858,794,167,549,74,908,80,4,49,6222,90,4.63,1.442,9.5,1.1,3.5,5.8,1.65
PIT,2002,27.7,72,89,0.447,4.23,161,161,159,2,1,47,1412.2,1447,730,664,163,572,93,920,55,5,34,6131,101,4.49,1.429,9.2,1,3.6,5.9,1.61
PIT,2003,28,75,87,0.463,4.64,162,162,155,7,3,44,1444.1,1527,801,744,178,502,58,926,61,2,50,6293,95,4.52,1.405,9.5,1.1,3.1,5.8,1.84
PIT,2004,27,72,89,0.447,4.29,161,161,158,3,2,46,1428,1451,744,680,149,576,64,1079,63,3,45,6197,100,4.24,1.419,9.1,0.9,3.6,6.8,1.87
PIT,2005,28.2,67,95,0.414,4.42,162,162,158,4,3,35,1436,1456,769,706,162,612,65,958,65,4,53,6264,95,4.57,1.44,9.1,1,3.8,6,1.57
PIT,2006,26.4,67,95,0.414,4.52,162,162,160,2,1,39,1435,1545,797,720,156,620,62,1060,70,6,61,6354,98,4.53,1.509,9.7,1,3.9,6.6,1.71
PIT,2007,26.7,68,94,0.42,4.93,162,162,158,4,2,32,1447.2,1627,846,793,174,518,55,997,76,3,45,6374,89,4.66,1.482,10.1,1.1,3.2,6.2,1.92
PIT,2008,26.4,67,95,0.414,5.08,162,162,159,3,2,34,1455,1631,884,822,176,657,31,963,49,9,64,6528,82,4.84,1.573,10.1,1.1,4.1,6,1.47
PIT,2009,26.3,62,99,0.385,4.59,161,161,156,5,2,28,1418.1,1491,768,723,152,563,37,919,47,3,52,6144,91,4.48,1.448,9.5,1,3.6,5.8,1.63
PIT,2010,28.2,57,105,0.352,5,162,162,161,1,1,31,1411.2,1567,866,784,167,538,40,1026,66,10,56,6300,81,4.45,1.491,10,1.1,3.4,6.5,1.91
PIT,2011,28.1,72,90,0.444,4.04,162,162,157,5,3,43,1449.1,1513,712,650,152,535,65,1031,62,6,60,6317,92,4.2,1.413,9.4,0.9,3.3,6.4,1.93
PIT,2012,30.3,79,83,0.488,3.86,162,162,160,2,1,45,1433.1,1357,674,615,153,490,30,1192,45,3,45,6097,97,3.93,1.289,8.5,1,3.1,7.5,2.43
PIT,2013,28.4,94,68,0.58,3.26,162,162,159,3,0,55,1470.2,1299,577,533,101,515,26,1261,70,6,81,6147,109,3.42,1.233,7.9,0.6,3.2,7.7,2.45
PIT,2014,27.8,88,74,0.543,3.47,162,162,160,2,1,48,1456.1,1341,631,562,128,499,43,1228,88,3,71,6130,103,3.8,1.263,8.3,0.8,3.1,7.6,2.46
PIT,2015,29.7,98,64,0.605,3.21,162,162,162,0,0,54,1489.2,1392,596,532,110,453,38,1338,75,4,67,6215,121,3.36,1.239,8.4,0.7,2.7,8.1,2.95
PIT,2016,28.3,78,83,0.484,4.21,162,162,157,5,1,51,1450.2,1490,758,679,180,533,28,1232,68,7,71,6292,99,4.3,1.395,9.2,1.1,3.3,7.6,2.31
PIT,2017,26.9,75,87,0.463,4.22,162,162,160,2,1,36,1440.2,1464,731,676,182,511,32,1262,58,2,58,6208,101,4.23,1.371,9.1,1.1,3.2,7.9,2.47
PIT,2018,26.5,82,79,0.509,4,161,161,158,3,2,40,1434,1380,693,637,174,497,43,1336,69,6,95,6144,98,4.06,1.309,8.7,1.1,3.1,8.4,2.69
PIT,2019,27.2,69,93,0.426,5.18,162,162,161,1,0,31,1440,1511,911,829,241,584,22,1443,85,4,50,6391,84,4.78,1.455,9.4,1.5,3.7,9,2.47
PIT,2020,27.8,19,41,0.317,4.68,60,60,59,1,0,6,513,451,298,267,80,249,3,536,37,2,28,2227,98,4.8,1.365,7.9,1.4,4.4,9.4,2.15
PIT,2021,27.3,61,101,0.377,5.08,162,162,162,0,0,25,1396.1,1400,833,788,213,606,26,1312,78,5,55,6140,84,4.74,1.437,9,1.4,3.9,8.5,2.17
PIT,2022,27.2,62,100,0.383,4.66,162,162,162,0,0,33,1421,1432,817,735,164,586,23,1250,87,5,62,6263,90,4.27,1.42,9.1,1,3.7,7.9,2.13
SDN,2000,27.4,76,86,0.469,4.52,162,162,157,5,0,46,1459.1,1443,815,733,191,649,50,1071,68,7,66,6414,95,4.84,1.434,8.9,1.2,4,6.6,1.65
SDN,2001,28.5,79,83,0.488,4.52,162,162,157,5,1,46,1440.2,1519,812,724,219,476,54,1088,56,5,46,6278,88,4.62,1.385,9.5,1.4,3,6.8,2.29
SDN,2002,27.3,66,96,0.407,4.62,162,162,157,5,2,40,1436.1,1522,815,737,177,582,61,1108,66,4,51,6333,81,4.37,1.465,9.5,1.1,3.6,6.9,1.9
SDN,2003,27,64,98,0.395,4.87,162,162,160,2,0,31,1431.1,1458,831,774,208,611,52,1091,62,3,64,6303,82,4.8,1.446,9.2,1.3,3.8,6.9,1.79
SDN,2004,29.7,87,75,0.537,4.03,162,162,159,3,2,44,1441,1460,705,645,184,422,39,1079,48,2,27,6135,97,4.19,1.306,9.1,1.1,2.6,6.7,2.56
SDN,2005,30.3,82,80,0.506,4.13,162,162,158,4,3,45,1455.1,1452,726,668,146,503,45,1133,46,3,36,6253,94,3.9,1.343,9,0.9,3.1,7,2.25
SDN,2006,30,88,74,0.543,3.87,162,162,158,4,2,50,1463.2,1385,679,629,176,468,63,1097,50,4,34,6175,105,4.27,1.266,8.5,1.1,2.9,6.7,2.34
SDN,2007,31.2,89,74,0.546,3.7,163,163,162,1,0,45,1484.2,1406,666,611,119,474,48,1136,48,6,42,6254,108,3.81,1.266,8.5,0.7,2.9,6.9,2.4
SDN,2008,30,63,99,0.389,4.41,162,162,159,3,0,30,1458.1,1466,764,714,165,561,61,1100,38,4,43,6286,87,4.33,1.39,9,1,3.5,6.8,1.96
SDN,2009,26.6,75,87,0.463,4.37,162,162,160,2,1,45,1450.2,1422,769,704,167,603,58,1187,45,8,52,6273,87,4.3,1.396,8.8,1,3.7,7.4,1.97
SDN,2010,26.8,90,72,0.556,3.39,162,162,160,2,2,49,1456.1,1305,581,549,139,517,51,1295,28,5,29,6058,108,3.66,1.251,8.1,0.9,3.2,8,2.5
SDN,2011,27.8,71,91,0.438,3.42,162,162,162,0,0,44,1449.1,1324,611,551,125,521,56,1139,37,6,45,6065,104,3.73,1.273,8.2,0.8,3.2,7.1,2.19
SDN,2012,28,76,86,0.469,4.01,162,162,158,4,3,43,1434.2,1356,710,640,162,539,48,1205,48,8,49,6151,90,4.11,1.321,8.5,1,3.4,7.6,2.24
SDN,2013,28.8,76,86,0.469,3.98,162,162,159,3,1,40,1455,1407,700,643,156,525,31,1171,40,2,51,6179,86,4,1.328,8.7,1,3.2,7.2,2.23
SDN,2014,28.7,77,85,0.475,3.27,162,162,158,4,3,41,1438.2,1300,577,523,117,462,32,1284,46,4,57,6006,104,3.46,1.225,8.1,0.7,2.9,8,2.78
SDN,2015,29.2,74,88,0.457,4.09,162,162,161,1,0,41,1440.1,1371,731,655,171,516,35,1393,54,3,54,6093,91,3.93,1.31,8.6,1.1,3.2,8.7,2.7
SDN,2016,27.9,68,94,0.42,4.43,162,162,161,1,0,35,1440,1425,770,708,183,569,44,1222,53,3,67,6228,90,4.4,1.385,8.9,1.1,3.6,7.6,2.15
SDN,2017,27.9,71,91,0.438,4.67,162,162,160,2,1,45,1430.2,1417,816,742,226,554,28,1325,75,11,73,6169,90,4.67,1.378,8.9,1.4,3.5,8.3,2.39
SDN,2018,27.8,66,96,0.407,4.4,162,162,162,0,0,36,1457,1430,767,713,185,519,28,1399,68,4,52,6254,88,4.1,1.338,8.8,1.1,3.2,8.6,2.7
SDN,2019,26,70,92,0.432,4.6,162,162,162,0,0,47,1432,1394,789,732,215,463,19,1475,68,6,60,6160,91,4.22,1.297,8.8,1.4,2.9,9.3,3.19
SDN,2020,27.6,37,23,0.617,3.86,60,60,59,1,1,13,520.1,456,241,223,70,170,2,565,22,3,19,2160,109,3.88,1.203,7.9,1.2,2.9,9.8,3.32
SDN,2021,29.3,79,83,0.488,4.1,162,162,160,2,2,43,1430,1277,708,651,205,516,33,1517,87,2,57,6056,95,4.18,1.254,8,1.3,3.2,9.5,2.94
SDN,2022,30.3,89,73,0.549,3.81,162,162,162,0,0,48,1443.1,1263,660,611,173,468,6,1451,88,5,54,6047,99,3.82,1.199,7.9,1.1,2.9,9,3.1
SEA,2000,29.1,91,71,0.562,4.49,162,162,158,4,4,44,1441.2,1442,780,720,167,634,37,998,38,6,43,6269,101,4.65,1.44,9,1,4,6.2,1.57
SEA,2001,30.4,116,46,0.716,3.54,162,162,154,8,4,56,1465,1293,627,576,160,465,28,1051,64,1,40,6096,117,4.12,1.2,7.9,1,2.9,6.5,2.26
SEA,2002,29.9,93,69,0.574,4.07,162,162,154,8,3,43,1445.1,1422,699,654,178,441,34,1063,49,3,42,6117,105,4.11,1.289,8.9,1.1,2.7,6.6,2.41
SEA,2003,29.3,93,69,0.574,3.76,162,162,154,8,3,38,1441,1340,637,602,173,466,24,1001,54,4,35,6025,115,4.28,1.253,8.4,1.1,2.9,6.3,2.15
SEA,2004,30.3,63,99,0.389,4.76,162,162,155,7,2,28,1459.1,1498,823,772,212,575,32,1036,72,7,45,6389,95,4.85,1.421,9.2,1.3,3.5,6.4,1.8
SEA,2005,31.1,69,93,0.426,4.49,162,162,156,6,2,39,1427.2,1483,751,712,179,496,32,892,57,4,36,6172,94,4.56,1.386,9.3,1.1,3.1,5.6,1.8
SEA,2006,28,78,84,0.481,4.6,162,162,156,6,2,47,1446.2,1500,792,739,183,560,50,1067,53,6,47,6294,97,4.59,1.424,9.3,1.1,3.5,6.6,1.91
SEA,2007,28.1,88,74,0.543,4.73,162,162,156,6,4,43,1434.1,1578,813,754,147,546,39,1020,62,10,59,6313,92,4.42,1.481,9.9,0.9,3.4,6.4,1.87
SEA,2008,28.3,61,101,0.377,4.73,162,162,158,4,0,36,1435.1,1544,811,754,161,626,37,1016,53,5,60,6368,90,4.59,1.512,9.7,1,3.9,6.4,1.62
SEA,2009,27.4,85,77,0.525,3.87,162,162,158,4,2,49,1452.2,1359,692,625,172,534,13,1043,43,5,61,6159,110,4.39,1.303,8.4,1.1,3.3,6.5,1.95
SEA,2010,27,61,101,0.377,3.93,162,162,151,11,2,38,1438,1402,698,628,157,452,33,973,40,11,73,6091,100,4.17,1.289,8.8,1,2.8,6.1,2.15
SEA,2011,26.5,67,95,0.414,3.9,162,162,150,12,3,39,1433,1369,675,621,145,436,27,1088,51,6,68,6014,97,3.84,1.26,8.6,0.9,2.7,6.8,2.5
SEA,2012,27.9,75,87,0.463,3.76,162,162,154,8,6,43,1456.2,1359,651,608,166,449,39,1166,49,5,61,6062,102,4,1.241,8.4,1,2.8,7.2,2.6
SEA,2013,28.2,71,91,0.438,4.31,162,162,158,4,2,43,1465,1467,754,702,174,478,48,1297,42,1,74,6257,86,3.89,1.328,9,1.1,2.9,8,2.71
SEA,2014,28.6,87,75,0.537,3.17,162,162,160,2,1,51,1452,1240,554,512,137,463,36,1317,52,8,80,5974,115,3.61,1.173,7.7,0.8,2.9,8.2,2.84
SEA,2015,28.3,76,86,0.469,4.16,162,162,156,6,5,45,1463,1430,726,677,181,491,41,1283,70,5,72,6223,92,4.14,1.313,8.8,1.1,3,7.9,2.61
SEA,2016,28.9,86,76,0.531,4,162,162,160,2,2,49,1457,1410,707,647,213,460,30,1318,55,7,52,6147,102,4.3,1.283,8.7,1.3,2.8,8.1,2.87
SEA,2017,27.9,78,84,0.481,4.46,162,162,161,1,0,39,1440.1,1399,772,713,237,490,28,1244,53,7,73,6132,94,4.7,1.312,8.7,1.5,3.1,7.8,2.54
SEA,2018,29.3,89,73,0.549,4.13,162,162,159,3,1,60,1448.2,1396,711,664,195,400,21,1328,72,3,57,6073,99,4.05,1.24,8.7,1.2,2.5,8.3,3.32
SEA,2019,29.1,68,94,0.42,4.99,162,162,159,3,2,34,1439.1,1484,893,798,260,505,25,1239,51,4,75,6268,88,5,1.382,9.3,1.6,3.2,7.7,2.45
SEA,2020,26.5,27,33,0.45,5.03,60,60,59,1,0,15,516.2,482,303,289,79,230,7,469,37,1,23,2249,86,4.91,1.378,8.4,1.4,4,8.2,2.04
SEA,2021,27.9,90,72,0.556,4.3,162,162,161,1,0,51,1440.1,1356,748,688,197,485,23,1328,69,3,58,6106,97,4.26,1.278,8.5,1.2,3,8.3,2.74
SEA,2022,27.8,90,72,0.556,3.59,162,162,162,0,0,40,1447,1277,623,577,186,447,24,1391,56,0,45,5986,104,3.9,1.191,7.9,1.2,2.8,8.7,3.11
SFN,2000,28.3,97,65,0.599,4.21,162,162,153,9,4,47,1444.1,1452,747,675,151,623,26,1076,41,4,43,6270,102,4.38,1.437,9,0.9,3.9,6.7,1.73
SFN,2001,28.9,90,72,0.556,4.18,162,162,159,3,1,47,1463.1,1437,748,680,145,579,49,1080,33,3,50,6294,95,4.12,1.378,8.8,0.9,3.6,6.6,1.87
SFN,2002,28.8,95,66,0.59,3.54,162,162,152,10,5,43,1437.1,1349,616,566,116,523,44,992,36,2,36,6056,109,3.8,1.302,8.4,0.7,3.3,6.2,1.9
SFN,2003,28.1,100,61,0.621,3.73,161,161,154,7,4,43,1437.1,1349,638,595,136,546,34,1006,43,8,68,6090,113,4.09,1.318,8.4,0.9,3.4,6.3,1.84
SFN,2004,29.7,91,71,0.562,4.29,162,162,154,8,5,46,1457,1481,770,695,161,548,35,1020,47,2,52,6321,101,4.31,1.393,9.1,1,3.4,6.3,1.86
SFN,2005,29.8,75,87,0.463,4.33,162,162,158,4,0,46,1444.1,1456,745,695,151,592,42,972,42,3,38,6280,99,4.35,1.418,9.1,0.9,3.7,6.1,1.64
SFN,2006,28.4,76,85,0.472,4.63,161,161,154,7,3,37,1429.2,1422,790,735,153,584,37,992,70,7,50,6225,97,4.52,1.403,9,1,3.7,6.2,1.7
SFN,2007,27,71,91,0.438,4.19,162,162,157,5,0,37,1453.2,1442,720,677,133,593,41,1057,47,4,49,6299,107,4.3,1.4,8.9,0.8,3.7,6.5,1.78
SFN,2008,26.7,72,90,0.444,4.38,162,162,158,4,2,41,1442,1416,759,701,147,652,59,1240,70,7,77,6341,101,4.24,1.434,8.8,0.9,4.1,7.7,1.9
SFN,2009,28.5,88,74,0.543,3.55,162,162,151,11,3,41,1446,1268,611,571,140,584,49,1302,41,3,71,6103,120,3.85,1.281,7.9,0.9,3.6,8.1,2.23
SFN,2010,27.6,92,70,0.568,3.36,162,162,156,6,3,57,1461,1279,583,546,134,578,58,1331,51,4,74,6159,117,3.74,1.271,7.9,0.8,3.6,8.2,2.3
SFN,2011,28.2,86,76,0.531,3.2,162,162,159,3,2,52,1468,1260,578,522,96,559,46,1316,50,4,42,6130,109,3.33,1.239,7.7,0.6,3.4,8.1,2.35
SFN,2012,29.5,94,68,0.58,3.68,162,162,157,5,4,53,1451,1361,649,593,142,489,42,1237,51,4,54,6138,96,3.78,1.275,8.4,0.9,3,7.7,2.53
SFN,2013,29.2,76,86,0.469,4,162,162,160,2,2,41,1447.1,1380,691,643,145,521,64,1256,50,4,60,6163,87,3.8,1.313,8.6,0.9,3.2,7.8,2.41
SFN,2014,31.4,88,74,0.543,3.5,162,162,154,8,3,46,1449,1305,614,564,133,389,35,1211,57,6,49,5947,99,3.58,1.169,8.1,0.8,2.4,7.5,3.11
SFN,2015,30.9,84,78,0.519,3.72,162,162,155,7,4,41,1444.1,1344,627,597,155,431,28,1165,50,4,40,6009,103,3.91,1.229,8.4,1,2.7,7.3,2.7
SFN,2016,29.5,87,75,0.537,3.65,162,162,152,10,3,43,1460.1,1334,631,593,158,439,30,1309,46,6,40,6049,109,3.76,1.214,8.2,1,2.7,8.1,2.98
SFN,2017,29,64,98,0.395,4.5,162,162,159,3,2,32,1452,1515,776,726,182,496,42,1234,50,3,55,6287,95,4.22,1.385,9.4,1.1,3.1,7.6,2.49
SFN,2018,28.4,73,89,0.451,3.95,162,162,161,1,1,36,1461.1,1387,699,641,156,524,37,1269,45,4,44,6191,97,3.98,1.308,8.5,1,3.2,7.8,2.42
SFN,2019,28.9,77,85,0.475,4.38,162,162,161,1,0,41,1469,1395,773,715,227,519,26,1368,65,4,53,6256,96,4.55,1.303,8.5,1.4,3.2,8.4,2.64
SFN,2020,29.1,29,31,0.483,4.64,60,60,59,1,0,13,517.2,474,297,267,69,210,2,488,34,5,20,2240,93,4.45,1.321,8.2,1.2,3.7,8.5,2.32
SFN,2021,29.5,107,55,0.66,3.24,162,162,160,2,2,56,1455,1254,594,524,151,416,20,1425,63,7,44,6002,128,3.55,1.148,7.8,0.9,2.6,8.8,3.43
SFN,2022,29,81,81,0.5,3.85,162,162,161,1,0,39,1433,1397,697,613,132,441,16,1370,52,2,53,6070,105,3.43,1.283,8.8,0.8,2.8,8.6,3.11
SLN,2000,29,95,67,0.586,4.38,162,162,152,10,4,37,1433.2,1403,771,698,196,606,28,1100,62,9,49,6200,107,4.77,1.401,8.8,1.2,3.8,6.9,1.82
SLN,2001,29.2,93,69,0.574,3.93,162,162,154,8,4,38,1435.1,1389,684,627,196,526,36,1083,72,6,45,6121,110,4.57,1.334,8.7,1.2,3.3,6.8,2.06
SLN,2002,30.4,97,65,0.599,3.7,162,162,158,4,2,42,1446.1,1355,648,595,141,547,39,1009,60,2,40,6135,109,4.09,1.315,8.4,0.9,3.4,6.3,1.84
SLN,2003,31.1,85,77,0.525,4.6,162,162,153,9,3,41,1463.2,1544,796,748,210,508,36,969,65,1,53,6375,90,4.75,1.402,9.5,1.3,3.1,6,1.91
SLN,2004,29.9,105,57,0.648,3.75,162,162,158,4,2,57,1453.2,1378,659,605,169,440,24,1041,67,4,42,6104,113,4.17,1.251,8.5,1,2.7,6.4,2.37
SLN,2005,29.2,100,62,0.617,3.49,162,162,147,15,7,48,1445.2,1399,634,560,153,443,27,974,60,5,41,6047,122,4.09,1.274,8.7,1,2.8,6.1,2.2
SLN,2006,28.5,83,78,0.516,4.54,161,161,155,6,3,38,1429.2,1475,762,721,193,504,35,970,80,3,35,6196,98,4.77,1.384,9.3,1.2,3.2,6.1,1.92
SLN,2007,29.2,78,84,0.481,4.65,162,162,160,2,0,34,1435.2,1514,829,741,168,509,25,945,73,6,39,6283,95,4.66,1.409,9.5,1.1,3.2,5.9,1.86
SLN,2008,29.6,86,76,0.531,4.19,162,162,160,2,1,42,1454,1517,725,677,163,496,21,957,51,2,50,6264,101,4.4,1.384,9.4,1,3.1,5.9,1.93
SLN,2009,29.8,91,71,0.562,3.66,162,162,154,8,4,43,1440.2,1407,640,586,123,460,23,1049,53,5,43,6087,112,3.82,1.296,8.8,0.8,2.9,6.6,2.28
SLN,2010,29.8,86,76,0.531,3.57,162,162,155,7,3,32,1453.2,1412,641,577,133,477,32,1094,48,4,42,6137,109,3.85,1.299,8.7,0.8,3,6.8,2.29
SLN,2011,30.2,90,72,0.556,3.74,162,162,155,7,5,47,1462,1461,692,608,136,448,44,1098,46,3,48,6211,99,3.75,1.306,9,0.8,2.8,6.8,2.45
SLN,2012,28.8,88,74,0.543,3.71,162,162,158,4,2,42,1462.2,1420,648,603,134,436,28,1218,50,4,46,6158,103,3.62,1.269,8.7,0.8,2.7,7.5,2.79
SLN,2013,26.8,97,65,0.599,3.42,162,162,155,7,4,44,1459.2,1366,596,555,112,451,26,1254,64,1,33,6104,110,3.39,1.245,8.4,0.7,2.8,7.7,2.78
SLN,2014,27.1,90,72,0.556,3.5,162,162,154,8,5,55,1448.2,1321,603,564,123,470,35,1221,61,5,44,6069,104,3.65,1.236,8.2,0.8,2.9,7.6,2.6
SLN,2015,28,100,62,0.617,2.94,162,162,161,1,0,62,1464.2,1359,525,478,123,477,37,1329,45,5,48,6134,134,3.47,1.254,8.4,0.8,2.9,8.2,2.79
SLN,2016,27.9,86,76,0.531,4.08,162,162,160,2,2,38,1448.1,1432,712,656,159,475,35,1290,52,1,50,6164,100,3.88,1.317,8.9,1,3,8,2.72
SLN,2017,28,83,79,0.512,4.01,162,162,159,3,3,43,1450.1,1393,705,646,183,493,50,1351,67,0,38,6153,106,4.09,1.3,8.6,1.1,3.1,8.4,2.74
SLN,2018,26.4,88,74,0.543,3.85,162,162,161,1,1,43,1455.1,1354,691,622,144,593,49,1337,67,4,63,6271,101,3.97,1.338,8.4,0.9,3.7,8.3,2.25
SLN,2019,27.8,91,71,0.562,3.8,162,162,161,1,1,52,1444,1284,662,609,191,545,41,1399,69,4,46,6068,110,4.27,1.267,8,1.2,3.4,8.7,2.57
SLN,2020,27.8,30,28,0.517,3.9,58,58,56,2,0,13,473,376,229,205,69,204,8,464,26,1,21,1989,108,4.58,1.226,7.2,1.3,3.9,8.8,2.27
SLN,2021,30.7,90,72,0.556,3.98,162,162,159,3,1,50,1417,1234,672,626,152,608,30,1225,85,4,66,6046,99,4.3,1.3,7.8,1,3.9,7.8,2.01
SLN,2022,29.7,93,69,0.574,3.79,162,162,159,3,1,37,1435.2,1335,637,605,146,489,11,1177,60,3,43,6014,101,3.94,1.27,8.4,0.9,3.1,7.4,2.41
TBA,2000,28.8,69,92,0.429,4.86,161,161,151,10,3,38,1431.1,1553,842,773,198,533,33,955,66,3,57,6283,102,4.85,1.457,9.8,1.2,3.4,6,1.7
TBA,2001,26.9,62,100,0.383,4.94,162,162,161,1,1,30,1423.2,1513,887,781,207,569,21,1030,75,7,75,6288,90,4.85,1.462,9.6,1.3,3.6,6.5,1.81
TBA,2002,26.9,55,106,0.342,5.29,161,161,149,12,1,25,1440.1,1567,918,846,215,620,24,925,94,10,62,6424,84,5.11,1.518,9.8,1.3,3.9,5.8,1.49
TBA,2003,26.5,63,99,0.389,4.93,162,162,155,7,3,30,1436.2,1454,852,787,196,639,37,877,95,9,65,6340,90,5.12,1.457,9.1,1.2,4,5.5,1.37
TBA,2004,27.6,70,91,0.435,4.81,161,161,158,3,0,35,1417,1459,842,757,192,580,35,923,93,7,55,6261,94,4.93,1.439,9.3,1.2,3.7,5.9,1.59
TBA,2005,27.2,67,95,0.414,5.39,162,162,161,1,0,43,1421.2,1570,936,851,194,615,41,949,64,5,53,6384,81,4.89,1.537,9.9,1.2,3.9,6,1.54
TBA,2006,26.8,61,101,0.377,4.96,162,162,159,3,2,33,1420.1,1600,856,782,180,606,39,979,63,8,70,6374,92,4.83,1.553,10.1,1.1,3.8,6.2,1.62
TBA,2007,26.2,66,96,0.407,5.53,162,162,160,2,1,28,1429.2,1649,944,879,199,568,31,1194,63,2,55,6403,82,4.7,1.551,10.4,1.3,3.6,7.5,2.1
TBA,2008,26.4,97,65,0.599,3.82,162,162,155,7,5,52,1457.2,1349,671,618,166,526,29,1143,46,3,52,6145,116,4.22,1.286,8.3,1,3.2,7.1,2.17
TBA,2009,27.2,84,78,0.519,4.33,162,162,159,3,3,41,1427.1,1421,754,686,183,515,22,1125,46,5,46,6146,100,4.37,1.356,9,1.2,3.2,7.1,2.18
TBA,2010,27.2,96,66,0.593,3.78,162,162,156,6,3,51,1453.2,1347,649,611,175,478,34,1189,46,9,60,6103,103,4.09,1.255,8.3,1.1,3,7.4,2.49
TBA,2011,27.1,91,71,0.562,3.58,162,162,147,15,5,32,1449,1263,614,577,161,504,38,1143,46,3,45,6010,105,4.03,1.219,7.8,1,3.1,7.1,2.27
TBA,2012,27.3,90,72,0.556,3.19,162,162,155,7,4,50,1459.2,1233,577,518,139,469,35,1383,54,4,59,6000,121,3.51,1.166,7.6,0.9,2.9,8.5,2.95
TBA,2013,28.1,92,71,0.564,3.74,163,163,154,9,3,42,1464,1315,646,608,153,482,38,1310,52,6,69,6083,103,3.71,1.227,8.1,0.9,3,8.1,2.72
TBA,2014,28,77,85,0.475,3.56,162,162,159,3,1,37,1463.2,1292,625,579,145,482,27,1437,58,3,65,6131,105,3.56,1.212,7.9,0.9,3,8.8,2.98
TBA,2015,26.4,80,82,0.494,3.74,162,162,161,1,1,60,1453.1,1314,642,604,175,477,23,1355,46,5,81,6069,105,3.91,1.232,8.1,1.1,3,8.4,2.84
TBA,2016,26.8,68,94,0.42,4.2,162,162,161,1,1,42,1426.1,1395,713,665,210,491,25,1357,32,7,61,6076,96,4.26,1.322,8.8,1.3,3.1,8.6,2.76
TBA,2017,27.5,80,82,0.494,3.97,162,162,162,0,0,53,1445,1324,704,638,193,503,37,1352,48,4,83,6099,106,4.17,1.264,8.2,1.2,3.1,8.4,2.69
TBA,2018,26.7,90,72,0.556,3.74,162,162,162,0,0,52,1448.1,1236,646,602,164,501,34,1421,53,6,55,5992,110,3.82,1.199,7.7,1,3.1,8.8,2.84
TBA,2019,27.8,96,66,0.593,3.65,162,162,162,0,0,46,1474.1,1274,656,598,181,453,27,1621,60,7,59,6086,120,3.65,1.171,7.8,1.1,2.8,9.9,3.58
TBA,2020,27.9,40,20,0.667,3.56,60,60,60,0,0,23,527.2,475,229,209,70,168,4,552,29,1,30,2212,116,3.94,1.219,8.1,1.2,2.9,9.4,3.29
TBA,2021,28.7,100,62,0.617,3.67,162,162,161,1,0,42,1455.2,1264,651,593,184,436,27,1478,55,6,64,5998,111,3.79,1.168,7.8,1.1,2.7,9.1,3.39
TBA,2022,29,86,76,0.531,3.41,162,162,162,0,0,44,1435.2,1260,614,544,172,384,15,1384,66,4,54,5930,107,3.68,1.145,7.9,1.1,2.4,8.7,3.6
TEX,2000,28.7,71,91,0.438,5.52,162,162,159,3,0,39,1429,1683,974,876,202,661,40,918,63,6,40,6559,91,5.21,1.64,10.6,1.3,4.2,5.8,1.39
TEX,2001,28.7,73,89,0.451,5.71,162,162,158,4,1,37,1438.1,1670,968,913,222,596,33,951,63,9,70,6469,82,5.11,1.575,10.4,1.4,3.7,6,1.6
TEX,2002,29.7,72,90,0.444,5.15,162,162,158,4,2,33,1439.2,1528,882,824,194,669,32,1030,76,11,84,6446,92,4.84,1.526,9.6,1.2,4.2,6.4,1.54
TEX,2003,28,71,91,0.438,5.67,162,162,158,4,2,43,1433.1,1625,969,903,208,603,45,1009,63,8,51,6413,89,4.9,1.554,10.2,1.3,3.8,6.3,1.67
TEX,2004,30.6,89,73,0.549,4.53,162,162,157,5,2,52,1439.2,1536,794,724,182,547,29,979,81,11,34,6345,111,4.64,1.447,9.6,1.1,3.4,6.1,1.79
TEX,2005,30.7,79,83,0.488,4.96,162,162,160,2,1,46,1440,1589,858,794,159,522,31,932,60,4,44,6371,93,4.37,1.466,9.9,1,3.3,5.8,1.79
TEX,2006,28,80,82,0.494,4.6,162,162,159,3,1,42,1431.1,1558,784,731,162,496,18,972,66,4,34,6237,101,4.44,1.435,9.8,1,3.1,6.1,1.96
TEX,2007,27.7,75,87,0.463,4.75,162,162,162,0,0,42,1430,1525,844,755,155,668,38,976,70,4,66,6389,96,4.83,1.534,9.6,1,4.2,6.1,1.46
TEX,2008,28,79,83,0.488,5.37,162,162,156,6,2,36,1442,1647,967,860,176,625,44,963,72,9,62,6506,83,4.83,1.576,10.3,1.1,3.9,6,1.54
TEX,2009,27.5,87,75,0.537,4.38,162,162,154,8,3,45,1434.2,1432,740,698,171,531,14,1016,70,8,45,6172,106,4.49,1.368,9,1.1,3.3,6.4,1.91
TEX,2010,27.8,90,72,0.556,3.93,162,162,155,7,0,46,1455.1,1355,687,636,162,551,24,1181,63,4,56,6213,114,4.17,1.31,8.4,1,3.4,7.3,2.14
TEX,2011,28.5,96,66,0.593,3.79,162,162,152,10,7,38,1441.1,1327,677,607,170,461,21,1179,46,6,43,6021,117,3.98,1.241,8.3,1.1,2.9,7.4,2.56
TEX,2012,28.1,93,69,0.574,3.99,162,162,155,7,2,43,1442,1378,707,639,175,446,15,1286,41,8,53,6067,109,3.9,1.265,8.6,1.1,2.8,8,2.88
TEX,2013,27.1,91,72,0.558,3.62,163,163,159,4,2,46,1463.1,1370,636,589,157,498,35,1309,48,5,68,6146,114,3.77,1.277,8.4,1,3.1,8.1,2.63
TEX,2014,27.8,67,95,0.414,4.49,162,162,156,6,4,33,1426.1,1510,773,711,160,505,43,1110,61,7,61,6195,89,4.22,1.413,9.5,1,3.2,7,2.2
TEX,2015,28.4,88,74,0.543,4.24,162,162,157,5,3,45,1442.2,1459,733,680,171,508,29,1095,63,5,51,6215,100,4.34,1.363,9.1,1.1,3.2,6.8,2.16
TEX,2016,29,95,67,0.586,4.37,162,162,161,1,0,56,1443,1441,757,700,201,534,16,1154,53,5,45,6186,104,4.58,1.369,9,1.3,3.3,7.2,2.16
TEX,2017,28.9,78,84,0.481,4.66,162,162,160,2,1,29,1434.1,1443,816,742,214,559,22,1107,74,7,63,6211,103,4.88,1.396,9.1,1.3,3.5,6.9,1.98
TEX,2018,31,67,95,0.414,4.92,162,162,161,1,0,42,1431,1516,848,783,222,491,23,1121,72,8,57,6231,97,4.79,1.403,9.5,1.4,3.1,7.1,2.28
TEX,2019,28.3,78,84,0.481,5.06,162,162,158,4,1,33,1438,1515,878,808,241,583,11,1379,70,3,68,6354,102,4.84,1.459,9.5,1.5,3.6,8.6,2.37
TEX,2020,28.9,22,38,0.367,5.02,60,60,58,2,1,10,516.2,479,312,288,81,236,3,489,30,2,21,2273,91,4.88,1.384,8.3,1.4,4.1,8.5,2.07
TEX,2021,27.8,60,102,0.37,4.79,162,162,162,0,0,31,1424.1,1402,815,758,232,513,11,1239,61,0,67,6103,93,4.76,1.344,8.9,1.5,3.2,7.8,2.42
TEX,2022,28.2,68,94,0.42,4.22,162,162,161,1,1,37,1435,1345,743,673,169,581,16,1314,71,7,66,6167,94,4.17,1.342,8.4,1.1,3.6,8.2,2.26
TOR,2000,29,83,79,0.512,5.14,162,162,147,15,3,37,1437.1,1615,908,821,195,560,19,978,64,3,37,6377,98,4.84,1.513,10.1,1.2,3.5,6.1,1.75
TOR,2001,28.1,80,82,0.494,4.28,162,162,155,7,5,41,1462.2,1553,753,696,165,490,60,1041,76,8,33,6305,107,4.25,1.397,9.6,1,3,6.4,2.12
TOR,2002,27.3,78,84,0.481,4.8,162,162,156,6,2,41,1438.1,1504,828,767,177,590,56,991,71,4,57,6338,96,4.56,1.456,9.4,1.1,3.7,6.2,1.68
TOR,2003,28.7,86,76,0.531,4.69,162,162,148,14,4,35,1435,1560,826,748,184,485,46,984,57,2,56,6270,101,4.46,1.425,9.8,1.2,3,6.2,2.03
TOR,2004,28.5,67,94,0.416,4.91,161,161,155,6,4,37,1421,1505,823,775,181,608,47,956,58,11,60,6281,98,4.77,1.487,9.5,1.1,3.9,6.1,1.57
TOR,2005,27.8,80,82,0.494,4.06,162,162,153,9,3,35,1447,1475,705,653,185,444,29,958,68,5,39,6166,110,4.42,1.326,9.2,1.2,2.8,6,2.16
TOR,2006,28,87,75,0.537,4.37,162,162,156,6,1,42,1428.1,1447,754,694,185,504,56,1076,59,13,53,6151,105,4.51,1.366,9.1,1.2,3.2,6.8,2.13
TOR,2007,27.4,83,79,0.512,4,162,162,151,11,2,44,1448.2,1383,699,644,157,479,34,1067,55,3,42,6108,112,4.28,1.285,8.6,1,3,6.6,2.23
TOR,2008,28.5,86,76,0.531,3.49,162,162,147,15,5,44,1446.2,1330,610,561,134,467,42,1184,67,4,51,6067,122,3.81,1.242,8.3,0.8,2.9,7.4,2.54
TOR,2009,28.3,75,87,0.463,4.47,162,162,152,10,4,25,1451,1509,771,720,181,551,26,1181,58,4,43,6281,100,4.35,1.42,9.4,1.1,3.4,7.3,2.14
TOR,2010,27.3,85,77,0.525,4.22,162,162,157,5,2,45,1440.2,1407,728,676,150,539,35,1184,60,3,69,6165,100,4.04,1.351,8.8,0.9,3.4,7.4,2.2
TOR,2011,26.9,81,81,0.5,4.32,162,162,155,7,3,33,1458.2,1433,761,700,179,540,28,1169,77,3,73,6286,99,4.29,1.353,8.8,1.1,3.3,7.2,2.16
TOR,2012,27.1,73,89,0.451,4.64,162,162,157,5,4,29,1443.2,1439,784,745,204,574,20,1142,55,7,56,6216,91,4.66,1.394,9,1.3,3.6,7.1,1.99
TOR,2013,31.3,74,88,0.457,4.25,162,162,158,4,2,39,1452,1451,756,685,195,500,33,1208,65,7,54,6250,97,4.3,1.344,9,1.2,3.1,7.5,2.42
TOR,2014,29.9,83,79,0.512,4,162,162,159,3,2,45,1443,1400,686,642,151,490,23,1199,57,5,43,6150,95,3.97,1.31,8.7,0.9,3.1,7.5,2.45
TOR,2015,30.1,93,69,0.574,3.8,162,162,155,7,2,34,1441,1353,670,609,173,397,20,1117,59,4,62,5984,108,4.09,1.214,8.5,1.1,2.5,7,2.81
TOR,2016,30,89,73,0.549,3.78,162,162,162,0,0,43,1459.1,1340,666,613,183,461,10,1314,59,7,50,6113,113,4.04,1.234,8.3,1.1,2.8,8.1,2.85
TOR,2017,29.1,76,86,0.469,4.42,162,162,160,2,0,45,1465,1460,784,720,203,549,25,1372,48,4,53,6316,102,4.31,1.371,9,1.2,3.4,8.4,2.5
TOR,2018,29.2,73,89,0.451,4.85,162,162,162,0,0,39,1433.2,1476,832,772,208,551,19,1298,67,5,71,6265,88,4.53,1.414,9.3,1.3,3.5,8.1,2.36
TOR,2019,27.8,67,95,0.414,4.79,162,162,161,1,0,33,1440.1,1450,828,767,228,604,25,1332,69,6,70,6313,95,4.82,1.426,9.1,1.4,3.8,8.3,2.21
TOR,2020,29.5,32,28,0.533,4.6,60,60,60,0,0,17,524.2,517,312,268,81,250,7,519,14,2,15,2309,96,4.73,1.462,8.9,1.4,4.3,8.9,2.08
TOR,2021,29,91,71,0.562,3.91,162,162,161,1,1,34,1405.1,1257,663,610,209,473,10,1468,75,4,54,5916,115,4.18,1.231,8.1,1.3,3,9.4,3.1
TOR,2022,29.4,92,70,0.568,3.87,162,162,162,0,0,46,1441.1,1356,679,620,180,424,15,1390,76,5,29,6053,101,3.85,1.235,8.5,1.1,2.6,8.7,3.28
WAS,2000,26,67,95,0.414,5.13,162,162,158,4,2,39,1424.2,1575,902,812,181,579,40,1011,60,7,55,6340,94,4.71,1.512,9.9,1.1,3.7,6.4,1.75
WAS,2001,27.2,68,94,0.42,4.68,162,162,157,5,3,28,1431.1,1509,812,745,190,525,40,1103,61,4,55,6250,95,4.46,1.421,9.5,1.2,3.3,6.9,2.1
WAS,2002,27.5,83,79,0.512,3.97,162,162,153,9,1,39,1453,1475,718,641,165,508,80,1088,46,5,51,6246,107,4.08,1.365,9.1,1,3.1,6.7,2.14
WAS,2003,26.6,83,79,0.512,4.01,162,162,147,15,2,42,1437.2,1467,716,640,181,463,51,1028,71,4,71,6171,113,4.35,1.342,9.2,1.1,2.9,6.4,2.22
WAS,2004,26.6,67,95,0.414,4.33,162,162,151,11,4,31,1447,1477,769,696,191,582,78,1032,79,2,43,6307,105,4.71,1.423,9.2,1.2,3.6,6.4,1.77
WAS,2005,29.1,81,81,0.5,3.87,162,162,158,4,1,51,1458,1456,673,627,140,539,77,997,72,8,49,6286,106,4.16,1.368,9,0.9,3.3,6.2,1.85
WAS,2006,29,71,91,0.438,5.03,162,162,161,1,1,32,1436.1,1535,872,803,193,584,93,960,92,10,47,6424,85,4.97,1.475,9.6,1.2,3.7,6,1.64
WAS,2007,27.4,73,89,0.451,4.58,162,162,162,0,0,46,1446.2,1502,783,736,187,580,44,931,42,4,52,6333,93,4.92,1.439,9.3,1.2,3.6,5.8,1.61
WAS,2008,27,59,102,0.366,4.66,161,161,159,2,0,28,1434,1496,825,742,190,588,44,1063,51,8,59,6310,93,4.71,1.453,9.4,1.2,3.7,6.7,1.81
WAS,2009,26.7,59,103,0.364,5,162,162,156,6,1,33,1424.1,1533,874,791,173,629,59,911,48,5,74,6349,85,4.82,1.518,9.7,1.1,4,5.8,1.45
WAS,2010,28.3,69,93,0.426,4.13,162,162,160,2,1,37,1435,1469,742,658,151,512,57,1068,46,7,33,6214,98,4.12,1.38,9.2,0.9,3.2,6.7,2.09
WAS,2011,27.9,80,81,0.497,3.58,161,161,158,3,2,49,1449.1,1403,643,577,129,477,43,1049,52,6,49,6141,107,3.83,1.297,8.7,0.8,3,6.5,2.2
WAS,2012,26.8,98,64,0.605,3.33,162,162,159,3,1,51,1468.1,1296,594,543,129,497,32,1325,47,4,62,6133,120,3.54,1.221,7.9,0.8,3,8.1,2.67
WAS,2013,27.5,86,76,0.531,3.59,162,162,156,6,4,47,1445.2,1367,626,576,142,405,17,1236,48,8,43,6038,106,3.56,1.226,8.5,0.9,2.5,7.7,3.05
WAS,2014,27.9,96,66,0.593,3.03,162,162,157,5,4,45,1470.2,1351,555,495,110,352,26,1288,51,2,37,6020,124,3.17,1.158,8.3,0.7,2.2,7.9,3.66
WAS,2015,28.5,83,79,0.512,3.62,162,162,158,4,3,41,1434.2,1366,635,577,145,364,37,1342,55,4,39,5975,110,3.45,1.206,8.6,0.9,2.3,8.4,3.69
WAS,2016,28.7,95,67,0.586,3.51,162,162,161,1,0,46,1459.2,1272,612,570,155,468,43,1476,57,4,47,6036,122,3.58,1.192,7.8,1,2.9,9.1,3.15
WAS,2017,29.9,97,65,0.599,3.88,162,162,159,3,1,46,1446.2,1300,672,623,189,495,39,1457,60,5,44,6068,116,3.99,1.241,8.1,1.2,3.1,9.1,2.94
WAS,2018,30.3,82,80,0.506,4.04,162,162,160,2,1,40,1446,1320,682,649,198,487,37,1417,76,6,42,6087,106,4.15,1.25,8.2,1.2,3,8.8,2.91
WAS,2019,30.8,93,69,0.574,4.27,162,162,161,1,1,40,1439.1,1340,724,683,202,517,41,1511,61,5,53,6134,106,4.14,1.29,8.4,1.3,3.2,9.4,2.92
WAS,2020,30.8,26,34,0.433,5.09,60,60,58,2,0,12,503.2,548,301,285,94,216,22,508,22,4,23,2273,89,5.02,1.517,9.8,1.7,3.9,9.1,2.35
WAS,2021,30.2,65,97,0.401,4.8,162,162,161,1,0,36,1394.1,1364,820,743,247,548,46,1346,71,1,43,6073,84,4.87,1.371,8.8,1.6,3.5,8.7,2.46
WAS,2022,29.7,55,107,0.34,5,162,162,160,2,0,28,1411.2,1469,855,785,244,558,12,1220,75,2,59,6220,79,4.98,1.436,9.4,1.6,3.6,7.8,2.19