Teams,Year,bat_avg_age,G,PA,AB,R,H,2B,3B,HR,RBI,SB,CS,BB,SO,BA,OBP,SLG,OPS,OPS+,TB,GDP,HBP,SH,SF,IBB
ANA,2000,27.7,162,6373,5628,864,1574,309,34,236,837,93,52,608,1024,0.28,0.352,0.472,0.825,105,2659,126,47,47,43,43
ANA,2001,28,162,6226,5551,691,1447,275,26,158,662,116,52,494,1001,0.261,0.327,0.405,0.732,91,2248,109,77,46,53,34
ANA,2002,28.4,162,6327,5678,851,1603,333,32,152,811,117,51,462,805,0.282,0.341,0.433,0.773,105,2456,105,74,49,64,42
ANA,2003,29.2,162,6119,5487,736,1473,276,33,150,687,129,61,476,838,0.268,0.33,0.413,0.743,97,2265,125,56,50,50,42
ANA,2004,29,162,6296,5675,836,1603,272,37,162,783,143,46,450,942,0.282,0.341,0.429,0.77,102,2435,123,73,56,41,43
ANA,2005,29.9,162,6186,5624,761,1520,278,30,147,726,161,57,447,848,0.27,0.325,0.409,0.734,96,2299,125,29,43,39,51
ANA,2006,28.9,162,6221,5609,766,1539,309,29,159,737,148,57,486,914,0.274,0.334,0.425,0.759,95,2383,126,42,31,53,49
ANA,2007,28.7,162,6198,5554,822,1578,324,23,123,776,139,55,507,883,0.284,0.345,0.417,0.762,99,2317,146,40,32,65,55
ANA,2008,29.1,162,6155,5540,765,1486,274,25,159,721,129,48,481,987,0.268,0.33,0.413,0.743,95,2287,140,52,32,50,52
ANA,2009,29.7,162,6305,5622,883,1604,293,33,173,841,148,63,547,1054,0.285,0.35,0.441,0.792,108,2482,128,41,43,52,32
ANA,2010,29.8,162,6089,5488,681,1363,276,19,155,656,104,52,466,1070,0.248,0.311,0.39,0.702,94,2142,125,52,42,37,28
ANA,2011,29,162,6088,5513,667,1394,289,34,155,629,135,52,442,1086,0.253,0.313,0.402,0.714,102,2216,126,51,50,32,33
ANA,2012,28.8,162,6121,5536,767,1518,273,22,187,732,134,33,449,1113,0.274,0.332,0.433,0.764,114,2396,138,47,47,41,29
ANA,2013,27.8,162,6260,5588,733,1476,270,39,164,696,82,34,523,1221,0.264,0.329,0.414,0.743,110,2316,150,48,37,64,40
ANA,2014,29.3,162,6285,5652,773,1464,304,31,155,729,81,39,492,1266,0.259,0.322,0.406,0.728,110,2295,112,60,26,54,42
ANA,2015,28.8,162,5990,5417,661,1331,243,21,176,621,52,34,435,1150,0.246,0.307,0.396,0.702,97,2144,116,58,37,40,34
ANA,2016,28.6,162,6041,5431,717,1410,279,20,156,686,73,34,471,991,0.26,0.322,0.405,0.726,100,2197,147,51,36,49,21
ANA,2017,30,162,6073,5415,710,1314,251,14,186,678,136,44,523,1198,0.243,0.315,0.397,0.712,92,2151,141,70,17,46,30
ANA,2018,29.6,162,6108,5472,721,1323,249,23,214,690,89,22,514,1300,0.242,0.313,0.413,0.726,99,2260,111,73,7,39,38
ANA,2019,28.9,162,6251,5542,769,1368,268,21,220,734,65,20,586,1276,0.247,0.324,0.422,0.746,96,2338,143,67,4,42,29
ANA,2020,28.6,60,2308,2020,294,501,97,8,85,285,21,8,239,490,0.248,0.332,0.43,0.763,107,869,49,25,6,18,8
ANA,2021,29.2,162,6019,5437,723,1331,265,23,190,691,79,26,464,1394,0.245,0.31,0.407,0.717,93,2212,107,59,30,25,35
ANA,2022,28,162,5977,5423,623,1265,219,31,190,600,77,27,449,1539,0.233,0.297,0.39,0.687,94,2116,95,54,25,25,28
ARI,2000,31,162,6241,5527,792,1466,282,44,179,756,97,44,535,975,0.265,0.333,0.429,0.763,88,2373,114,59,61,58,37
ARI,2001,32.3,162,6349,5595,818,1494,284,35,208,776,71,38,587,1052,0.267,0.341,0.442,0.783,94,2472,105,57,71,36,73
ARI,2002,31.8,162,6318,5508,819,1471,283,41,165,783,92,46,643,1016,0.267,0.346,0.423,0.769,93,2331,130,50,62,53,58
ARI,2003,30.8,162,6261,5570,717,1467,303,47,152,696,76,38,531,1006,0.263,0.33,0.417,0.746,87,2320,126,45,63,52,63
ARI,2004,29,162,6114,5544,615,1401,295,38,135,582,53,32,441,1022,0.253,0.31,0.393,0.703,77,2177,137,35,56,37,38
ARI,2005,30.7,162,6327,5550,696,1419,291,27,191,670,67,26,606,1094,0.256,0.332,0.421,0.754,94,2337,132,55,71,45,51
ARI,2006,29.8,162,6330,5645,773,1506,331,38,160,743,76,30,504,965,0.267,0.331,0.424,0.755,89,2393,136,67,61,53,47
ARI,2007,26.6,162,6101,5398,712,1350,286,40,171,687,109,24,532,1111,0.25,0.321,0.413,0.734,83,2229,121,57,55,58,38
ARI,2008,26.7,162,6156,5409,720,1355,318,47,159,683,58,23,587,1287,0.251,0.327,0.415,0.742,88,2244,105,49,68,43,49
ARI,2009,26.4,162,6269,5565,720,1408,307,45,173,686,102,40,571,1298,0.253,0.324,0.418,0.742,91,2324,93,37,54,41,47
ARI,2010,26.7,162,6183,5473,713,1366,301,34,180,691,86,41,589,1529,0.25,0.325,0.416,0.74,94,2275,113,39,41,41,45
ARI,2011,28.3,162,6096,5421,731,1357,293,37,172,702,133,55,531,1249,0.25,0.322,0.413,0.736,99,2240,82,61,50,33,55
ARI,2012,28.3,162,6150,5462,734,1416,307,33,165,710,93,51,539,1266,0.259,0.328,0.418,0.746,99,2284,108,41,61,45,47
ARI,2013,28,162,6334,5676,685,1468,302,31,130,647,62,41,519,1142,0.259,0.323,0.391,0.715,96,2222,160,43,50,43,51
ARI,2014,27.6,162,6089,5552,615,1379,259,47,118,573,86,33,398,1165,0.248,0.302,0.376,0.678,88,2086,115,43,56,36,31
ARI,2015,26.5,162,6276,5649,720,1494,289,48,154,680,132,44,490,1312,0.264,0.324,0.414,0.738,97,2341,134,33,46,57,40
ARI,2016,26.8,162,6260,5665,752,1479,285,56,190,709,137,31,463,1427,0.261,0.32,0.432,0.752,93,2446,117,50,43,38,43
ARI,2017,28.3,162,6224,5525,812,1405,314,39,220,776,103,30,578,1456,0.254,0.329,0.445,0.774,94,2457,106,54,39,27,44
ARI,2018,29.2,162,6157,5460,693,1283,259,50,176,658,79,25,560,1460,0.235,0.31,0.397,0.707,86,2170,110,52,38,45,36
ARI,2019,28.8,162,6315,5633,813,1419,288,40,220,778,88,14,540,1360,0.252,0.323,0.434,0.757,94,2447,120,70,31,40,36
ARI,2020,29.2,60,2238,1997,269,482,101,12,58,255,23,7,181,461,0.241,0.312,0.391,0.704,90,781,37,36,1,23,5
ARI,2021,29,162,6144,5489,679,1297,308,31,144,644,43,16,537,1465,0.236,0.309,0.382,0.692,87,2099,99,54,32,28,24
ARI,2022,26.6,162,6213,5351,702,1232,262,24,173,658,104,29,531,1341,0.23,0.304,0.385,0.689,95,2061,97,60,31,50,14
ATL,2000,30.7,162,6275,5489,810,1490,274,26,179,758,148,56,595,1010,0.271,0.346,0.429,0.775,95,2353,127,59,87,45,38
ATL,2001,30.3,162,6152,5498,729,1432,263,24,174,696,85,46,493,1039,0.26,0.324,0.412,0.736,87,2265,132,45,64,52,51
ATL,2002,30.5,161,6224,5495,708,1428,280,25,164,669,76,39,558,1028,0.26,0.331,0.409,0.741,93,2250,147,54,67,49,68
ATL,2003,30.2,162,6378,5670,907,1608,321,31,235,872,68,22,545,933,0.284,0.349,0.475,0.824,112,2696,124,49,65,49,46
ATL,2004,28.9,162,6339,5570,803,1503,304,37,178,767,86,32,587,1158,0.27,0.343,0.434,0.777,99,2415,123,59,75,48,51
ATL,2005,28.2,162,6186,5486,769,1453,308,37,184,733,92,32,534,1084,0.265,0.333,0.435,0.768,99,2387,146,45,75,46,56
ATL,2006,27.5,162,6284,5583,849,1510,312,26,222,818,52,35,526,1169,0.27,0.337,0.455,0.791,101,2540,131,52,78,44,48
ATL,2007,27.7,162,6374,5689,810,1562,328,27,176,781,64,30,534,1149,0.275,0.339,0.435,0.774,101,2472,137,49,55,47,43
ATL,2008,27.1,162,6368,5604,753,1514,316,33,130,721,58,27,618,1023,0.27,0.345,0.408,0.753,99,2286,143,42,69,34,56
ATL,2009,28.9,162,6335,5539,735,1459,300,20,149,700,58,26,602,1064,0.263,0.339,0.405,0.744,97,2246,142,52,95,47,54
ATL,2010,28.6,162,6252,5463,738,1411,312,25,139,699,63,29,634,1140,0.258,0.339,0.401,0.74,101,2190,136,51,69,35,50
ATL,2011,29,162,6169,5528,641,1345,244,16,173,606,77,44,504,1260,0.243,0.308,0.387,0.695,90,2140,113,28,75,30,45
ATL,2012,28.5,162,6126,5425,700,1341,263,30,149,660,101,32,567,1289,0.247,0.32,0.389,0.709,90,2111,108,34,53,46,37
ATL,2013,26.8,162,6133,5441,688,1354,247,21,181,656,64,31,542,1384,0.249,0.321,0.402,0.723,99,2186,119,55,58,35,36
ATL,2014,26.8,162,6064,5468,573,1316,240,22,123,545,95,33,472,1369,0.241,0.305,0.36,0.665,88,1969,121,43,53,27,31
ATL,2015,28.9,162,6034,5420,573,1361,251,18,100,548,69,33,471,1107,0.251,0.314,0.359,0.674,87,1948,148,44,67,31,39
ATL,2016,29,161,6192,5514,649,1404,295,27,122,615,75,34,502,1240,0.255,0.321,0.384,0.705,89,2119,145,59,64,52,60
ATL,2017,28.7,162,6216,5584,732,1467,289,26,165,706,77,31,474,1184,0.263,0.326,0.412,0.738,92,2303,137,66,59,32,57
ATL,2018,27.3,162,6251,5582,759,1433,314,29,175,717,90,36,511,1290,0.257,0.324,0.417,0.742,98,2330,99,66,49,43,53
ATL,2019,27.9,162,6302,5560,855,1432,277,29,249,824,89,28,619,1467,0.258,0.336,0.452,0.789,98,2514,104,60,25,35,39
ATL,2020,28.2,60,2344,2074,348,556,130,3,103,338,23,4,239,573,0.268,0.349,0.483,0.832,117,1001,39,23,1,7,13
ATL,2021,28,161,6056,5363,790,1307,269,20,239,762,59,19,549,1453,0.244,0.319,0.435,0.754,98,2333,81,67,32,43,36
ATL,2022,27.5,162,6082,5509,789,1394,298,11,243,753,87,31,470,1498,0.253,0.317,0.443,0.761,111,2443,103,66,1,36,13
BAL,2000,32.3,162,6238,5549,794,1508,310,22,184,750,126,65,558,900,0.272,0.341,0.435,0.776,100,2414,148,49,27,54,34
BAL,2001,30.4,162,6151,5472,687,1359,262,24,136,663,133,53,514,989,0.248,0.319,0.38,0.699,88,2077,121,77,38,49,26
BAL,2002,29.3,162,6096,5491,667,1353,311,27,165,636,110,48,452,993,0.246,0.309,0.403,0.712,92,2213,128,64,40,49,25
BAL,2003,29.4,163,6241,5665,743,1516,277,24,152,695,89,36,431,902,0.268,0.323,0.405,0.729,92,2297,123,54,51,40,32
BAL,2004,30.6,162,6431,5736,842,1614,319,18,169,803,101,41,528,949,0.281,0.345,0.432,0.776,103,2476,126,57,46,62,34
BAL,2005,31.6,162,6135,5551,729,1492,296,27,189,700,83,37,447,902,0.269,0.327,0.434,0.761,102,2409,145,54,40,42,31
BAL,2006,30.5,162,6240,5610,768,1556,288,20,164,727,121,32,474,878,0.277,0.339,0.424,0.763,97,2376,145,73,40,41,35
BAL,2007,30.5,162,6264,5631,756,1529,306,30,142,718,144,42,500,939,0.272,0.333,0.412,0.746,95,2321,139,47,38,47,31
BAL,2008,30.2,161,6211,5559,782,1486,322,30,172,750,81,37,533,990,0.267,0.333,0.429,0.762,100,2384,111,42,27,48,37
BAL,2009,28.8,162,6233,5618,741,1508,307,19,160,708,76,37,517,1013,0.268,0.332,0.415,0.747,95,2333,131,39,13,46,25
BAL,2010,28.7,162,6109,5554,613,1440,264,21,133,577,76,34,424,1056,0.259,0.316,0.386,0.702,92,2145,154,54,31,45,32
BAL,2011,28.4,162,6156,5585,708,1434,273,13,191,684,81,25,452,1120,0.257,0.316,0.413,0.729,97,2306,154,52,24,43,24
BAL,2012,28,162,6160,5560,712,1375,270,16,214,677,58,29,480,1315,0.247,0.311,0.417,0.728,97,2319,152,50,38,30,24
BAL,2013,27.8,162,6144,5620,745,1460,298,14,212,719,79,29,416,1125,0.26,0.313,0.431,0.744,101,2422,105,36,27,45,36
BAL,2014,28.4,162,6130,5596,705,1434,264,16,211,681,44,20,401,1285,0.256,0.311,0.422,0.734,104,2363,112,62,35,36,29
BAL,2015,27.9,162,6007,5485,713,1370,246,20,217,686,44,25,418,1331,0.25,0.307,0.421,0.728,97,2307,127,51,20,32,23
BAL,2016,28.5,162,6089,5524,744,1413,265,6,253,710,19,13,468,1324,0.256,0.317,0.443,0.76,101,2449,119,44,17,36,19
BAL,2017,28.6,162,6140,5650,743,1469,269,12,232,713,32,13,392,1412,0.26,0.312,0.435,0.747,100,2458,138,50,10,37,12
BAL,2018,28.5,162,6034,5507,622,1317,242,15,188,593,81,22,422,1412,0.239,0.298,0.391,0.689,89,2153,132,57,13,35,19
BAL,2019,26.5,162,6189,5596,729,1379,252,25,213,698,84,30,462,1435,0.246,0.31,0.415,0.725,90,2320,111,71,22,37,8
BAL,2020,26.3,60,2242,2026,274,523,102,7,77,264,19,14,164,514,0.258,0.321,0.429,0.75,102,870,32,27,15,10,5
BAL,2021,26.8,162,5983,5420,659,1296,266,15,195,632,54,23,451,1454,0.239,0.304,0.402,0.705,92,2177,105,65,14,31,12
BAL,2022,27.1,162,6049,5429,674,1281,275,25,171,639,95,31,476,1390,0.236,0.305,0.39,0.695,97,2119,95,83,12,43,10
BOS,2000,29.4,162,6371,5630,792,1503,316,32,167,755,43,30,611,1019,0.267,0.341,0.423,0.764,90,2384,115,42,40,48,40
BOS,2001,30,161,6264,5605,772,1493,316,29,198,739,46,35,520,1131,0.266,0.334,0.439,0.773,101,2461,132,70,28,41,50
BOS,2002,30,162,6332,5640,859,1560,348,33,177,810,80,28,545,944,0.277,0.345,0.444,0.789,106,2505,139,72,22,53,39
BOS,2003,29.8,162,6530,5769,961,1667,371,40,238,932,88,35,620,943,0.289,0.36,0.491,0.851,118,2832,126,53,24,64,61
BOS,2004,30.5,162,6515,5720,949,1613,373,25,222,912,68,30,659,1189,0.282,0.36,0.472,0.832,110,2702,123,69,12,55,39
BOS,2005,31.4,162,6403,5626,910,1579,339,21,199,863,45,12,653,1044,0.281,0.357,0.454,0.811,111,2557,135,47,14,63,34
BOS,2006,30.5,162,6435,5619,820,1510,327,16,192,777,51,23,672,1056,0.269,0.351,0.435,0.786,98,2445,136,66,22,56,56
BOS,2007,30.2,162,6426,5589,867,1561,352,35,166,829,96,24,689,1042,0.279,0.362,0.444,0.806,107,2481,146,64,30,54,54
BOS,2008,29.9,162,6402,5596,845,1565,353,33,173,807,120,35,646,1068,0.28,0.358,0.447,0.805,107,2503,147,70,28,62,49
BOS,2009,30.1,162,6344,5543,872,1495,335,25,212,822,126,39,659,1120,0.27,0.352,0.454,0.806,106,2516,137,70,19,51,39
BOS,2010,31.1,162,6356,5646,818,1511,358,22,211,782,68,17,587,1140,0.268,0.339,0.451,0.79,109,2546,130,47,29,46,43
BOS,2011,30.2,162,6414,5710,875,1600,352,35,203,842,102,42,578,1108,0.28,0.349,0.461,0.81,116,2631,136,50,22,50,52
BOS,2012,29.5,162,6166,5604,734,1459,339,16,165,695,97,31,428,1197,0.26,0.315,0.415,0.73,96,2325,105,45,34,55,27
BOS,2013,29.8,162,6382,5651,853,1566,363,29,178,819,123,19,581,1308,0.277,0.349,0.446,0.795,116,2521,137,72,24,50,51
BOS,2014,29.2,162,6226,5551,634,1355,282,20,123,601,63,25,535,1337,0.244,0.316,0.369,0.684,91,2046,138,68,20,52,36
BOS,2015,28.3,162,6237,5640,748,1495,294,33,161,706,71,27,478,1148,0.265,0.325,0.415,0.74,97,2338,127,46,30,42,28
BOS,2016,28.6,162,6320,5670,878,1598,343,25,208,836,83,24,558,1160,0.282,0.348,0.461,0.81,112,2615,137,43,8,40,34
BOS,2017,27.3,162,6338,5669,785,1461,302,19,168,735,106,31,571,1224,0.258,0.329,0.407,0.736,92,2305,141,53,9,36,48
BOS,2018,27.8,162,6302,5623,876,1509,355,31,208,829,125,31,569,1253,0.268,0.339,0.453,0.792,112,2550,130,55,7,48,38
BOS,2019,27.3,162,6475,5770,901,1554,345,27,245,857,68,30,590,1382,0.269,0.34,0.466,0.806,106,2688,127,49,20,44,36
BOS,2020,27.1,60,2304,2083,292,552,118,7,81,278,31,9,187,545,0.265,0.33,0.445,0.775,104,927,51,21,4,9,8
BOS,2021,28.1,162,6122,5495,829,1434,330,23,219,783,40,21,512,1386,0.261,0.328,0.449,0.777,106,2467,100,61,10,42,22
BOS,2022,28.8,162,6144,5539,735,1427,352,12,155,704,52,20,478,1373,0.258,0.321,0.409,0.731,102,2268,131,63,12,50,23
CHA,2000,27.7,162,6410,5646,978,1615,325,33,216,926,119,42,591,960,0.286,0.356,0.47,0.826,106,2654,140,53,55,61,28
CHA,2001,28.6,162,6151,5464,798,1463,300,29,214,770,123,59,520,998,0.268,0.334,0.451,0.785,102,2463,128,52,63,51,31
CHA,2002,29,162,6208,5502,856,1475,289,29,217,819,75,31,555,952,0.268,0.338,0.449,0.787,107,2473,111,49,48,53,17
CHA,2003,29.5,162,6148,5487,791,1445,303,19,220,766,77,29,519,916,0.263,0.331,0.446,0.777,102,2446,132,58,43,41,27
CHA,2004,28.7,162,6197,5534,865,1481,284,19,242,823,78,51,499,1030,0.268,0.333,0.457,0.79,102,2529,119,63,58,42,25
CHA,2005,29.4,162,6146,5529,741,1450,253,23,200,713,137,67,435,1002,0.262,0.322,0.425,0.747,95,2349,122,79,53,49,27
CHA,2006,29.9,162,6318,5657,868,1586,291,20,236,839,93,48,502,1056,0.28,0.342,0.464,0.806,103,2625,118,58,44,57,33
CHA,2007,29.9,162,6103,5441,693,1341,249,20,190,667,78,45,532,1149,0.246,0.318,0.404,0.722,86,2200,138,52,41,35,33
CHA,2008,30.7,163,6231,5553,811,1458,296,13,235,785,67,34,540,1016,0.263,0.332,0.448,0.78,102,2485,157,63,28,47,33
CHA,2009,29.9,162,6132,5463,724,1410,246,20,184,695,113,49,534,1022,0.258,0.329,0.411,0.74,90,2248,139,62,34,39,25
CHA,2010,30.8,162,6118,5484,752,1467,263,21,177,710,160,74,467,922,0.268,0.332,0.42,0.752,102,2303,148,79,50,38,23
CHA,2011,30.1,162,6159,5502,654,1387,252,16,154,625,81,53,475,989,0.252,0.319,0.388,0.706,89,2133,125,84,52,46,31
CHA,2012,30.1,162,6111,5518,748,1409,228,29,211,726,109,43,461,1203,0.255,0.318,0.422,0.74,98,2328,112,65,31,36,24
CHA,2013,29.4,162,6077,5563,598,1385,237,19,148,574,105,42,411,1207,0.249,0.302,0.378,0.68,84,2104,124,34,19,48,23
CHA,2014,27.8,162,6077,5543,660,1400,279,32,155,625,85,36,417,1362,0.253,0.31,0.398,0.708,102,2208,127,60,19,38,33
CHA,2015,28.2,162,6070,5533,622,1381,260,27,136,595,68,42,404,1231,0.25,0.306,0.38,0.686,92,2103,125,65,30,37,22
CHA,2016,28.4,162,6131,5550,686,1428,277,33,168,656,77,36,455,1285,0.257,0.317,0.41,0.727,99,2275,122,53,29,44,16
CHA,2017,26.8,162,6059,5513,706,1412,256,37,186,670,71,31,401,1397,0.256,0.314,0.417,0.731,96,2300,124,76,35,33,17
CHA,2018,26.5,162,6071,5523,656,1332,259,40,182,639,98,41,425,1594,0.241,0.302,0.401,0.703,93,2217,99,66,24,32,18
CHA,2019,27.7,161,6042,5529,708,1443,260,20,182,676,63,28,378,1549,0.261,0.314,0.414,0.728,93,2289,114,66,36,32,13
CHA,2020,27.7,60,2267,2047,306,534,94,6,96,294,20,8,179,571,0.261,0.326,0.453,0.779,112,928,44,24,1,13,1
CHA,2021,28.2,162,6084,5357,796,1373,275,22,190,757,57,20,586,1389,0.256,0.336,0.422,0.758,106,2262,139,78,24,39,10
CHA,2022,29.4,162,6123,5611,686,1435,272,9,149,654,58,10,388,1269,0.256,0.31,0.387,0.698,97,2172,127,73,16,35,9
CHN,2000,31.1,162,6397,5577,764,1426,272,23,183,722,93,37,632,1120,0.256,0.335,0.411,0.746,90,2293,114,54,89,45,50
CHN,2001,31,162,6219,5406,777,1409,268,32,194,748,67,36,577,1077,0.261,0.336,0.43,0.766,101,2323,132,66,117,53,72
CHN,2002,30.3,162,6242,5496,706,1351,259,29,200,676,63,21,585,1269,0.246,0.321,0.413,0.734,94,2268,117,44,78,39,52
CHN,2003,31.3,162,6187,5519,724,1431,302,24,172,691,73,31,492,1158,0.259,0.323,0.416,0.739,91,2297,135,50,80,46,40
CHN,2004,30.2,162,6281,5628,789,1508,308,29,235,755,66,28,489,1080,0.268,0.328,0.458,0.786,99,2579,120,38,78,48,46
CHN,2005,29.9,162,6161,5584,703,1506,323,23,194,674,65,39,419,920,0.27,0.324,0.44,0.764,95,2457,131,50,69,37,49
CHN,2006,28.7,162,6147,5587,716,1496,271,46,166,677,121,49,395,928,0.268,0.319,0.422,0.741,86,2357,135,43,84,37,24
CHN,2007,29.5,162,6268,5643,752,1530,340,28,151,711,86,33,500,1054,0.271,0.333,0.422,0.754,90,2379,127,40,48,37,48
CHN,2008,30.2,161,6384,5588,855,1552,329,21,184,811,87,34,636,1186,0.278,0.354,0.443,0.797,103,2475,134,50,65,45,48
CHN,2009,30.2,161,6244,5486,707,1398,293,29,161,678,56,34,592,1185,0.255,0.332,0.407,0.738,89,2232,134,59,65,42,44
CHN,2010,29.6,162,6140,5512,685,1414,298,27,149,658,55,31,479,1236,0.257,0.32,0.401,0.721,90,2213,124,50,60,38,32
CHN,2011,29.5,162,6130,5549,654,1423,285,36,148,610,69,23,425,1202,0.256,0.314,0.401,0.715,95,2224,123,59,60,35,35
CHN,2012,27.8,162,5967,5411,613,1297,265,36,137,570,94,45,447,1235,0.24,0.302,0.378,0.68,83,2045,125,43,42,24,29
CHN,2013,27.8,162,6079,5498,602,1307,297,18,172,576,63,32,439,1230,0.238,0.3,0.392,0.693,89,2156,120,67,43,30,28
CHN,2014,26.7,162,6102,5508,614,1315,270,31,157,590,65,40,442,1477,0.239,0.3,0.385,0.684,89,2118,94,54,57,41,29
CHN,2015,26.7,162,6200,5491,689,1341,272,30,171,657,95,37,567,1518,0.244,0.321,0.398,0.719,98,2186,101,74,32,35,47
CHN,2016,27.4,162,6335,5503,808,1409,293,30,199,767,66,34,656,1339,0.256,0.343,0.429,0.772,104,2359,107,96,42,37,45
CHN,2017,26.9,162,6283,5496,822,1402,274,29,223,785,62,31,622,1401,0.255,0.338,0.437,0.775,99,2403,134,82,48,32,54
CHN,2018,27.1,163,6369,5624,761,1453,286,34,167,722,66,38,576,1388,0.258,0.333,0.41,0.744,97,2308,107,78,40,46,67
CHN,2019,27.6,162,6195,5461,814,1378,270,26,256,783,45,24,581,1460,0.252,0.331,0.452,0.783,102,2468,127,83,30,39,33
CHN,2020,27.9,60,2214,1918,265,422,82,8,74,248,24,10,229,568,0.22,0.318,0.387,0.705,90,742,42,52,1,13,9
CHN,2021,29.1,162,5972,5306,705,1255,225,26,210,672,86,37,502,1596,0.237,0.312,0.407,0.719,93,2162,133,92,40,30,17
CHN,2022,28,162,6072,5425,657,1293,265,31,159,620,111,37,507,1448,0.238,0.311,0.387,0.698,96,2097,130,84,19,36,16
CIN,2000,29.4,163,6373,5635,825,1545,302,36,200,794,100,38,559,995,0.274,0.343,0.447,0.79,96,2519,137,64,56,58,60
CIN,2001,28.1,162,6222,5583,735,1464,304,22,176,690,103,54,468,1172,0.262,0.324,0.419,0.744,87,2340,130,65,66,40,47
CIN,2002,27.8,162,6254,5470,709,1386,297,21,169,678,116,52,583,1188,0.253,0.33,0.408,0.738,91,2232,119,66,95,40,66
CIN,2003,27.3,162,6211,5509,694,1349,239,21,182,669,80,34,524,1326,0.245,0.318,0.395,0.713,89,2176,102,79,66,32,34
CIN,2004,28.4,162,6278,5518,750,1380,287,28,194,713,77,25,599,1335,0.25,0.331,0.418,0.749,95,2305,125,81,55,25,38
CIN,2005,28.6,163,6321,5565,820,1453,335,15,222,784,72,23,611,1303,0.261,0.339,0.446,0.785,104,2484,116,62,43,39,42
CIN,2006,29.5,162,6296,5515,749,1419,291,12,217,718,124,33,614,1192,0.257,0.336,0.432,0.768,93,2385,122,59,66,38,52
CIN,2007,29.7,162,6332,5607,783,1496,293,23,204,747,97,31,536,1113,0.267,0.335,0.436,0.772,95,2447,140,66,73,46,51
CIN,2008,28.5,162,6188,5465,704,1351,269,24,187,677,85,47,560,1125,0.247,0.321,0.408,0.729,89,2229,101,50,72,41,50
CIN,2009,27.8,162,6187,5462,673,1349,280,25,158,637,96,40,531,1129,0.247,0.318,0.394,0.712,87,2153,103,53,100,41,37
CIN,2010,29,162,6285,5579,790,1515,293,30,188,761,93,43,522,1218,0.272,0.338,0.436,0.774,106,2432,113,68,66,50,34
CIN,2011,28.7,162,6329,5612,735,1438,264,19,183,697,97,50,535,1250,0.256,0.326,0.408,0.734,98,2289,98,63,78,40,52
CIN,2012,28.9,162,6115,5477,669,1377,296,30,172,636,87,27,481,1266,0.251,0.315,0.411,0.726,93,2249,100,47,73,37,54
CIN,2013,28.7,162,6293,5499,698,1370,274,20,155,664,67,35,585,1245,0.249,0.327,0.391,0.718,98,2149,129,76,85,46,65
CIN,2014,29.1,162,5978,5395,595,1282,254,20,131,562,122,52,415,1252,0.238,0.296,0.365,0.661,85,1969,88,52,76,37,22
CIN,2015,29.6,162,6196,5571,640,1382,257,27,167,613,134,38,496,1255,0.248,0.312,0.394,0.706,92,2194,112,42,47,40,38
CIN,2016,27.9,162,6094,5487,716,1403,277,33,164,678,139,51,452,1284,0.256,0.316,0.408,0.724,91,2238,129,52,58,44,37
CIN,2017,27.3,162,6213,5484,753,1390,249,38,219,715,120,39,565,1329,0.253,0.329,0.433,0.761,97,2372,116,72,50,42,41
CIN,2018,27.3,162,6240,5532,696,1404,251,25,172,665,77,33,559,1376,0.254,0.328,0.401,0.729,95,2221,128,65,49,35,35
CIN,2019,27.9,162,6100,5450,701,1328,235,27,227,679,80,38,492,1436,0.244,0.315,0.422,0.736,85,2298,111,89,30,33,25
CIN,2020,29.3,60,2123,1842,243,390,76,3,90,237,29,9,239,534,0.212,0.312,0.403,0.715,85,742,44,33,0,7,4
CIN,2021,28.9,162,6162,5423,786,1352,295,13,222,756,36,24,553,1425,0.249,0.328,0.431,0.759,95,2339,129,105,35,45,22
CIN,2022,29.5,162,5978,5380,648,1264,235,18,156,618,58,33,452,1430,0.235,0.304,0.372,0.676,83,2003,127,92,12,33,6
CLE,2000,30.3,162,6512,5683,950,1639,310,30,221,889,113,34,685,1057,0.288,0.367,0.47,0.837,110,2672,134,51,41,52,27
CLE,2001,31.3,162,6357,5600,897,1559,294,37,212,868,79,41,577,1076,0.278,0.35,0.458,0.807,111,2563,126,69,49,62,32
CLE,2002,30.5,162,6099,5423,739,1349,255,26,192,706,52,37,542,1000,0.249,0.321,0.412,0.733,96,2232,149,56,39,39,35
CLE,2003,27.1,162,6188,5572,699,1413,296,26,158,660,86,61,466,1062,0.254,0.316,0.401,0.717,92,2235,128,62,46,41,25
CLE,2004,28.7,162,6452,5676,858,1565,345,29,184,820,94,55,606,1009,0.276,0.351,0.444,0.795,111,2520,143,78,47,42,41
CLE,2005,27.5,162,6255,5609,790,1522,337,30,207,760,62,36,503,1093,0.271,0.334,0.453,0.787,111,2540,128,54,39,50,33
CLE,2006,27.8,162,6303,5619,870,1576,351,27,196,839,55,23,556,1204,0.28,0.349,0.457,0.806,108,2569,127,54,30,43,42
CLE,2007,28.1,162,6367,5604,811,1504,305,27,178,784,72,41,590,1202,0.268,0.343,0.428,0.771,102,2397,114,80,32,59,56
CLE,2008,27.6,162,6299,5543,805,1455,339,22,171,772,77,29,560,1213,0.262,0.339,0.424,0.763,103,2351,123,103,43,49,44
CLE,2009,27.4,162,6320,5568,773,1468,314,28,161,730,84,31,582,1211,0.264,0.339,0.417,0.756,102,2321,140,81,39,50,20
CLE,2010,27.3,162,6165,5487,646,1362,290,20,128,601,91,33,545,1184,0.248,0.322,0.378,0.7,96,2076,118,64,36,33,34
CLE,2011,27.9,162,6142,5509,704,1380,290,26,154,671,89,42,494,1269,0.25,0.317,0.396,0.714,100,2184,111,65,31,43,30
CLE,2012,27.9,162,6195,5525,667,1385,266,24,136,635,110,44,555,1087,0.251,0.324,0.381,0.705,99,2107,141,59,17,39,28
CLE,2013,28.7,162,6165,5465,745,1391,290,23,171,711,117,36,562,1283,0.255,0.327,0.41,0.737,107,2240,106,51,31,56,19
CLE,2014,28.6,162,6222,5575,669,1411,284,23,142,644,104,27,504,1189,0.253,0.317,0.389,0.706,97,2167,126,42,51,49,24
CLE,2015,28,161,6109,5439,669,1395,303,29,141,640,86,28,533,1157,0.256,0.325,0.401,0.725,93,2179,134,39,47,50,34
CLE,2016,29,161,6155,5484,777,1435,308,29,185,733,134,31,531,1246,0.262,0.329,0.43,0.759,96,2356,137,49,31,60,16
CLE,2017,28.2,162,6234,5511,818,1449,333,29,212,780,88,23,604,1153,0.263,0.339,0.449,0.788,104,2476,125,50,23,45,30
CLE,2018,29.4,162,6300,5595,818,1447,297,19,216,786,135,36,554,1189,0.259,0.332,0.434,0.766,106,2430,98,80,25,44,32
CLE,2019,27.9,162,6124,5425,769,1354,286,18,223,731,103,35,563,1332,0.25,0.323,0.432,0.756,95,2345,110,50,40,46,30
CLE,2020,28.1,60,2247,1959,248,446,96,5,59,234,25,10,239,517,0.228,0.317,0.372,0.689,88,729,40,24,7,16,4
CLE,2021,26.8,162,5907,5332,717,1269,248,22,203,686,109,17,453,1387,0.238,0.303,0.407,0.71,94,2170,105,64,20,36,18
CLE,2022,26,162,6290,5558,698,1410,273,31,127,662,119,27,450,1122,0.254,0.316,0.383,0.699,102,2126,119,81,22,52,36
COL,2000,29.3,162,6453,5660,968,1664,320,53,161,905,131,61,601,907,0.294,0.362,0.455,0.816,87,2573,126,42,75,75,64
COL,2001,28.3,162,6394,5690,923,1663,324,61,213,874,132,54,511,1027,0.292,0.354,0.483,0.837,97,2748,116,61,81,50,50
COL,2002,28.7,162,6165,5512,778,1508,283,41,152,726,103,53,497,1043,0.274,0.337,0.423,0.76,88,2329,133,56,49,50,40
COL,2003,29.6,162,6283,5518,853,1472,330,31,198,814,63,37,619,1134,0.267,0.344,0.445,0.79,93,2458,140,52,55,38,46
COL,2004,30.5,162,6333,5577,833,1531,331,34,202,795,44,33,568,1181,0.275,0.345,0.455,0.8,95,2536,132,54,97,37,51
COL,2005,27.2,162,6238,5542,740,1477,280,34,150,704,65,32,509,1103,0.267,0.333,0.411,0.744,85,2275,125,64,88,34,36
COL,2006,27.7,162,6348,5562,813,1504,325,54,157,761,85,50,561,1108,0.27,0.341,0.433,0.774,90,2408,119,60,119,45,64
COL,2007,27.9,163,6498,5691,860,1591,313,36,171,823,100,31,622,1152,0.28,0.354,0.437,0.791,98,2489,140,58,83,44,51
COL,2008,27.5,162,6312,5557,747,1462,310,28,160,714,141,37,570,1209,0.263,0.336,0.415,0.751,89,2308,119,57,90,38,36
COL,2009,27.8,162,6241,5398,804,1408,300,50,190,760,106,55,660,1277,0.261,0.343,0.441,0.784,96,2378,111,47,76,60,40
COL,2010,28.8,162,6265,5530,770,1452,270,54,173,741,99,42,585,1274,0.263,0.336,0.425,0.76,92,2349,103,47,56,47,53
COL,2011,28.6,162,6275,5544,735,1429,274,40,163,697,118,42,555,1201,0.258,0.329,0.41,0.739,88,2272,112,57,75,44,54
COL,2012,28.1,162,6183,5577,758,1526,306,52,166,716,100,40,450,1213,0.274,0.33,0.436,0.766,93,2434,132,36,74,39,34
COL,2013,27.7,162,6152,5599,706,1511,283,36,159,673,112,32,427,1204,0.27,0.323,0.418,0.741,91,2343,111,26,65,35,26
COL,2014,27.3,162,6164,5612,755,1551,307,41,186,721,85,48,397,1281,0.276,0.327,0.445,0.772,102,2498,121,48,59,48,39
COL,2015,27.9,162,6071,5572,737,1479,274,49,186,702,97,43,388,1283,0.265,0.315,0.432,0.748,89,2409,114,33,44,34,47
COL,2016,27.8,162,6236,5614,845,1544,318,47,204,805,66,39,494,1330,0.275,0.336,0.457,0.794,97,2568,113,40,54,34,35
COL,2017,28.4,162,6201,5534,824,1510,293,38,192,793,59,34,519,1408,0.273,0.338,0.444,0.781,90,2455,143,44,62,41,46
COL,2018,28.8,163,6178,5541,780,1418,280,42,210,748,95,33,507,1397,0.256,0.322,0.435,0.757,90,2412,114,51,42,37,38
COL,2019,28.2,162,6288,5660,835,1502,323,41,224,803,71,31,489,1503,0.265,0.326,0.456,0.782,89,2579,111,43,51,43,25
COL,2020,28.7,60,2257,2057,275,528,84,16,63,264,42,9,161,543,0.257,0.311,0.405,0.716,81,833,41,10,7,19,12
COL,2021,28.1,161,6007,5374,739,1338,275,34,182,709,76,23,491,1356,0.249,0.317,0.414,0.731,86,2227,98,58,48,36,24
COL,2022,29.2,162,6105,5540,698,1408,280,34,149,669,45,20,453,1330,0.254,0.315,0.398,0.713,90,2203,139,61,10,40,10
DET,2000,29.2,162,6343,5644,823,1553,307,41,177,785,83,38,562,982,0.275,0.343,0.438,0.781,102,2473,142,43,42,49,22
DET,2001,28.4,162,6145,5537,724,1439,291,60,139,691,133,61,466,972,0.26,0.32,0.409,0.73,97,2267,120,51,41,49,26
DET,2002,28.1,161,5920,5406,575,1340,265,37,124,546,65,44,363,1035,0.248,0.3,0.379,0.679,86,2051,125,64,30,57,22
DET,2003,27.4,162,6071,5466,591,1312,201,39,153,553,98,63,443,1099,0.24,0.3,0.375,0.675,83,2050,114,47,65,49,24
DET,2004,28.2,162,6285,5623,827,1531,284,54,201,800,86,50,518,1144,0.272,0.337,0.449,0.786,108,2526,110,50,50,43,32
DET,2005,28.6,162,6136,5602,723,1521,283,45,168,678,66,28,384,1038,0.272,0.321,0.428,0.75,100,2398,137,53,44,52,24
DET,2006,29.4,162,6198,5642,822,1548,294,40,203,785,60,40,430,1133,0.274,0.329,0.449,0.777,99,2531,120,45,45,36,27
DET,2007,31.1,162,6364,5757,887,1652,352,50,177,857,103,30,474,1054,0.287,0.345,0.458,0.802,108,2635,128,56,31,45,45
DET,2008,30.5,162,6331,5641,821,1529,293,41,200,780,63,31,572,1076,0.271,0.34,0.444,0.784,105,2504,144,44,30,44,23
DET,2009,30,163,6234,5540,743,1443,245,35,183,718,72,33,540,1114,0.26,0.331,0.416,0.747,95,2307,131,61,53,39,30
DET,2010,29.1,162,6312,5643,751,1515,308,32,152,717,69,30,546,1147,0.268,0.335,0.415,0.75,102,2343,118,41,41,41,50
DET,2011,28.7,162,6231,5563,787,1540,297,34,169,750,49,20,521,1143,0.277,0.34,0.434,0.773,109,2412,142,39,50,58,47
DET,2012,27.9,162,6119,5476,726,1467,279,39,163,698,59,23,511,1103,0.268,0.335,0.422,0.757,103,2313,156,57,36,39,46
DET,2013,30.2,162,6388,5735,796,1625,292,23,176,767,35,20,531,1073,0.283,0.346,0.434,0.78,111,2491,146,43,32,47,40
DET,2014,29.9,162,6202,5630,757,1557,325,26,155,731,106,41,443,1144,0.277,0.331,0.426,0.757,113,2399,137,44,24,61,51
DET,2015,28.4,161,6159,5605,689,1515,289,49,151,660,83,51,455,1259,0.27,0.328,0.42,0.748,105,2355,152,41,23,35,36
DET,2016,30.1,161,6127,5526,750,1476,252,30,211,719,58,29,493,1303,0.267,0.331,0.438,0.769,106,2421,135,53,17,38,32
DET,2017,29.8,162,6150,5556,735,1435,289,35,187,699,65,34,503,1313,0.258,0.324,0.424,0.748,98,2355,128,52,11,27,21
DET,2018,28,162,6029,5494,630,1326,284,35,135,597,70,30,428,1341,0.241,0.3,0.38,0.68,83,2085,110,52,15,40,18
DET,2019,27.6,161,6039,5549,582,1333,292,41,149,556,57,20,391,1595,0.24,0.294,0.388,0.682,78,2154,108,48,9,42,14
DET,2020,27.7,58,2076,1893,249,463,78,12,62,242,19,6,147,567,0.245,0.303,0.397,0.7,91,751,42,19,1,14,1
DET,2021,28.2,162,5979,5376,697,1299,236,37,179,675,88,25,490,1514,0.242,0.308,0.399,0.707,96,2146,113,44,17,50,8
DET,2022,28,162,5870,5378,557,1240,235,27,110,530,47,24,380,1413,0.231,0.286,0.346,0.632,84,1859,108,58,10,44,8
HOU,2000,29.2,162,6444,5570,938,1547,289,36,249,900,114,52,673,1129,0.278,0.361,0.477,0.837,104,2655,154,83,57,61,57
HOU,2001,30.4,162,6325,5528,847,1500,313,29,208,805,64,49,581,1119,0.271,0.347,0.451,0.798,100,2495,128,89,71,56,52
HOU,2002,30.3,162,6252,5503,749,1441,291,32,167,719,71,27,589,1120,0.262,0.338,0.417,0.755,93,2297,144,59,64,37,57
HOU,2003,31.4,162,6320,5583,805,1466,308,30,191,763,66,30,557,1021,0.263,0.336,0.431,0.767,96,2407,125,81,61,38,44
HOU,2004,32.1,162,6269,5468,803,1458,294,36,187,756,89,30,590,999,0.267,0.342,0.436,0.778,99,2385,128,61,98,52,54
HOU,2005,30.4,163,6139,5462,693,1400,281,32,161,654,115,44,481,1037,0.256,0.322,0.408,0.73,90,2228,116,72,82,42,43
HOU,2006,30.6,162,6326,5521,735,1407,275,27,174,708,79,36,585,1076,0.255,0.332,0.409,0.741,89,2258,122,73,100,46,54
HOU,2007,31.5,162,6324,5605,723,1457,293,30,167,700,65,33,547,1043,0.26,0.33,0.412,0.742,91,2311,142,55,77,40,40
HOU,2008,31.1,161,6051,5451,712,1432,284,22,167,684,114,52,449,1051,0.263,0.323,0.415,0.737,95,2261,116,52,57,41,42
HOU,2009,31.7,162,6040,5436,643,1415,270,32,142,616,113,44,448,990,0.26,0.319,0.4,0.719,91,2175,153,43,66,45,37
HOU,2010,29.6,162,6005,5452,611,1348,252,25,108,577,100,36,415,1025,0.247,0.303,0.362,0.665,81,1974,130,33,75,29,27
HOU,2011,28.4,162,6150,5598,615,1442,309,28,95,579,118,33,401,1164,0.258,0.311,0.374,0.684,89,2092,111,46,66,37,34
HOU,2012,26.6,162,6014,5407,583,1276,238,28,146,545,105,46,463,1365,0.236,0.302,0.371,0.673,82,2008,114,58,54,30,19
HOU,2013,25.9,162,6020,5457,610,1307,266,16,148,566,110,61,426,1535,0.24,0.299,0.375,0.674,86,2049,110,52,46,38,17
HOU,2014,25.5,162,6055,5447,629,1317,240,19,163,596,122,37,495,1442,0.242,0.309,0.383,0.692,96,2084,122,55,22,36,27
HOU,2015,26.3,162,6073,5459,729,1363,278,26,230,691,121,48,486,1392,0.25,0.315,0.437,0.752,107,2383,102,56,28,43,22
HOU,2016,26.5,162,6204,5545,724,1367,291,29,198,689,102,44,554,1452,0.247,0.319,0.417,0.735,103,2310,134,47,27,31,31
HOU,2017,28.9,162,6271,5611,896,1581,346,20,238,854,98,42,509,1087,0.282,0.346,0.478,0.823,123,2681,139,70,11,61,27
HOU,2018,28.2,162,6146,5453,797,1390,278,18,205,763,71,26,565,1197,0.255,0.329,0.425,0.754,106,2319,156,61,14,45,19
HOU,2019,29,162,6394,5613,920,1538,323,28,288,891,67,27,645,1166,0.274,0.352,0.495,0.848,119,2781,146,66,10,57,17
HOU,2020,29.3,60,2229,1992,279,478,103,12,69,268,22,11,192,440,0.24,0.312,0.408,0.72,95,812,39,23,6,13,5
HOU,2021,29,162,6291,5593,863,1496,299,14,221,834,53,16,569,1222,0.267,0.339,0.444,0.783,113,2486,136,64,9,54,25
HOU,2022,29.4,162,6054,5409,737,1341,284,13,214,715,83,22,528,1179,0.248,0.319,0.424,0.743,111,2293,118,60,9,42,18
KCA,2000,27.6,162,6394,5709,879,1644,281,27,150,831,121,35,511,840,0.288,0.348,0.425,0.773,93,2429,139,48,56,70,28
KCA,2001,28.3,162,6176,5643,729,1503,277,37,152,691,100,42,406,898,0.266,0.318,0.409,0.727,86,2310,134,44,36,47,31
KCA,2002,29.4,162,6206,5535,737,1415,285,42,140,695,140,65,524,921,0.256,0.323,0.398,0.721,84,2204,106,52,44,51,27
KCA,2003,29.3,162,6239,5568,836,1526,288,39,162,781,120,42,476,926,0.274,0.336,0.427,0.763,95,2378,128,75,63,57,32
KCA,2004,29.1,162,6153,5538,720,1432,261,29,150,675,67,48,461,1057,0.259,0.322,0.397,0.72,86,2201,130,76,40,38,28
KCA,2005,28.1,162,6086,5503,701,1445,289,34,126,653,53,33,424,1008,0.263,0.32,0.396,0.716,91,2180,139,63,46,50,23
KCA,2006,29.8,162,6229,5589,757,1515,335,37,124,718,65,34,474,1040,0.271,0.332,0.411,0.743,91,2296,130,64,52,48,32
KCA,2007,28.1,162,6140,5534,706,1447,300,46,102,660,78,44,428,1069,0.261,0.322,0.388,0.71,87,2145,151,89,41,47,34
KCA,2008,28.1,162,6118,5608,691,1507,303,28,120,650,79,38,392,1005,0.269,0.32,0.397,0.717,91,2226,144,50,32,36,31
KCA,2009,27.7,162,6103,5532,686,1432,276,51,144,657,88,29,457,1091,0.259,0.318,0.405,0.724,92,2242,135,42,38,32,20
KCA,2010,29,162,6209,5604,676,1534,279,31,121,640,115,50,471,905,0.274,0.331,0.399,0.73,100,2238,152,35,45,53,25
KCA,2011,25.9,162,6267,5672,730,1560,325,41,129,705,153,58,442,1006,0.275,0.329,0.415,0.744,104,2354,121,39,55,57,37
KCA,2012,26.2,162,6149,5636,676,1492,295,37,131,643,132,38,404,1032,0.265,0.317,0.4,0.716,94,2254,130,42,26,41,35
KCA,2013,27,162,6093,5549,648,1443,254,34,112,620,153,32,422,1048,0.26,0.315,0.379,0.694,89,2101,131,42,37,42,38
KCA,2014,28.3,162,6058,5545,651,1456,286,29,95,604,153,36,380,985,0.263,0.314,0.376,0.69,92,2085,131,53,33,47,22
KCA,2015,29.2,162,6116,5575,724,1497,300,42,139,689,104,34,383,973,0.269,0.322,0.412,0.734,98,2298,133,77,34,47,28
KCA,2016,28.6,162,6052,5552,675,1450,264,33,147,640,121,35,382,1224,0.261,0.312,0.4,0.712,90,2221,134,45,38,34,23
KCA,2017,29,162,6027,5536,702,1436,260,24,193,660,91,31,390,1166,0.259,0.311,0.42,0.731,93,2323,160,45,17,37,19
KCA,2018,28.7,162,6063,5505,638,1350,283,29,155,606,117,38,427,1310,0.245,0.305,0.392,0.697,90,2156,123,67,24,40,13
KCA,2019,27.7,162,6080,5496,691,1356,281,40,162,655,117,39,456,1405,0.247,0.309,0.401,0.71,85,2203,113,59,24,42,17
KCA,2020,27.9,60,2200,1988,248,485,97,7,68,237,49,20,172,527,0.244,0.309,0.402,0.711,91,800,28,18,8,10,3
KCA,2021,29.4,162,5993,5427,686,1349,251,29,163,647,124,33,421,1258,0.249,0.306,0.396,0.702,90,2147,100,55,31,52,8
KCA,2022,27.2,162,6010,5437,640,1327,247,38,138,613,104,34,460,1287,0.244,0.306,0.38,0.686,93,2064,101,48,20,44,7
LAN,2000,29.6,162,6312,5481,798,1408,265,28,211,756,95,42,668,1083,0.257,0.341,0.431,0.771,99,2362,129,51,66,46,42
LAN,2001,30.1,162,6169,5493,758,1399,264,27,206,714,89,42,519,1062,0.255,0.323,0.425,0.748,99,2335,115,56,57,44,45
LAN,2002,29.9,162,6146,5554,713,1464,286,29,155,693,96,37,428,940,0.264,0.32,0.409,0.729,98,2273,140,53,67,44,50
LAN,2003,29.9,162,6036,5458,574,1328,260,25,124,544,80,36,407,985,0.243,0.303,0.368,0.671,79,2010,121,72,71,28,43
LAN,2004,28.8,162,6244,5542,761,1450,226,30,203,731,102,41,536,1092,0.262,0.332,0.423,0.755,98,2345,121,62,69,35,45
LAN,2005,28.8,162,6134,5433,685,1374,284,21,149,653,58,35,541,1094,0.253,0.326,0.395,0.721,90,2147,139,67,57,33,30
LAN,2006,30,162,6394,5628,820,1552,307,58,153,787,128,49,601,959,0.276,0.348,0.432,0.781,99,2434,140,51,66,48,61
LAN,2007,29.7,162,6282,5614,735,1544,276,35,129,706,137,50,511,864,0.275,0.337,0.406,0.743,91,2277,116,41,58,55,41
LAN,2008,28.4,162,6194,5506,700,1455,271,29,137,659,126,43,543,1032,0.264,0.333,0.399,0.732,93,2195,153,43,64,38,62
LAN,2009,29.8,162,6385,5592,780,1511,278,39,145,739,116,48,607,1068,0.27,0.346,0.412,0.758,104,2302,141,63,78,44,76
LAN,2010,30.3,162,6140,5426,667,1368,270,29,120,621,92,50,533,1184,0.252,0.322,0.379,0.7,92,2056,123,46,85,50,57
LAN,2011,30,161,6094,5436,644,1395,237,28,117,613,126,40,498,1087,0.257,0.322,0.375,0.697,95,2039,101,45,71,43,61
LAN,2012,30.6,162,6091,5438,637,1369,269,23,116,607,104,44,481,1156,0.252,0.317,0.374,0.69,91,2032,139,52,82,38,49
LAN,2013,30.8,162,6145,5491,649,1447,281,17,138,618,78,28,476,1146,0.264,0.326,0.396,0.722,103,2176,130,57,71,48,45
LAN,2014,29.4,162,6231,5560,718,1476,302,38,134,686,138,50,519,1246,0.265,0.333,0.406,0.738,110,2256,119,61,47,43,30
LAN,2015,29.7,162,6090,5385,667,1346,263,26,187,638,59,34,563,1258,0.25,0.326,0.413,0.739,106,2222,135,60,49,30,31
LAN,2016,28.9,162,6164,5518,725,1376,272,21,189,680,45,26,525,1321,0.249,0.319,0.409,0.728,95,2257,120,58,30,32,31
LAN,2017,27.9,162,6191,5408,770,1347,312,20,221,730,77,28,649,1380,0.249,0.334,0.437,0.771,104,2362,119,64,31,38,41
LAN,2018,28.1,163,6358,5572,804,1394,296,33,235,756,75,24,647,1436,0.25,0.333,0.442,0.774,109,2461,119,61,39,39,47
LAN,2019,27.9,162,6282,5493,886,1414,302,20,279,861,57,10,607,1356,0.257,0.338,0.472,0.81,111,2593,100,81,55,45,47
LAN,2020,28,60,2316,2042,349,523,97,6,118,327,29,8,228,471,0.256,0.338,0.483,0.821,119,986,46,30,3,12,7
LAN,2021,29.3,162,6239,5445,830,1330,247,24,237,799,65,17,613,1408,0.244,0.33,0.429,0.759,101,2336,96,104,32,45,36
LAN,2022,29.7,162,6247,5526,847,1418,325,31,212,812,98,18,607,1374,0.257,0.333,0.442,0.775,112,2441,85,56,3,53,22
MIA,2000,26,161,6203,5509,731,1441,274,29,160,691,168,55,540,1184,0.262,0.331,0.409,0.74,91,2253,100,60,42,51,39
MIA,2001,27.2,162,6184,5542,742,1461,325,30,166,713,89,40,470,1145,0.264,0.326,0.423,0.749,95,2344,118,67,60,45,43
MIA,2002,28.4,162,6263,5496,699,1433,280,32,146,653,177,73,595,1130,0.261,0.337,0.403,0.74,97,2215,129,61,59,49,69
MIA,2003,27.7,162,6186,5490,751,1459,292,44,157,709,150,74,515,978,0.266,0.333,0.421,0.754,97,2310,114,57,82,41,44
MIA,2004,28.7,162,6160,5486,718,1447,275,32,148,677,96,43,499,968,0.264,0.329,0.406,0.736,94,2230,142,58,77,40,37
MIA,2005,29.6,162,6214,5502,717,1499,306,32,128,678,96,38,512,918,0.272,0.339,0.409,0.748,101,2253,144,67,82,50,61
MIA,2006,25.4,162,6191,5502,758,1454,309,42,182,713,110,58,497,1249,0.264,0.331,0.435,0.766,99,2393,109,74,76,42,55
MIA,2007,26.6,162,6344,5627,790,1504,340,38,201,749,105,34,521,1332,0.267,0.336,0.448,0.784,104,2523,107,82,72,42,46
MIA,2008,28,161,6206,5499,770,1397,302,28,208,741,76,28,543,1371,0.254,0.326,0.433,0.759,97,2379,98,69,49,46,50
MIA,2009,26.9,162,6312,5572,772,1493,296,25,159,727,75,35,568,1226,0.268,0.34,0.416,0.756,97,2316,110,63,70,39,46
MIA,2010,26.8,162,6194,5531,719,1403,294,37,152,686,92,26,514,1375,0.254,0.321,0.403,0.724,92,2227,107,55,51,43,42
MIA,2011,27.3,162,6232,5508,625,1358,274,30,149,596,95,41,542,1244,0.247,0.318,0.388,0.706,93,2139,111,51,89,42,38
MIA,2012,28.3,162,6057,5437,609,1327,261,39,137,576,149,41,484,1228,0.244,0.308,0.382,0.69,85,2077,114,35,60,40,46
MIA,2013,27.6,162,6021,5449,513,1257,219,31,95,485,78,29,432,1232,0.231,0.293,0.335,0.627,73,1823,131,56,57,26,31
MIA,2014,27.3,162,6185,5538,645,1399,254,36,122,614,58,21,501,1419,0.253,0.317,0.378,0.694,94,2091,143,35,71,39,49
MIA,2015,27.9,162,5988,5463,613,1420,236,40,120,575,112,45,375,1150,0.26,0.31,0.384,0.694,93,2096,133,39,71,40,30
MIA,2016,28.2,161,6134,5547,655,1460,259,42,128,626,71,28,447,1213,0.263,0.322,0.394,0.716,96,2187,140,54,46,38,40
MIA,2017,28.2,162,6248,5602,778,1497,271,31,194,743,91,30,486,1282,0.267,0.331,0.431,0.761,107,2412,119,67,50,41,48
MIA,2018,27.6,161,6083,5488,589,1303,222,24,128,554,45,31,455,1384,0.237,0.303,0.357,0.659,83,1957,119,73,32,31,26
MIA,2019,28.4,162,6045,5512,615,1326,265,18,146,593,55,30,395,1469,0.241,0.298,0.375,0.673,77,2065,139,73,31,33,16
MIA,2020,29.1,60,2167,1935,263,472,82,5,60,247,51,14,191,537,0.244,0.319,0.384,0.703,89,744,37,25,6,9,6
MIA,2021,28.2,162,5929,5348,623,1244,226,23,158,594,106,29,450,1553,0.233,0.298,0.372,0.671,81,1990,95,65,30,30,25
MIA,2022,29,162,5949,5395,586,1241,248,20,144,554,122,29,436,1429,0.23,0.294,0.363,0.658,86,1961,120,70,4,36,6
MIL,2000,28.9,163,6355,5563,740,1366,297,25,177,708,72,44,620,1245,0.246,0.325,0.403,0.729,85,2244,126,61,61,49,47
MIL,2001,29.5,162,6148,5488,740,1378,273,30,209,712,66,36,488,1399,0.251,0.319,0.426,0.745,93,2338,102,72,65,35,44
MIL,2002,30,162,6083,5415,627,1369,269,29,139,597,94,50,500,1125,0.253,0.32,0.39,0.711,88,2113,144,55,79,34,37
MIL,2003,29.9,162,6270,5548,714,1423,266,24,196,685,99,39,547,1221,0.256,0.329,0.419,0.748,96,2325,158,71,62,40,41
MIL,2004,28.6,161,6195,5483,634,1358,295,32,135,601,138,40,540,1312,0.248,0.321,0.387,0.708,83,2122,120,68,56,40,49
MIL,2005,28.6,162,6156,5448,726,1413,327,19,175,689,79,34,531,1162,0.259,0.331,0.423,0.754,97,2303,137,73,66,38,55
MIL,2006,28.8,162,6130,5433,730,1400,301,20,180,695,71,37,502,1233,0.258,0.327,0.42,0.747,89,2281,133,82,58,53,48
MIL,2007,27.5,162,6238,5554,801,1455,310,37,231,774,96,32,501,1137,0.262,0.329,0.456,0.785,101,2532,112,76,60,47,60
MIL,2008,28.5,162,6252,5535,750,1398,324,35,198,722,108,38,550,1203,0.253,0.325,0.431,0.757,99,2386,97,69,54,43,44
MIL,2009,29.3,162,6296,5510,785,1447,281,37,182,757,68,37,610,1231,0.263,0.341,0.426,0.767,103,2348,128,71,58,47,44
MIL,2010,27.7,162,6304,5606,750,1471,293,33,182,710,81,26,546,1216,0.262,0.335,0.424,0.759,103,2376,115,81,35,35,35
MIL,2011,28.8,162,6113,5447,721,1422,276,31,185,693,94,31,481,1083,0.261,0.325,0.425,0.75,102,2315,114,56,85,44,53
MIL,2012,29.2,162,6225,5557,776,1442,300,39,202,741,158,39,466,1240,0.259,0.325,0.437,0.762,101,2426,111,90,76,35,35
MIL,2013,27.9,162,6064,5474,640,1381,238,43,157,610,142,50,407,1183,0.252,0.311,0.398,0.708,93,2176,116,71,77,35,22
MIL,2014,28.8,162,6065,5462,650,1366,297,28,150,617,102,43,423,1197,0.25,0.311,0.397,0.708,95,2169,135,73,70,37,32
MIL,2015,28.2,162,6024,5480,655,1378,274,34,145,624,84,29,412,1299,0.251,0.307,0.393,0.7,91,2155,130,41,55,34,35
MIL,2016,27.5,162,6061,5330,671,1299,249,19,194,641,181,56,599,1543,0.244,0.322,0.407,0.729,92,2168,131,37,53,39,34
MIL,2017,27.4,162,6135,5467,732,1363,267,22,224,695,128,41,547,1571,0.249,0.322,0.429,0.751,94,2346,116,53,42,26,34
MIL,2018,29,163,6210,5542,754,1398,252,24,218,711,124,32,537,1458,0.252,0.323,0.424,0.747,99,2352,128,58,29,41,32
MIL,2019,29,162,6309,5542,769,1366,279,17,250,744,101,25,629,1563,0.246,0.329,0.438,0.767,97,2429,120,72,20,38,42
MIL,2020,28.5,60,2188,1920,247,429,83,5,75,238,15,11,221,582,0.223,0.313,0.389,0.702,87,747,53,35,0,10,8
MIL,2021,28.8,162,6099,5362,738,1251,255,18,194,700,82,21,586,1465,0.233,0.317,0.396,0.713,92,2124,102,88,25,35,26
MIL,2022,29.2,162,6122,5417,725,1271,251,17,219,703,96,30,577,1464,0.235,0.315,0.409,0.724,105,2213,117,80,11,37,25
MIN,2000,26.5,162,6283,5615,748,1516,325,49,116,711,90,45,556,1021,0.27,0.337,0.407,0.744,85,2287,143,35,24,51,31
MIN,2001,26.3,162,6185,5560,771,1514,328,38,164,717,146,67,495,1083,0.272,0.337,0.433,0.77,101,2410,124,64,25,38,42
MIN,2002,26.7,161,6196,5582,768,1518,348,36,167,731,79,62,472,1089,0.272,0.332,0.437,0.769,103,2439,121,56,34,52,30
MIN,2003,27.3,162,6324,5655,801,1567,318,45,155,755,94,44,512,1027,0.277,0.341,0.431,0.772,102,2440,139,63,42,52,36
MIN,2004,27.9,162,6286,5623,780,1494,310,24,191,735,116,46,513,982,0.266,0.332,0.431,0.763,96,2425,130,64,46,40,42
MIN,2005,27.7,162,6192,5564,688,1441,269,32,134,644,102,44,485,978,0.259,0.323,0.391,0.714,88,2176,155,59,42,42,49
MIN,2006,28.4,162,6228,5602,801,1608,275,34,143,754,101,42,490,872,0.287,0.347,0.425,0.771,101,2380,163,50,31,55,46
MIN,2007,28.5,162,6161,5522,718,1460,273,36,118,671,112,30,512,839,0.264,0.33,0.391,0.721,94,2159,149,48,34,45,41
MIN,2008,26.3,163,6331,5641,829,1572,298,49,111,791,102,42,529,979,0.279,0.34,0.408,0.748,102,2301,142,36,52,72,48
MIN,2009,27.7,163,6346,5608,817,1539,271,40,172,770,85,32,585,1021,0.274,0.345,0.429,0.774,104,2406,147,45,51,57,46
MIN,2010,28.5,162,6257,5568,781,1521,318,41,142,749,68,28,559,967,0.273,0.341,0.422,0.762,109,2347,159,39,38,53,45
MIN,2011,27.6,162,6020,5487,619,1357,259,25,103,572,92,39,440,1048,0.247,0.306,0.36,0.666,84,1975,115,37,31,25,24
MIN,2012,29,162,6209,5562,701,1448,270,30,131,666,135,37,505,1069,0.26,0.325,0.39,0.715,98,2171,149,53,33,56,28
MIN,2013,28.4,162,6212,5564,614,1346,285,15,151,590,52,33,533,1430,0.242,0.312,0.38,0.692,90,2114,103,52,29,32,20
MIN,2014,27.6,162,6233,5567,715,1412,316,27,128,675,99,36,544,1329,0.254,0.324,0.389,0.713,100,2166,97,53,25,44,29
MIN,2015,28.4,162,6017,5467,696,1349,277,44,156,661,70,38,439,1264,0.247,0.305,0.399,0.704,92,2182,133,40,30,41,31
MIN,2016,27,162,6245,5618,722,1409,288,35,200,690,91,32,513,1426,0.251,0.316,0.421,0.738,98,2367,96,44,27,43,24
MIN,2017,27.2,162,6261,5557,815,1444,286,31,206,781,95,28,593,1342,0.26,0.334,0.434,0.768,104,2410,105,46,26,39,26
MIN,2018,28.3,162,6154,5526,738,1379,317,22,166,704,47,27,534,1328,0.25,0.318,0.405,0.723,96,2238,89,37,19,38,25
MIN,2019,27.9,162,6392,5732,939,1547,318,23,307,906,28,21,525,1334,0.27,0.338,0.494,0.832,118,2832,101,81,10,41,21
MIN,2020,28.9,60,2168,1937,269,468,81,3,91,258,14,7,186,528,0.242,0.315,0.427,0.743,104,828,38,29,2,14,9
MIN,2021,28.4,162,6078,5431,729,1311,271,17,228,690,54,15,525,1405,0.241,0.314,0.423,0.738,103,2300,122,70,7,42,17
MIN,2022,27,162,6113,5476,696,1356,269,18,178,668,38,17,518,1353,0.248,0.317,0.401,0.718,107,2195,133,62,10,46,11
NYA,2000,31.4,161,6311,5556,871,1541,294,25,205,833,99,48,631,1007,0.277,0.354,0.45,0.804,103,2500,134,57,16,50,42
NYA,2001,31.3,161,6233,5577,804,1488,289,20,203,774,161,53,519,1035,0.267,0.334,0.435,0.769,100,2426,119,64,30,43,38
NYA,2002,30.1,161,6377,5601,897,1540,314,12,223,857,100,38,640,1171,0.275,0.354,0.455,0.809,114,2547,150,72,23,41,48
NYA,2003,30.4,163,6431,5605,877,1518,304,14,230,845,98,33,684,1042,0.271,0.356,0.453,0.81,114,2540,154,81,25,35,54
NYA,2004,32.4,162,6364,5527,897,1483,281,20,242,863,84,33,670,982,0.268,0.353,0.458,0.811,111,2530,157,80,37,50,40
NYA,2005,32.4,162,6406,5624,886,1552,259,16,229,847,84,27,637,989,0.276,0.355,0.45,0.805,115,2530,125,73,28,43,41
NYA,2006,31,162,6455,5651,930,1608,327,21,210,902,139,35,649,1053,0.285,0.363,0.461,0.824,111,2607,139,72,34,49,43
NYA,2007,30.9,162,6528,5717,968,1656,326,32,201,929,123,40,637,991,0.29,0.366,0.463,0.829,116,2649,138,78,41,54,32
NYA,2008,31.6,162,6257,5572,789,1512,289,20,180,758,118,39,535,1015,0.271,0.342,0.427,0.769,101,2381,149,80,31,39,36
NYA,2009,30.8,162,6449,5660,915,1604,325,21,244,881,111,28,663,1014,0.283,0.362,0.478,0.839,114,2703,144,54,31,39,35
NYA,2010,30.5,162,6379,5567,859,1485,275,32,201,823,103,30,662,1136,0.267,0.35,0.436,0.786,108,2427,124,73,33,44,36
NYA,2011,30.8,162,6306,5518,867,1452,267,33,222,836,147,46,627,1138,0.263,0.343,0.444,0.788,110,2451,146,74,36,51,34
NYA,2012,33,162,6231,5524,804,1462,280,13,245,774,93,27,565,1176,0.265,0.337,0.453,0.79,112,2503,136,62,31,49,31
NYA,2013,32,162,6045,5449,650,1321,247,24,144,614,115,31,466,1214,0.242,0.307,0.376,0.683,88,2048,121,57,36,36,33
NYA,2014,32.9,162,6082,5497,633,1349,247,26,147,591,112,26,452,1133,0.245,0.307,0.38,0.687,94,2089,111,56,29,47,16
NYA,2015,31.6,162,6268,5567,764,1397,272,19,212,737,63,25,554,1227,0.251,0.323,0.421,0.744,102,2343,105,63,24,54,23
NYA,2016,30.2,162,6059,5458,680,1378,245,20,183,647,72,22,475,1188,0.252,0.315,0.405,0.72,91,2212,121,42,21,49,19
NYA,2017,28.7,162,6354,5594,858,1463,266,23,241,821,90,22,616,1386,0.262,0.339,0.447,0.785,105,2498,119,64,18,56,22
NYA,2018,27.3,162,6271,5515,851,1374,269,23,267,821,63,21,625,1421,0.249,0.329,0.451,0.781,112,2490,107,62,10,59,21
NYA,2019,28.4,162,6245,5583,943,1493,290,17,306,904,55,22,569,1437,0.267,0.339,0.49,0.829,118,2735,113,49,10,33,18
NYA,2020,28.5,60,2210,1915,315,473,87,7,94,301,27,7,251,480,0.247,0.342,0.447,0.789,118,856,51,30,1,11,5
NYA,2021,29.4,162,6060,5331,711,1266,213,12,222,666,63,18,621,1482,0.237,0.322,0.407,0.729,100,2169,154,63,10,34,14
NYA,2022,30.4,162,6172,5422,807,1308,225,8,254,764,102,33,620,1391,0.241,0.325,0.426,0.751,113,2311,121,70,14,41,36
NYN,2000,30.4,162,6328,5486,807,1445,281,20,198,761,66,46,675,1037,0.263,0.346,0.43,0.776,98,2360,122,45,70,51,42
NYN,2001,30.4,162,6156,5459,642,1361,273,18,147,608,66,48,545,1062,0.249,0.323,0.387,0.71,87,2111,124,65,52,35,59
NYN,2002,30.8,161,6150,5496,690,1409,238,22,160,650,87,42,486,1044,0.256,0.322,0.395,0.717,92,2171,142,63,75,30,46
NYN,2003,29.2,161,6007,5341,642,1317,262,24,124,607,70,31,489,1035,0.247,0.314,0.374,0.688,81,1999,136,54,78,45,42
NYN,2004,29.7,162,6209,5532,684,1376,289,20,185,658,107,23,512,1159,0.249,0.317,0.409,0.726,88,2260,129,61,69,34,54
NYN,2005,28.6,162,6146,5505,722,1421,279,32,175,683,153,40,486,1075,0.258,0.322,0.416,0.738,95,2289,103,48,69,38,49
NYN,2006,30,162,6291,5558,834,1469,323,41,200,800,146,35,547,1071,0.264,0.334,0.445,0.78,100,2474,114,62,77,47,63
NYN,2007,30.8,162,6344,5605,804,1543,294,27,177,761,200,46,549,981,0.275,0.342,0.432,0.775,101,2422,114,54,77,58,64
NYN,2008,30.1,162,6388,5606,799,1491,274,38,172,751,138,36,619,1024,0.266,0.34,0.42,0.761,101,2357,129,39,73,49,71
NYN,2009,29.5,162,6159,5453,671,1472,295,49,95,631,122,44,526,928,0.27,0.335,0.394,0.729,95,2150,144,36,88,55,49
NYN,2010,28.3,162,6144,5465,656,1361,266,40,128,625,130,44,502,1095,0.249,0.314,0.383,0.697,90,2091,101,46,74,57,53
NYN,2011,27.9,162,6335,5600,718,1477,309,39,108,676,130,35,571,1085,0.264,0.335,0.391,0.725,103,2188,112,51,65,48,56
NYN,2012,27.7,162,6091,5450,650,1357,286,21,139,625,79,38,503,1250,0.249,0.316,0.386,0.701,94,2102,118,42,64,30,43
NYN,2013,28.2,162,6207,5559,619,1318,263,32,130,593,114,35,512,1384,0.237,0.306,0.366,0.672,91,2035,106,51,53,32,40
NYN,2014,28.4,162,6145,5472,629,1306,275,19,125,602,101,34,516,1264,0.239,0.308,0.364,0.673,93,1994,112,54,59,44,42
NYN,2015,28.8,162,6145,5527,683,1351,295,17,177,654,51,25,488,1290,0.244,0.312,0.4,0.712,96,2211,130,68,29,32,42
NYN,2016,29.8,162,6115,5459,671,1342,240,19,218,649,42,18,517,1302,0.246,0.316,0.417,0.733,97,2274,123,62,35,41,43
NYN,2017,29,162,6169,5510,735,1379,286,28,224,713,58,23,529,1291,0.25,0.32,0.434,0.755,101,2393,118,57,36,37,31
NYN,2018,28.5,162,6177,5468,676,1282,265,34,170,649,71,39,566,1404,0.234,0.312,0.389,0.701,96,2125,116,73,28,42,36
NYN,2019,27.9,162,6290,5624,791,1445,280,17,242,767,56,27,516,1384,0.257,0.328,0.442,0.77,105,2485,129,95,28,27,34
NYN,2020,27.8,60,2279,2023,286,551,106,7,86,278,20,10,197,498,0.272,0.348,0.459,0.807,121,929,53,45,1,13,8
NYN,2021,28.2,162,5856,5210,636,1243,228,18,176,604,54,26,495,1392,0.239,0.315,0.391,0.705,93,2035,123,94,34,23,25
NYN,2022,29.8,162,6176,5489,772,1422,272,27,171,735,62,22,510,1217,0.259,0.332,0.412,0.744,113,2261,122,112,20,44,25
OAK,2000,27.4,161,6432,5560,947,1501,281,23,239,908,40,15,750,1159,0.27,0.36,0.458,0.817,109,2545,147,52,26,44,32
OAK,2001,27.4,162,6385,5573,884,1469,334,22,199,835,68,29,640,1021,0.264,0.345,0.439,0.784,107,2444,131,88,25,59,57
OAK,2002,28.7,162,6291,5558,800,1450,279,28,205,772,46,20,609,1008,0.261,0.339,0.432,0.771,106,2400,128,68,20,36,37
OAK,2003,28.4,162,6189,5497,768,1398,317,24,176,742,48,14,556,898,0.254,0.327,0.417,0.743,96,2291,118,59,22,53,52
OAK,2004,29.6,162,6459,5728,793,1545,336,15,189,752,47,22,608,1061,0.27,0.343,0.433,0.776,102,2478,142,55,25,43,40
OAK,2005,28.7,162,6275,5627,772,1476,310,20,155,739,31,22,537,819,0.262,0.33,0.407,0.737,96,2291,148,52,19,40,22
OAK,2006,29.8,162,6281,5500,771,1429,266,22,175,735,61,20,650,976,0.26,0.34,0.412,0.752,97,2264,170,50,25,56,28
OAK,2007,29,162,6365,5577,741,1430,295,16,171,711,52,20,664,1119,0.256,0.338,0.407,0.745,101,2270,142,49,18,56,29
OAK,2008,27.3,161,6138,5451,646,1318,270,23,125,610,88,21,574,1226,0.242,0.318,0.369,0.686,87,2009,126,48,30,35,23
OAK,2009,29.2,162,6247,5584,759,1464,307,21,135,723,133,48,527,1046,0.262,0.328,0.397,0.726,92,2218,130,50,31,54,16
OAK,2010,27.9,162,6117,5448,663,1396,276,30,109,619,156,38,527,1061,0.256,0.324,0.378,0.702,92,2059,129,47,43,51,16
OAK,2011,29.2,162,6104,5452,645,1330,280,29,114,612,117,43,509,1094,0.244,0.311,0.369,0.68,88,2010,119,50,34,57,20
OAK,2012,27.7,162,6183,5527,713,1315,267,32,195,676,122,32,550,1387,0.238,0.31,0.404,0.714,99,2231,97,45,27,34,29
OAK,2013,28.4,162,6209,5521,767,1403,301,25,186,725,74,28,573,1178,0.254,0.327,0.419,0.745,107,2312,108,45,21,49,29
OAK,2014,29.7,162,6245,5545,729,1354,253,33,146,686,83,20,586,1104,0.244,0.32,0.381,0.7,100,2111,118,49,19,43,34
OAK,2015,27.9,162,6171,5600,694,1405,277,46,146,661,78,29,475,1119,0.251,0.312,0.395,0.707,96,2212,124,40,14,38,21
OAK,2016,28.8,162,6022,5500,653,1352,270,21,169,634,50,23,442,1145,0.246,0.304,0.395,0.699,91,2171,142,33,13,34,19
OAK,2017,28.8,162,6126,5464,739,1344,305,15,234,708,57,22,565,1491,0.246,0.319,0.436,0.755,104,2381,129,43,13,40,15
OAK,2018,28.1,162,6255,5579,813,1407,322,20,227,778,35,21,550,1381,0.252,0.325,0.439,0.764,110,2450,136,76,6,44,18
OAK,2019,27.9,162,6269,5561,845,1384,292,23,257,800,49,21,578,1338,0.249,0.327,0.448,0.776,108,2493,140,87,7,36,17
OAK,2020,28.1,60,2201,1908,274,430,91,11,71,264,26,3,238,524,0.225,0.322,0.396,0.718,100,756,44,39,2,14,5
OAK,2021,30.1,162,6104,5395,743,1284,271,19,199,698,88,20,545,1349,0.238,0.317,0.406,0.723,102,2190,99,98,17,49,17
OAK,2022,28.3,162,5863,5314,568,1147,249,15,137,537,78,23,433,1389,0.216,0.281,0.346,0.626,82,1837,109,59,22,33,7
PHI,2000,28.5,162,6273,5511,708,1386,304,40,144,668,102,30,611,1117,0.251,0.329,0.4,0.729,83,2202,115,44,70,37,40
PHI,2001,26.6,162,6219,5497,746,1431,295,29,164,708,153,47,551,1125,0.26,0.329,0.414,0.743,93,2276,104,43,67,61,52
PHI,2002,27.3,161,6323,5523,710,1428,325,41,165,676,104,43,640,1095,0.259,0.339,0.422,0.761,105,2330,129,53,67,39,70
PHI,2003,28.1,162,6333,5543,791,1448,325,27,166,757,72,29,651,1155,0.261,0.343,0.419,0.762,104,2325,120,55,46,38,56
PHI,2004,29.1,162,6456,5643,840,1505,303,23,215,802,100,27,645,1133,0.267,0.345,0.443,0.788,98,2499,123,58,64,46,60
PHI,2005,30,162,6345,5542,807,1494,282,35,167,760,116,27,639,1083,0.27,0.348,0.423,0.772,98,2347,107,56,62,46,76
PHI,2006,29.1,162,6509,5687,865,1518,294,41,216,823,92,25,626,1203,0.267,0.347,0.447,0.794,98,2542,115,95,57,44,67
PHI,2007,28.7,162,6537,5688,892,1558,326,41,213,850,138,19,641,1205,0.274,0.354,0.458,0.812,105,2605,125,90,65,52,74
PHI,2008,30,162,6273,5509,799,1407,291,36,214,762,136,25,586,1117,0.255,0.332,0.438,0.77,99,2412,108,67,71,40,68
PHI,2009,31.3,162,6338,5578,820,1439,312,35,224,788,119,28,589,1155,0.258,0.334,0.447,0.781,104,2493,90,71,55,45,47
PHI,2010,31.9,162,6291,5581,772,1451,290,34,166,736,108,21,560,1064,0.26,0.332,0.413,0.745,98,2307,120,63,44,43,69
PHI,2011,31.7,162,6279,5579,713,1409,258,38,153,693,96,24,539,1024,0.253,0.323,0.395,0.717,96,2202,108,56,65,38,52
PHI,2012,31.4,162,6172,5544,684,1414,271,28,158,659,116,23,454,1094,0.255,0.317,0.4,0.716,92,2215,114,63,72,39,41
PHI,2013,30.2,162,6014,5456,610,1355,255,32,140,578,73,29,417,1205,0.248,0.306,0.384,0.69,91,2094,131,53,57,31,41
PHI,2014,31.1,162,6198,5603,619,1356,251,27,125,584,109,26,443,1306,0.242,0.302,0.363,0.665,85,2036,94,55,59,37,42
PHI,2015,28.1,162,6053,5529,626,1374,272,37,130,586,88,32,387,1274,0.249,0.303,0.382,0.684,89,2110,119,54,53,29,20
PHI,2016,26.9,162,5992,5434,610,1305,231,35,161,574,96,45,424,1376,0.24,0.301,0.384,0.685,82,2089,112,58,46,30,33
PHI,2017,26.5,162,6133,5535,690,1382,287,36,174,654,59,25,494,1417,0.25,0.315,0.409,0.723,89,2263,128,47,21,36,25
PHI,2018,26.8,162,6136,5424,677,1270,241,30,186,653,69,26,582,1520,0.234,0.314,0.393,0.707,89,2129,102,64,32,32,33
PHI,2019,27.6,162,6261,5571,774,1369,311,26,215,742,78,18,562,1453,0.246,0.319,0.427,0.746,92,2377,97,57,34,34,47
PHI,2020,28.6,60,2223,1948,306,500,90,10,82,289,35,8,229,480,0.257,0.342,0.439,0.781,109,856,40,28,8,10,16
PHI,2021,29.3,162,6089,5366,734,1288,262,24,198,700,77,19,564,1402,0.24,0.318,0.408,0.726,95,2192,103,67,47,43,37
PHI,2022,28.3,162,6077,5496,747,1392,255,29,205,719,105,28,478,1363,0.253,0.317,0.422,0.739,107,2320,116,52,6,44,15
PIT,2000,28.4,162,6369,5643,793,1506,320,31,168,749,86,40,564,1032,0.267,0.339,0.424,0.762,92,2392,133,66,59,37,41
PIT,2001,27.7,162,6027,5398,657,1333,256,25,161,618,93,73,467,1106,0.247,0.313,0.393,0.706,79,2122,114,67,60,35,51
PIT,2002,27.8,161,6049,5330,641,1300,263,20,142,610,86,49,537,1109,0.244,0.319,0.381,0.7,82,2029,97,73,68,41,44
PIT,2003,29.8,162,6315,5581,753,1492,275,45,163,711,86,37,529,1049,0.267,0.338,0.42,0.758,95,2346,112,87,79,38,42
PIT,2004,27.1,161,6115,5483,680,1428,267,39,142,648,63,40,415,1066,0.26,0.321,0.401,0.722,87,2199,117,95,79,42,33
PIT,2005,27.3,162,6221,5573,680,1445,292,38,139,656,73,30,471,1092,0.259,0.322,0.4,0.723,90,2230,130,72,56,49,38
PIT,2006,27.7,162,6218,5558,691,1462,286,17,141,656,68,23,459,1200,0.263,0.327,0.397,0.723,86,2205,153,89,62,49,49
PIT,2007,27.2,162,6214,5569,724,1463,322,31,148,694,68,30,463,1135,0.263,0.325,0.411,0.736,92,2291,130,71,60,51,31
PIT,2008,28.5,162,6278,5628,735,1454,314,21,153,705,57,19,474,1039,0.258,0.32,0.403,0.723,92,2269,111,59,66,51,40
PIT,2009,27.1,161,6058,5417,636,1364,289,34,125,612,90,32,499,1142,0.252,0.318,0.387,0.705,87,2096,124,46,60,36,44
PIT,2010,26.3,162,5974,5386,587,1303,276,27,126,570,87,36,463,1207,0.242,0.304,0.373,0.678,84,2011,119,33,58,33,28
PIT,2011,27.2,162,6064,5421,610,1325,277,35,107,580,108,52,489,1308,0.244,0.309,0.368,0.676,90,1993,123,34,75,44,31
PIT,2012,27.6,162,6014,5412,651,1313,241,37,170,620,73,52,444,1354,0.243,0.304,0.395,0.699,93,2138,98,51,62,45,32
PIT,2013,27.9,162,6135,5486,634,1346,273,35,161,603,94,42,469,1330,0.245,0.313,0.396,0.709,100,2172,120,88,62,29,41
PIT,2014,27.3,162,6224,5536,682,1436,275,30,156,659,104,47,520,1244,0.259,0.33,0.404,0.734,106,2239,127,78,54,35,46
PIT,2015,28.2,162,6285,5631,697,1462,292,27,140,661,98,45,461,1322,0.26,0.323,0.396,0.719,97,2228,115,89,63,41,46
PIT,2016,28.9,162,6261,5542,729,1426,277,32,153,696,110,45,561,1334,0.257,0.332,0.402,0.734,96,2226,133,81,41,36,39
PIT,2017,28.3,162,6136,5458,668,1331,249,36,151,635,67,36,519,1213,0.244,0.318,0.386,0.704,86,2105,120,88,42,28,39
PIT,2018,28,161,6066,5447,692,1381,290,38,157,665,70,38,474,1229,0.254,0.317,0.407,0.725,98,2218,121,59,31,52,38
PIT,2019,27.5,162,6228,5657,758,1497,315,38,163,722,64,29,425,1213,0.265,0.321,0.42,0.741,94,2377,119,63,47,34,41
PIT,2020,27.1,60,2134,1932,219,425,76,6,59,210,16,11,167,521,0.22,0.284,0.357,0.641,74,690,34,11,7,15,6
PIT,2021,27.6,162,5983,5336,609,1261,240,35,124,570,60,30,529,1328,0.236,0.309,0.364,0.673,82,1943,102,49,31,37,24
PIT,2022,26.4,162,5912,5331,591,1186,221,29,158,555,89,32,476,1497,0.222,0.291,0.364,0.655,84,1939,96,54,19,32,14
SDN,2000,28.7,162,6291,5560,752,1413,279,37,157,714,131,53,602,1177,0.254,0.33,0.402,0.732,91,2237,123,46,39,43,50
SDN,2001,28.9,162,6278,5482,789,1379,273,26,161,753,129,44,678,1273,0.252,0.336,0.399,0.735,97,2187,121,41,29,48,37
SDN,2002,29.2,162,6178,5515,662,1393,243,29,136,627,71,44,547,1062,0.253,0.321,0.381,0.702,93,2102,132,30,45,41,42
SDN,2003,28.4,162,6246,5531,678,1442,257,32,128,641,76,39,565,1073,0.261,0.333,0.388,0.721,96,2147,142,57,50,42,34
SDN,2004,29.6,162,6313,5573,768,1521,304,32,139,722,52,25,566,910,0.273,0.342,0.414,0.756,104,2306,128,56,52,66,45
SDN,2005,31.1,162,6271,5502,684,1416,269,39,130,655,99,44,600,977,0.257,0.333,0.391,0.724,97,2153,122,49,72,48,41
SDN,2006,30.8,162,6287,5576,731,1465,298,38,161,698,123,31,564,1104,0.263,0.332,0.416,0.749,99,2322,127,40,59,47,37
SDN,2007,29.9,163,6326,5612,741,1408,322,31,171,704,55,24,557,1229,0.251,0.322,0.411,0.732,97,2305,113,49,64,44,45
SDN,2008,29,162,6244,5568,637,1390,264,27,154,615,36,17,518,1259,0.25,0.317,0.39,0.707,96,2170,129,53,59,46,35
SDN,2009,28.1,162,6179,5425,638,1315,265,31,141,605,82,29,586,1182,0.242,0.321,0.381,0.701,93,2065,131,57,74,36,52
SDN,2010,29.3,162,6148,5434,665,1338,236,24,132,630,124,50,538,1183,0.246,0.317,0.371,0.689,93,2018,106,50,79,46,67
SDN,2011,28.2,162,6074,5417,593,1284,247,42,91,563,170,44,501,1320,0.237,0.305,0.349,0.653,85,1888,105,48,55,47,42
SDN,2012,27.5,162,6112,5422,651,1339,272,43,121,610,155,46,539,1238,0.247,0.319,0.38,0.699,97,2060,100,54,63,34,36
SDN,2013,28.1,162,6122,5517,618,1349,246,26,146,578,118,34,467,1309,0.245,0.308,0.378,0.686,97,2085,99,52,52,34,36
SDN,2014,27.9,162,5905,5294,535,1199,224,30,109,500,91,34,468,1294,0.226,0.292,0.342,0.634,84,1810,118,41,56,45,27
SDN,2015,27.6,162,6019,5457,650,1324,260,36,148,623,82,29,426,1327,0.243,0.3,0.385,0.685,91,2100,108,40,52,42,22
SDN,2016,28.1,162,6001,5419,686,1275,257,26,177,654,125,45,449,1500,0.235,0.299,0.39,0.689,86,2115,93,58,36,36,30
SDN,2017,26.2,162,5954,5356,604,1251,227,31,189,576,89,33,460,1499,0.234,0.299,0.393,0.692,83,2107,99,53,52,33,20
SDN,2018,26.8,162,6059,5486,617,1289,250,30,162,583,95,36,471,1523,0.235,0.297,0.38,0.677,88,2085,122,31,35,36,28
SDN,2019,26.1,162,6019,5391,682,1281,224,24,219,652,70,37,504,1581,0.238,0.308,0.41,0.718,90,2210,120,55,37,31,19
SDN,2020,26.7,60,2231,1972,325,506,103,12,95,312,55,13,204,479,0.257,0.333,0.466,0.798,120,918,37,28,12,14,6
SDN,2021,27.9,162,6119,5384,729,1305,273,21,180,695,110,39,586,1324,0.242,0.321,0.401,0.722,101,2160,121,61,36,46,42
SDN,2022,28.3,162,6175,5468,705,1317,275,18,153,682,49,22,574,1327,0.241,0.318,0.382,0.7,104,2087,95,65,17,46,24
SEA,2000,31.5,162,6444,5497,907,1481,300,26,198,869,122,56,775,1073,0.269,0.361,0.442,0.803,108,2427,129,48,63,61,34
SEA,2001,31.5,162,6474,5680,927,1637,310,38,169,881,174,42,614,989,0.288,0.36,0.445,0.805,117,2530,112,62,48,70,54
SEA,2002,31.4,162,6362,5569,814,1531,285,31,152,771,137,58,629,1003,0.275,0.35,0.419,0.769,107,2334,123,51,41,72,62
SEA,2003,32.1,162,6281,5561,795,1509,290,33,139,759,108,37,586,989,0.271,0.344,0.41,0.754,103,2282,130,53,35,46,34
SEA,2004,31.7,162,6362,5722,698,1544,276,20,136,658,110,42,492,1058,0.27,0.331,0.396,0.727,91,2268,131,54,46,48,49
SEA,2005,28.8,162,6095,5507,699,1408,289,34,130,657,102,47,466,986,0.256,0.317,0.391,0.709,92,2155,115,48,37,37,50
SEA,2006,28.8,162,6213,5670,756,1540,266,42,172,703,106,37,404,974,0.272,0.325,0.424,0.749,95,2406,117,63,38,38,49
SEA,2007,30.1,162,6209,5684,794,1629,284,22,153,754,81,30,389,861,0.287,0.337,0.425,0.762,103,2416,154,62,33,40,32
SEA,2008,29.8,162,6176,5643,671,1498,285,20,124,631,90,32,417,890,0.265,0.318,0.389,0.707,90,2195,137,38,36,42,44
SEA,2009,30,162,6113,5543,640,1430,280,19,160,613,89,33,421,1093,0.258,0.314,0.402,0.716,92,2228,124,49,56,44,39
SEA,2010,29.7,162,5989,5409,513,1274,227,16,101,485,142,39,459,1184,0.236,0.298,0.339,0.637,79,1836,110,39,42,40,33
SEA,2011,29.5,162,5972,5421,556,1263,253,22,109,534,125,40,435,1280,0.233,0.292,0.348,0.64,84,1887,82,37,38,41,33
SEA,2012,27.1,162,6057,5494,619,1285,241,27,149,584,104,35,466,1259,0.234,0.296,0.369,0.665,88,2027,95,30,32,35,21
SEA,2013,28.7,162,6172,5558,624,1318,249,17,188,597,49,23,529,1353,0.237,0.306,0.39,0.695,98,2165,122,31,26,28,21
SEA,2014,27.6,162,5977,5450,634,1328,247,32,136,600,96,42,396,1232,0.244,0.3,0.376,0.676,95,2047,112,60,35,34,33
SEA,2015,28.7,162,6131,5544,656,1379,262,22,198,624,69,45,478,1336,0.249,0.311,0.411,0.722,101,2279,123,36,38,35,31
SEA,2016,30.6,162,6227,5583,768,1446,251,17,223,735,56,28,506,1288,0.259,0.326,0.43,0.756,106,2400,138,72,24,41,29
SEA,2017,29.7,162,6166,5551,750,1436,281,17,200,714,89,35,487,1267,0.259,0.325,0.424,0.749,103,2351,131,78,14,35,31
SEA,2018,29.9,162,6087,5513,677,1402,256,32,176,644,79,37,430,1221,0.254,0.314,0.408,0.722,102,2250,128,70,29,41,17
SEA,2019,27.8,162,6199,5500,758,1305,254,28,239,730,115,47,588,1581,0.237,0.316,0.424,0.74,99,2332,83,58,14,37,7
SEA,2020,26.7,60,2181,1929,254,435,88,5,60,244,50,16,207,545,0.226,0.309,0.37,0.678,90,713,35,30,3,12,5
SEA,2021,27.1,162,6010,5355,697,1209,233,11,199,673,64,24,535,1492,0.226,0.303,0.385,0.688,92,2061,92,72,9,36,8
SEA,2022,27.6,162,6117,5375,690,1236,229,19,197,663,83,27,596,1397,0.23,0.315,0.39,0.704,106,2094,120,89,9,45,17
SFN,2000,30.1,162,6418,5519,925,1535,304,44,226,889,79,39,709,1032,0.278,0.362,0.472,0.834,115,2605,131,51,73,66,60
SFN,2001,31.7,162,6408,5612,799,1493,304,40,235,775,57,42,625,1090,0.266,0.342,0.46,0.802,112,2582,108,50,67,54,79
SFN,2002,32.4,162,6298,5497,783,1465,300,35,198,751,74,21,616,961,0.267,0.344,0.442,0.786,110,2429,136,65,68,52,103
SFN,2003,32.4,161,6204,5456,755,1440,281,29,180,713,53,37,593,980,0.264,0.338,0.425,0.763,99,2319,130,40,76,39,79
SFN,2004,31.9,162,6466,5546,850,1500,314,33,183,805,43,23,705,874,0.27,0.357,0.438,0.795,104,2429,142,72,92,51,153
SFN,2005,32.5,162,6077,5462,649,1427,299,26,128,617,71,35,431,901,0.261,0.319,0.396,0.714,86,2162,147,49,91,44,26
SFN,2006,34.1,161,6136,5472,746,1418,297,52,163,711,58,25,494,891,0.259,0.324,0.422,0.746,90,2308,136,53,80,37,76
SFN,2007,33.2,162,6213,5538,683,1407,267,37,131,641,119,33,532,907,0.254,0.322,0.387,0.708,82,2141,142,39,67,36,74
SFN,2008,29.8,162,6145,5543,640,1452,311,37,94,606,108,46,452,1044,0.262,0.321,0.382,0.703,83,2119,139,48,57,44,45
SFN,2009,29.1,162,6057,5493,657,1411,275,43,122,612,78,28,392,1158,0.257,0.309,0.389,0.699,82,2138,115,50,67,55,41
SFN,2010,29.8,162,6143,5488,697,1411,284,30,162,660,55,32,487,1099,0.257,0.321,0.408,0.729,98,2241,158,50,76,41,53
SFN,2011,30.3,162,6091,5486,570,1327,282,24,121,534,85,51,448,1122,0.242,0.303,0.368,0.671,91,2020,117,52,62,43,47
SFN,2012,27.7,162,6200,5558,718,1495,287,57,103,675,118,39,483,1097,0.269,0.327,0.397,0.724,106,2205,114,29,69,61,44
SFN,2013,28.7,162,6168,5552,629,1446,280,35,107,596,67,26,469,1078,0.26,0.32,0.381,0.702,100,2117,131,39,66,42,40
SFN,2014,28.5,162,6087,5523,665,1407,257,42,132,636,56,27,427,1245,0.255,0.311,0.388,0.699,100,2144,113,43,45,49,37
SFN,2015,28.7,162,6153,5565,696,1486,288,39,136,663,93,36,457,1159,0.267,0.326,0.406,0.732,101,2260,142,49,45,37,30
SFN,2016,29.2,162,6271,5565,715,1437,280,54,130,675,79,36,572,1107,0.258,0.329,0.398,0.728,97,2215,120,42,42,46,43
SFN,2017,29.6,162,6137,5551,639,1382,290,28,128,612,76,34,467,1204,0.249,0.309,0.38,0.689,81,2112,136,36,31,52,37
SFN,2018,30,162,6113,5541,603,1324,255,30,133,573,77,34,448,1467,0.239,0.3,0.368,0.667,85,2038,113,49,33,42,40
SFN,2019,30.1,162,6170,5579,678,1332,300,26,167,655,47,28,475,1435,0.239,0.302,0.392,0.694,83,2185,111,50,24,42,26
SFN,2020,29.9,60,2259,2019,299,532,107,14,81,290,19,8,195,499,0.263,0.335,0.451,0.785,115,910,51,27,4,13,8
SFN,2021,30.9,162,6196,5462,804,1360,271,25,241,768,66,14,602,1461,0.249,0.329,0.44,0.769,107,2404,117,64,36,30,45
SFN,2022,30.1,162,6117,5392,716,1261,255,18,183,683,64,16,571,1462,0.234,0.315,0.39,0.705,98,2101,109,95,6,53,14
SLN,2000,29.6,162,6369,5478,887,1481,259,25,235,841,87,51,675,1253,0.27,0.356,0.455,0.812,103,2495,116,84,79,53,33
SLN,2001,28.7,162,6177,5450,814,1469,274,32,199,768,91,35,529,1089,0.27,0.339,0.441,0.78,100,2404,125,65,83,50,51
SLN,2002,28.9,162,6246,5505,787,1475,285,26,175,758,86,42,542,927,0.268,0.338,0.425,0.763,102,2337,123,67,83,49,77
SLN,2003,29.8,162,6466,5672,876,1580,342,32,196,827,82,32,580,952,0.279,0.35,0.454,0.804,111,2574,136,73,87,54,68
SLN,2004,30.7,162,6297,5555,855,1544,319,24,214,817,111,47,548,1085,0.278,0.344,0.46,0.804,107,2553,121,51,73,70,64
SLN,2005,30.9,162,6246,5538,805,1494,287,26,170,757,83,36,534,947,0.27,0.339,0.423,0.762,98,2343,127,62,77,35,60
SLN,2006,29.7,161,6225,5522,781,1484,292,27,184,745,59,32,531,922,0.269,0.337,0.431,0.769,97,2382,129,61,71,40,70
SLN,2007,30.2,162,6211,5529,725,1513,279,13,141,690,56,33,506,909,0.274,0.337,0.405,0.743,92,2241,154,54,68,54,47
SLN,2008,28.7,162,6370,5636,779,1585,283,26,174,744,73,32,577,985,0.281,0.35,0.433,0.783,107,2442,150,42,71,44,63
SLN,2009,28.5,162,6168,5465,730,1436,294,29,160,694,75,31,528,1041,0.263,0.332,0.415,0.747,98,2268,127,61,68,43,73
SLN,2010,28.7,162,6241,5542,736,1456,285,18,150,689,79,41,541,1027,0.263,0.332,0.402,0.733,100,2227,124,50,66,40,78
SLN,2011,29.4,162,6242,5532,762,1513,308,22,162,726,57,39,542,978,0.273,0.341,0.425,0.766,112,2351,169,44,84,40,64
SLN,2012,29.5,162,6326,5622,765,1526,290,37,159,732,91,37,533,1192,0.271,0.338,0.421,0.759,107,2367,135,53,69,49,45
SLN,2013,28.9,162,6202,5557,783,1494,322,20,125,745,45,22,481,1110,0.269,0.332,0.401,0.733,102,2231,154,64,56,44,38
SLN,2014,28.8,162,6086,5426,619,1371,275,21,105,585,57,32,471,1133,0.253,0.32,0.369,0.689,93,2003,140,86,64,39,28
SLN,2015,28.4,162,6139,5484,647,1386,288,39,137,619,69,38,506,1267,0.253,0.321,0.394,0.716,95,2163,128,66,39,42,47
SLN,2016,28.6,162,6223,5548,779,1415,299,32,225,745,35,26,526,1318,0.255,0.325,0.442,0.767,104,2453,117,70,37,41,28
SLN,2017,28.1,162,6219,5470,761,1402,284,28,196,728,81,31,593,1348,0.256,0.334,0.426,0.76,99,2330,139,65,47,44,36
SLN,2018,28.3,162,6200,5498,759,1369,248,9,205,725,63,32,525,1380,0.249,0.321,0.409,0.73,99,2250,92,80,46,48,40
SLN,2019,29.1,162,6167,5449,764,1336,246,24,210,714,116,29,561,1420,0.245,0.322,0.415,0.737,94,2260,110,76,40,39,15
SLN,2020,29,58,2011,1752,240,410,73,7,51,231,18,10,205,477,0.234,0.323,0.371,0.694,92,650,38,33,4,16,3
SLN,2021,28.5,162,6001,5351,706,1303,261,22,198,678,89,22,478,1341,0.244,0.313,0.412,0.725,99,2202,99,86,40,44,32
SLN,2022,28.9,162,6165,5496,772,1386,290,21,197,739,95,25,537,1226,0.252,0.325,0.42,0.745,114,2309,112,80,5,45,11
TBA,2000,30.3,161,6206,5505,733,1414,253,22,162,692,90,46,558,1022,0.257,0.329,0.399,0.728,85,2197,126,51,52,40,25
TBA,2001,28.1,162,6104,5524,672,1426,311,21,121,645,115,52,456,1116,0.258,0.32,0.388,0.707,88,2142,130,54,45,25,2
TBA,2002,27.1,161,6198,5604,673,1418,297,35,133,640,102,45,456,1115,0.253,0.314,0.39,0.704,89,2184,116,58,44,36,29
TBA,2003,26.3,162,6212,5654,715,1501,298,38,137,678,142,42,420,1030,0.265,0.32,0.404,0.724,94,2286,108,56,32,50,46
TBA,2004,28.2,161,6098,5483,714,1416,278,46,145,685,132,42,469,944,0.258,0.32,0.405,0.725,91,2221,97,55,35,56,33
TBA,2005,27.5,162,6120,5552,750,1519,289,40,157,717,151,49,412,990,0.274,0.329,0.425,0.754,101,2359,133,69,34,51,25
TBA,2006,27.3,162,6041,5474,689,1395,267,33,190,650,134,52,441,1106,0.255,0.314,0.42,0.733,89,2298,101,47,35,43,23
TBA,2007,26,162,6280,5593,782,1500,291,36,187,750,131,48,545,1324,0.268,0.336,0.433,0.769,103,2424,119,53,34,52,31
TBA,2008,27,162,6312,5541,774,1443,284,37,180,735,142,50,626,1224,0.26,0.34,0.422,0.762,101,2341,111,68,23,52,33
TBA,2009,27.9,162,6223,5462,803,1434,297,36,199,765,194,61,642,1229,0.263,0.343,0.439,0.782,106,2400,104,49,25,45,36
TBA,2010,27.6,162,6270,5439,802,1343,295,37,160,769,172,47,672,1292,0.247,0.333,0.403,0.736,105,2192,92,57,39,57,30
TBA,2011,28.3,162,6152,5436,707,1324,273,37,172,674,155,62,571,1193,0.244,0.322,0.402,0.724,104,2187,101,73,37,35,31
TBA,2012,29.8,162,6105,5398,697,1293,250,30,175,665,134,44,571,1323,0.24,0.317,0.394,0.711,99,2128,133,58,34,42,26
TBA,2013,29.5,163,6242,5538,700,1421,296,23,165,670,73,38,589,1171,0.257,0.329,0.408,0.737,106,2258,140,36,24,55,31
TBA,2014,29.3,162,6205,5516,612,1361,263,24,117,586,63,27,527,1124,0.247,0.317,0.367,0.684,96,2023,135,66,43,53,31
TBA,2015,28.6,162,6071,5485,644,1383,278,32,167,612,87,45,436,1310,0.252,0.314,0.406,0.72,100,2226,121,84,19,47,22
TBA,2016,27.8,162,6046,5481,672,1333,288,32,216,647,60,37,449,1482,0.243,0.307,0.426,0.733,100,2333,88,69,18,28,20
TBA,2017,28.4,162,6147,5478,694,1340,226,32,228,671,88,34,545,1538,0.245,0.317,0.422,0.739,99,2314,115,55,16,48,33
TBA,2018,27.1,162,6195,5475,716,1415,274,43,150,664,128,51,540,1388,0.258,0.333,0.406,0.74,105,2225,122,101,28,50,17
TBA,2019,27.3,162,6285,5628,769,1427,291,29,217,730,94,37,542,1493,0.254,0.325,0.431,0.757,102,2427,114,73,8,34,20
TBA,2020,27.2,60,2261,1975,289,470,105,12,80,274,48,9,243,608,0.238,0.328,0.425,0.753,111,839,38,28,0,14,9
TBA,2021,27.7,162,6213,5507,857,1336,288,36,222,810,88,42,585,1542,0.243,0.321,0.429,0.75,110,2362,75,72,6,41,27
TBA,2022,27.1,162,6008,5412,666,1294,296,17,139,634,95,37,500,1395,0.239,0.309,0.377,0.686,100,2041,93,57,7,31,13
TEX,2000,29.7,162,6364,5648,848,1601,330,35,173,806,69,47,580,922,0.283,0.352,0.446,0.798,100,2520,161,39,48,48,39
TEX,2001,30,162,6388,5685,890,1566,326,23,246,844,97,32,548,1093,0.275,0.344,0.471,0.815,109,2676,131,75,25,55,27
TEX,2002,29.1,162,6332,5618,843,1510,304,27,230,806,62,34,554,1055,0.269,0.338,0.455,0.794,104,2558,129,62,48,50,45
TEX,2003,28.5,162,6293,5664,826,1506,274,36,239,799,65,25,488,1052,0.266,0.33,0.454,0.784,96,2569,115,75,24,42,31
TEX,2004,27.7,162,6256,5615,860,1492,323,34,227,825,69,36,500,1099,0.266,0.329,0.457,0.786,96,2564,91,61,23,57,41
TEX,2005,28,162,6301,5716,865,1528,311,29,260,834,67,15,495,1112,0.267,0.329,0.468,0.798,105,2677,123,48,9,32,20
TEX,2006,28.4,162,6273,5659,835,1571,357,23,183,799,53,24,505,1061,0.278,0.338,0.446,0.784,101,2523,148,40,18,50,35
TEX,2007,29.5,162,6214,5555,816,1460,298,36,179,768,88,25,503,1224,0.263,0.328,0.426,0.754,97,2367,129,56,57,42,2
TEX,2008,27.8,162,6478,5728,901,1619,376,35,194,867,81,25,595,1207,0.283,0.354,0.462,0.816,114,2647,117,63,37,54,43
TEX,2009,27.9,162,6127,5526,784,1436,296,27,224,748,149,36,472,1253,0.26,0.32,0.445,0.764,95,2458,97,37,40,51,23
TEX,2010,28.4,162,6302,5635,787,1556,268,25,162,740,123,48,511,986,0.276,0.338,0.419,0.757,98,2360,129,45,53,54,37
TEX,2011,29.2,162,6261,5659,855,1599,310,32,210,807,143,45,475,930,0.283,0.34,0.46,0.8,110,2603,135,39,39,49,35
TEX,2012,29.9,162,6216,5590,808,1526,303,32,200,780,91,44,478,1103,0.273,0.334,0.446,0.78,105,2493,121,57,36,53,44
TEX,2013,29.7,163,6196,5585,730,1465,262,23,176,691,149,46,462,1067,0.262,0.323,0.412,0.735,100,2301,124,61,45,42,26
TEX,2014,28.5,162,6026,5460,637,1400,260,28,111,597,105,59,417,1162,0.256,0.314,0.375,0.689,92,2049,148,61,41,45,37
TEX,2015,28.8,162,6187,5511,751,1419,279,32,172,707,101,39,503,1233,0.257,0.325,0.413,0.739,98,2278,99,76,43,54,32
TEX,2016,28.6,162,6089,5525,765,1446,257,23,215,746,99,36,436,1220,0.262,0.322,0.433,0.755,96,2394,114,70,18,40,23
TEX,2017,28.5,162,6122,5430,799,1326,255,21,237,756,113,44,544,1493,0.244,0.32,0.43,0.75,91,2334,110,81,27,39,18
TEX,2018,27.6,162,6163,5453,737,1308,266,24,194,696,74,35,555,1484,0.24,0.318,0.404,0.722,89,2204,104,88,33,34,16
TEX,2019,28.9,162,6204,5540,810,1374,296,24,223,765,131,38,534,1578,0.248,0.319,0.431,0.75,88,2387,98,67,17,44,18
TEX,2020,27.5,60,2147,1936,224,420,80,9,62,204,49,14,167,548,0.217,0.285,0.364,0.648,78,704,33,24,2,18,3
TEX,2021,26.9,162,5943,5405,625,1254,225,24,167,598,106,29,433,1381,0.232,0.294,0.375,0.67,83,2028,113,58,16,31,10
TEX,2022,28.1,162,6029,5478,707,1308,224,20,198,670,128,41,456,1446,0.239,0.301,0.395,0.696,98,2166,82,47,10,38,12
TOR,2000,28.2,162,6326,5677,861,1562,328,21,244,826,89,34,526,1026,0.275,0.341,0.469,0.81,101,2664,130,60,29,34,32
TOR,2001,28.2,162,6284,5663,767,1489,287,36,195,728,156,55,470,1094,0.263,0.325,0.43,0.755,96,2433,111,74,34,43,47
TOR,2002,27.2,162,6230,5581,813,1457,305,38,187,771,71,18,522,1142,0.261,0.327,0.43,0.757,96,2399,130,53,17,57,30
TOR,2003,28.4,162,6364,5661,894,1580,357,33,190,853,37,25,546,1081,0.279,0.349,0.455,0.803,107,2573,146,90,11,56,40
TOR,2004,28,161,6178,5531,719,1438,290,34,145,680,58,31,513,1083,0.26,0.328,0.403,0.732,87,2231,139,71,20,42,25
TOR,2005,28,162,6233,5581,775,1480,307,39,136,735,72,35,486,955,0.265,0.331,0.407,0.738,94,2273,126,89,21,56,18
TOR,2006,28.6,162,6241,5596,809,1591,348,27,199,778,65,33,514,906,0.284,0.348,0.463,0.811,108,2590,166,63,16,52,31
TOR,2007,30.6,162,6197,5536,753,1434,344,24,165,719,57,22,533,1044,0.259,0.327,0.419,0.746,95,2321,127,47,33,48,32
TOR,2008,31.1,162,6191,5503,714,1453,303,32,126,681,80,27,521,938,0.264,0.331,0.399,0.731,96,2198,150,59,48,56,34
TOR,2009,30,162,6362,5696,798,1516,339,13,209,766,73,23,548,1028,0.266,0.333,0.44,0.773,102,2508,130,45,24,49,23
TOR,2010,29.3,162,6072,5495,755,1364,319,21,257,732,58,20,471,1164,0.248,0.312,0.454,0.766,105,2496,114,55,16,34,25
TOR,2011,28.3,162,6210,5559,743,1384,285,34,186,704,131,52,525,1184,0.249,0.317,0.413,0.73,96,2295,108,48,31,47,41
TOR,2012,27.8,162,6094,5487,716,1346,247,22,198,677,123,41,473,1251,0.245,0.309,0.407,0.716,94,2231,109,55,33,45,29
TOR,2013,29,162,6152,5537,712,1398,273,24,185,669,112,41,510,1123,0.252,0.318,0.411,0.729,99,2274,133,38,29,38,19
TOR,2014,29.4,162,6167,5549,723,1435,282,24,177,690,78,21,502,1151,0.259,0.323,0.414,0.736,108,2296,128,41,35,40,27
TOR,2015,29.7,162,6232,5509,891,1480,308,17,232,852,88,23,570,1151,0.269,0.34,0.457,0.797,115,2518,140,54,36,62,12
TOR,2016,30.2,162,6233,5479,759,1358,276,18,221,728,54,24,632,1362,0.248,0.33,0.426,0.755,101,2333,153,55,26,40,16
TOR,2017,31.1,162,6154,5499,693,1320,269,5,222,661,53,24,542,1327,0.24,0.312,0.412,0.724,91,2265,153,51,25,35,12
TOR,2018,29.1,162,6076,5477,709,1336,320,16,217,680,47,30,499,1387,0.244,0.312,0.427,0.739,102,2339,118,58,5,37,15
TOR,2019,26,162,6091,5493,726,1299,270,21,247,697,51,20,509,1514,0.236,0.305,0.428,0.733,94,2352,107,45,14,28,10
TOR,2020,25.9,60,2263,2023,302,516,104,4,88,288,33,6,203,508,0.255,0.325,0.441,0.766,108,892,39,12,8,14,4
TOR,2021,26.8,162,6070,5476,846,1455,285,13,262,816,81,20,496,1218,0.266,0.33,0.466,0.797,113,2552,112,51,10,35,14
TOR,2022,27.1,162,6259,5555,775,1464,307,12,200,756,67,35,500,1242,0.264,0.329,0.431,0.76,116,2395,136,55,8,33,13
WAS,2000,26.2,162,6153,5535,738,1475,310,35,178,705,58,48,476,1048,0.266,0.326,0.432,0.758,87,2389,111,29,78,34,53
WAS,2001,27.5,162,6026,5379,670,1361,320,28,131,622,101,51,478,1071,0.253,0.319,0.396,0.715,83,2130,151,60,64,45,59
WAS,2002,28.2,162,6250,5479,735,1432,300,36,162,695,118,64,575,1104,0.261,0.334,0.418,0.752,95,2290,123,46,108,42,85
WAS,2003,27.8,162,6116,5437,711,1404,294,25,144,682,100,39,522,990,0.258,0.326,0.401,0.727,85,2180,143,45,72,40,58
WAS,2004,27.7,162,6138,5474,635,1361,276,27,151,605,109,38,496,925,0.249,0.313,0.392,0.705,79,2144,115,35,100,33,51
WAS,2005,29.4,162,6142,5426,639,1367,311,32,117,615,45,45,491,1090,0.252,0.322,0.386,0.708,89,2093,130,89,91,45,55
WAS,2006,28.5,162,6283,5495,746,1437,322,22,164,695,123,62,594,1156,0.262,0.338,0.418,0.756,98,2295,118,69,76,49,66
WAS,2007,27.9,162,6201,5520,673,1415,309,31,123,646,69,23,524,1128,0.256,0.325,0.39,0.715,89,2155,143,53,63,41,38
WAS,2008,27.7,161,6192,5491,641,1376,269,26,117,608,81,43,534,1095,0.251,0.323,0.373,0.696,84,2048,153,67,64,36,21
WAS,2009,28.3,162,6273,5493,710,1416,271,38,156,685,73,40,617,1208,0.258,0.337,0.406,0.743,96,2231,133,56,64,42,39
WAS,2010,29.2,162,6100,5418,655,1355,250,31,149,634,110,41,503,1220,0.25,0.318,0.39,0.708,91,2114,125,60,71,47,36
WAS,2011,28.5,161,6090,5441,624,1319,257,22,154,594,106,38,470,1323,0.242,0.309,0.383,0.691,89,2082,103,65,82,32,40
WAS,2012,27.2,162,6221,5615,731,1468,301,25,194,688,105,35,479,1325,0.261,0.322,0.428,0.75,101,2401,110,41,50,36,43
WAS,2013,27.8,162,6047,5436,656,1365,259,27,161,621,88,28,464,1192,0.251,0.313,0.398,0.71,94,2161,115,40,68,39,35
WAS,2014,28.8,162,6216,5542,686,1403,265,27,152,635,101,23,517,1304,0.253,0.321,0.393,0.714,96,2178,115,56,60,41,29
WAS,2015,28.4,162,6117,5428,703,1363,265,13,177,665,57,23,539,1344,0.251,0.321,0.403,0.724,96,2185,129,44,55,51,38
WAS,2016,28.8,162,6201,5490,763,1403,268,29,203,735,121,39,536,1252,0.256,0.326,0.426,0.751,96,2338,102,64,48,63,49
WAS,2017,29.1,162,6214,5553,819,1477,311,31,215,796,108,30,542,1327,0.266,0.332,0.449,0.782,99,2495,116,31,43,45,56
WAS,2018,27.4,162,6288,5517,771,1402,284,25,191,737,119,33,631,1289,0.254,0.335,0.419,0.753,98,2309,104,59,41,40,56
WAS,2019,28.6,162,6267,5512,873,1460,298,27,231,824,116,29,584,1308,0.265,0.342,0.454,0.796,104,2505,117,81,48,42,33
WAS,2020,28.6,60,2218,1968,293,519,112,12,66,279,33,12,192,451,0.264,0.336,0.433,0.769,107,853,42,32,5,21,16
WAS,2021,28.5,162,6113,5385,724,1388,272,20,182,686,56,26,573,1303,0.258,0.337,0.417,0.754,107,2246,158,84,38,31,43
WAS,2022,28.8,162,5998,5434,603,1351,252,20,136,579,75,31,442,1221,0.249,0.31,0.377,0.688,99,2051,141,60,20,37,12