HomeTeam,full,location,city,state
ARI,Arizona Diamondbacks,"Phoenix, Arizona",Phoenix,Arizona
ATL,Atlanta Braves,"Atlanta, Georgia",Atlanta,Georgia
BAL,Baltimore Orioles,"Baltimore, Maryland",Baltimore,Maryland
BOS,Boston Red Sox,"Boston, Massachusetts",Boston,Massachusetts
CHC,Chicago Cubs,"Chicago, Illinois",Chicago,Illinois
CWS,Chicago White Sox,"Chicago, Illinois",Chicago,Illinois
CIN,Cincinnati Reds,"Cincinnati, Ohio",Cincinnati,Ohio
CLE,Cleveland Indians,"Cleveland, Ohio",Cleveland,Ohio
COL,Colorado Rockies,"Denver, Colorado",Denver,Colorado
DET,Detroit Tigers,"Detroit, Michigan",Detroit,Michigan
HOU,Houston Astros,"Houston, Texas",Houston,Texas
KC,Kansas City Royals,"Kansas City, Missouri",Kansas City,Missouri
LAA,Los Angeles Angels,"Anaheim, California",Anaheim,California
LAD,Los Angeles Dodgers,"Los Angeles, California",Los Angeles,California
MIA,Miami Marlins,"Miami, Florida",Miami,Florida
MIL,Milwaukee Brewers,"Milwaukee, Wisconsin",Milwaukee,Wisconsin
MIN,Minnesota Twins,"Minneapolis, Minnesota",Minneapolis,Minnesota
NYM,New York Mets,"New York City, New York",New York City,New York
NYY,New York Yankees,"New York City, New York",New York City,New York
OAK,Oakland Athletics,"Oakland, California",Oakland,California
PHI,Philadelphia Phillies,"Philadelphia, Pennsylvania",Philadelphia,Pennsylvania
PIT,Pittsburgh Pirates,"Pittsburgh, Pennsylvania",Pittsburgh,Pennsylvania
SD,San Diego Padres,"San Diego, California",San Diego,California
SF,San Francisco Giants,"San Francisco, California",San Francisco,California
SEA,Seattle Mariners,"Seattle, Washington",Seattle,Washington
STL,St. Louis Cardinals,"St. Louis, Missouri",St. Louis,Missouri
TB,Tampa Bay Rays,"St. Petersburg, Florida",St. Petersburg,Florida
TEX,Texas Rangers,"Arlington, Texas",Arlington,Texas
TOR,Toronto Blue Jays,"Toronto, Canada",Toronto,Canada
WSH,Washington Nationals,"Washington, D.C.","Washington, D.C.","Washington, D.C."
