city,team,state
Atlanta,Atlanta Falcons,Georgia
Baltimore,Baltimore Ravens,Maryland
Boston,New England Patriots,Massachusetts
Chicago,Chicago Bears,Illinois
Cincinnati,Cincinnati Bengals,Ohio
Cleveland,Cleveland Browns,Ohio
Arlington,Dallas Cowboys,Texas
Denver,Denver Broncos,Colorado
Detroit,Detroit Lions,Michigan
Houston,Houston Texans,Texas
Kansas City,Kansas City Chiefs,Missouri
Los Angeles,Los Angeles Chargers,California
Los Angeles,Los Angeles Rams,California
Miami,Miami Dolphins,Florida
Minneapolis,Minnesota Vikings,Minnesota
New York City,New York Giants,New York
New York City,New York Jets,New York
Philadelphia,Philadelphia Eagles,Pennsylvania
Pittsburgh,Pittsburgh Steelers,Pennsylvania
Phoenix,Arizona Cardinals,Arizona
Santa Clara,San Francisco 49ers,California
Seattle,Seattle Seahawks,Washington
Tampa,Tampa Bay Buccaneers,Florida
"Washington, D.C.",Washington Football Team,Maryland
